,date,game_key,뷰캐넌,홍원표,황동재,허윤동,이승민,이승현,김대우,임현준,노성호,이재익,이수민,구준범,홍정우,박세웅,최충연,임대한,최지광,장지훈,김시현,김윤수,양창섭,최채흥,김용하,라이블리,원태인,우규민,윤성환,오승환,백정현,장필준,정인욱,권오준
0,2020-05-05,20200505NCSS0,"[0, 0, 0, 0, 0, 0]","[0, 0, 0, 0, 0, 0]","[0, 0, 0, 0, 0, 0]","[0, 0, 0, 0, 0, 0]","[0, 0, 0, 0, 0, 0]","[0, 1, 0, 0, 0, 0]","[0, 0, 0, 0, 0, 0]","[0, 0, 0, 0, 0, 0]","[0, 0, 0, 0, 0, 0]","[0, 0, 0, 0, 0, 0]","[0, 0, 0, 0, 0, 0]","[0, 0, 0, 0, 0, 0]","[0, 0, 0, 0, 0, 0]","[0, 0, 0, 0, 0, 0]","[0, 0, 0, 0, 0, 0]","[0, 0, 0, 0, 0, 0]","[0, 0, 0, 0, 0, 0]","[0, 0, 0, 0, 0, 0]","[0, 0, 0, 0, 0, 0]","[0, 0, 0, 0, 0, 0]","[0, 0, 0, 0, 0, 0]","[0, 0, 0, 0, 0, 0]","[0, 0, 0, 0, 0, 0]","[0, 0, 0, 0, 0, 0]","[0, 1, 0, 0, 0, 0]","[0, 0, 0, 0, 0, 0]","[0, 0, 0, 0, 0, 0]","[0, 0, 0, 0, 0, 0]","[1, 0, 0, 0, 0, 0]","[0, 1, 0, 0, 0, 0]","[0, 0, 0, 0, 0, 0]","[0, 0, 0, 0, 0, 0]"
1,2020-05-06,20200506NCSS0,"[0, 0, 0, 0, 0, 0]","[0, 0, 0, 0, 0, 0]","[0, 0, 0, 0, 0, 0]","[0, 0, 0, 0, 0, 0]","[0, 0, 0, 0, 0, 0]","[0, 0, 0, 0, 0, 0]","[0, 0, 0, 0, 0, 0]","[0, 1, 0, 0, 0, 0]","[0, 1, 0, 0, 0, 0]","[0, 0, 0, 0, 0, 0]","[0, 0, 0, 0, 0, 0]","[0, 0, 0, 0, 0, 0]","[0, 0, 0, 0, 0, 0]","[0, 0, 0, 0, 0, 0]","[0, 0, 0, 0, 0, 0]","[0, 0, 0, 0, 0, 0]","[0, 1, 0, 0, 0, 0]","[0, 0, 0, 0, 0, 0]","[0, 0, 0, 0, 0, 0]","[0, 0, 0, 0, 0, 0]","[0, 0, 0, 0, 0, 0]","[0, 0, 0, 0, 0, 0]","[0, 0, 0, 0, 0, 0]","[1, 0, 0, 0, 0, 0]","[0, 0, 0, 0, 0, 0]","[0, 0, 0, 0, 0, 0]","[0, 0, 0, 0, 0, 0]","[0, 0, 0, 0, 0, 0]","[0, 0, 0, 0, 0, 0]","[0, 0, 0, 0, 0, 0]","[0, 0, 0, 0, 0, 0]","[0, 0, 0, 0, 0, 0]"
2,2020-05-07,20200507NCSS0,"[1, 0, 0, 0, 0, 0]","[0, 0, 0, 0, 0, 0]","[0, 0, 0, 0, 0, 0]","[0, 0, 0, 0, 0, 0]","[0, 0, 0, 0, 0, 0]","[0, 0, 0, 0, 0, 0]","[0, 1, 0, 0, 0, 0]","[0, 0, 0, 0, 0, 0]","[0, 0, 0, 0, 0, 0]","[0, 0, 0, 0, 0, 0]","[0, 0, 0, 0, 0, 0]","[0, 0, 0, 0, 0, 0]","[0, 1, 0, 0, 0, 0]","[0, 0, 0, 0, 0, 0]","[0, 0, 0, 0, 0, 0]","[0, 0, 0, 0, 0, 0]","[0, 0, 0, 0, 0, 0]","[0, 0, 0, 0, 0, 0]","[0, 0, 0, 0, 0, 0]","[0, 0, 0, 0, 0, 0]","[0, 0, 0, 0, 0, 0]","[0, 0, 0, 0, 0, 0]","[0, 0, 0, 0, 0, 0]","[0, 0, 0, 0, 0, 0]","[0, 0, 0, 0, 0, 0]","[0, 0, 0, 0, 0, 0]","[0, 0, 0, 0, 0, 0]","[0, 0, 0, 0, 0, 0]","[0, 0, 0, 0, 0, 0]","[0, 1, 0.0, 1.0, 1.0, 1.0]","[0, 0, 0, 0, 0, 0]","[0, 0, 0, 0, 0, 0]"
3,2020-05-08,20200508HTSS0,"[0, 0, 0, 0, 0, 0]","[0, 0, 0, 0, 0, 0]","[0, 0, 0, 0, 0, 0]","[0, 0, 0, 0, 0, 0]","[0, 0, 0, 0, 0, 0]","[0, 1, 0.0, 0.0, 2, 1.0]","[0, 0, 0, 0, 0, 0]","[0, 1, 0.0, 0.0, 1, 1.0]","[0, 0, 0, 0, 0, 0]","[0, 0, 0, 0, 0, 0]","[0, 0, 0, 0, 0, 0]","[0, 0, 0, 0, 0, 0]","[0, 0, 0, 0, 0, 0]","[0, 0, 0, 0, 0, 0]","[0, 0, 0, 0, 0, 0]","[0, 0, 0, 0, 0, 0]","[0, 1, 0.0, 2.0, 0.0, 1.0]","[0, 0, 0, 0, 0, 0]","[0, 0, 0, 0, 0, 0]","[0, 0, 0, 0, 0, 0]","[0, 0, 0, 0, 0, 0]","[1, 0, 0, 0, 0, 0]","[0, 0, 0, 0, 0, 0]","[0, 0, 0, 0, 0, 0]","[0, 0, 0, 0, 0, 0]","[0, 1, 0, 0, 0, 0]","[0, 0, 0, 0, 0, 0]","[0, 0, 0, 0, 0, 0]","[0, 0, 0, 0, 0, 0]","[0, 1, 0.0, 0.5, 1.0, 1.0]","[0, 0, 0, 0, 0, 0]","[0, 0, 0, 0, 0, 0]"
4,2020-05-09,20200509HTSS0,"[0, 0, 0, 0, 0, 0]","[0, 0, 0, 0, 0, 0]","[0, 0, 0, 0, 0, 0]","[0, 0, 0, 0, 0, 0]","[0, 0, 0, 0, 0, 0]","[0, 0, 0.0, 0.0, 2, 1.0]","[0, 1, 0.0, 3.0, 0.3333333333333333, 1.0]","[0, 0, 0.0, 0.0, 1, 1.0]","[0, 1, 0.0, 3.0, 1.0, 1.0]","[0, 0, 0, 0, 0, 0]","[0, 0, 0, 0, 0, 0]","[0, 0, 0, 0, 0, 0]","[0, 1, 18.0, 4.0, 3.0, 1.0]","[0, 0, 0, 0, 0, 0]","[0, 0, 0, 0, 0, 0]","[0, 0, 0, 0, 0, 0]","[0, 1, 0.0, 2.5, 0.3333333333333333, 1.0]","[0, 0, 0, 0, 0, 0]","[0, 0, 0, 0, 0, 0]","[0, 0, 0, 0, 0, 0]","[0, 0, 0, 0, 0, 0]","[0, 0, 0, 0, 0, 0]","[0, 0, 0, 0, 0, 0]","[0, 0, 0, 0, 0, 0]","[1, 0, 0.0, 1.0, 1, 1.0]","[0, 0, 0, 0, 0, 0]","[0, 0, 0, 0, 0, 0]","[0, 0, 0, 0, 0, 0]","[0, 0, 0, 0, 0, 0]","[0, 0, 0.0, 0.5, 1.0, 1.0]","[0, 0, 0, 0, 0, 0]","[0, 0, 0, 0, 0, 0]"
5,2020-05-10,20200510HTSS0,"[0, 0, 0, 0, 0, 0]","[0, 0, 0, 0, 0, 0]","[0, 0, 0, 0, 0, 0]","[0, 0, 0, 0, 0, 0]","[0, 0, 0, 0, 0, 0]","[0, 0, 0.0, 0.0, 2, 1.0]","[0, 1, 0.0, 1.5, 0.3333333333333333, 1.0]","[0, 1, 0.0, 1.0, 1, 0.5]","[0, 1, 0.0, 2.0, 0.5, 1.0]","[0, 0, 0, 0, 0, 0]","[0, 0, 0, 0, 0, 0]","[0, 0, 0, 0, 0, 0]","[0, 1, 9.0, 2.0, 5.0, 1.0]","[0, 0, 0, 0, 0, 0]","[0, 0, 0, 0, 0, 0]","[0, 0, 0, 0, 0, 0]","[0, 0, 0.0, 2.5, 0.3333333333333333, 1.0]","[0, 0, 0, 0, 0, 0]","[0, 0, 0, 0, 0, 0]","[0, 0, 0, 0, 0, 0]","[0, 0, 0, 0, 0, 0]","[0, 0, 0, 0, 0, 0]","[0, 0, 0, 0, 0, 0]","[0, 0, 0, 0, 0, 0]","[0, 0, 0.0, 1.0, 1, 1.0]","[0, 0, 0, 0, 0, 0]","[0, 0, 0, 0, 0, 0]","[0, 0, 0, 0, 0, 0]","[1, 0, 6.0, 1.1666666666666667, 5.0, 6.0]","[0, 1, 0.0, 0.3333333333333333, 2.0, 1.0]","[0, 0, 0, 0, 0, 0]","[0, 0, 0, 0, 0, 0]"
6,2020-05-12,20200512SSWO0,"[0, 0, 0, 0, 0, 0]","[0, 0, 0, 0, 0, 0]","[0, 0, 0, 0, 0, 0]","[0, 0, 0, 0, 0, 0]","[0, 0, 0, 0, 0, 0]","[0, 1, 0.0, 0.0, 3, 1.0]","[0, 0, 0.0, 1.5, 0.3333333333333333, 1.0]","[0, 1, 0.0, 1.7999999999999998, 1.0, 0.5555555555555556]","[0, 0, 0.0, 2.0, 0.5, 1.0]","[0, 0, 0, 0, 0, 0]","[0, 0, 0, 0, 0, 0]","[0, 0, 0, 0, 0, 0]","[0, 0, 9.0, 2.0, 5.0, 1.0]","[0, 0, 0, 0, 0, 0]","[0, 0, 0, 0, 0, 0]","[0, 0, 0, 0, 0, 0]","[0, 1, 0.0, 2.0, 0.3333333333333333, 1.0]","[0, 0, 0, 0, 0, 0]","[0, 0, 0, 0, 0, 0]","[0, 0, 0, 0, 0, 0]","[0, 0, 0, 0, 0, 0]","[0, 0, 0, 0, 0, 0]","[0, 0, 0, 0, 0, 0]","[1, 0, 6.0, 1.5, 2.0, 6.0]","[0, 0, 0.0, 1.0, 1, 1.0]","[0, 0, 0, 0, 0, 0]","[0, 0, 0, 0, 0, 0]","[0, 0, 0, 0, 0, 0]","[0, 0, 6.0, 1.1666666666666667, 5.0, 6.0]","[0, 0, 0.0, 0.3333333333333333, 2.0, 1.0]","[0, 0, 0, 0, 0, 0]","[0, 0, 0, 0, 0, 0]"
7,2020-05-13,20200513SSWO0,"[1, 0, 7.5, 1.1666666666666667, 2.0, 6.0]","[0, 0, 0, 0, 0, 0]","[0, 0, 0, 0, 0, 0]","[0, 0, 0, 0, 0, 0]","[0, 0, 0, 0, 0, 0]","[0, 0, 0.0, 0.0, 3, 1.0]","[0, 0, 0.0, 1.5, 0.3333333333333333, 1.0]","[0, 0, 0.0, 1.7999999999999998, 1.0, 0.5555555555555556]","[0, 0, 0.0, 2.0, 0.5, 1.0]","[0, 0, 0, 0, 0, 0]","[0, 0, 0, 0, 0, 0]","[0, 0, 0, 0, 0, 0]","[0, 0, 9.0, 2.0, 5.0, 1.0]","[0, 0, 0, 0, 0, 0]","[0, 0, 0, 0, 0, 0]","[0, 0, 0, 0, 0, 0]","[0, 1, 0.0, 1.6363636363636365, 0.3333333333333333, 0.9166666666666666]","[0, 0, 0, 0, 0, 0]","[0, 0, 0, 0, 0, 0]","[0, 0, 0, 0, 0, 0]","[0, 0, 0, 0, 0, 0]","[0, 0, 0, 0, 0, 0]","[0, 0, 0, 0, 0, 0]","[0, 0, 6.0, 1.5, 2.0, 6.0]","[0, 0, 0.0, 1.0, 1, 1.0]","[0, 1, 0.0, 1.0, 1, 1.0]","[0, 0, 0, 0, 0, 0]","[0, 0, 0, 0, 0, 0]","[0, 0, 6.0, 1.1666666666666667, 5.0, 6.0]","[0, 0, 0.0, 0.3333333333333333, 2.0, 1.0]","[0, 0, 0, 0, 0, 0]","[0, 0, 0, 0, 0, 0]"
8,2020-05-14,20200514SSWO0,"[0, 0, 7.5, 1.1666666666666667, 2.0, 6.0]","[0, 0, 0, 0, 0, 0]","[0, 0, 0, 0, 0, 0]","[0, 0, 0, 0, 0, 0]","[0, 0, 0, 0, 0, 0]","[0, 1, 0.0, 0.6666666666666666, 3.0, 1.0]","[0, 0, 0.0, 1.5, 0.3333333333333333, 1.0]","[0, 0, 0.0, 1.7999999999999998, 1.0, 0.5555555555555556]","[0, 1, 0.0, 1.7142857142857142, 0.5, 0.7777777777777778]","[0, 0, 0, 0, 0, 0]","[0, 0, 0, 0, 0, 0]","[0, 0, 0, 0, 0, 0]","[0, 0, 9.0, 2.0, 5.0, 1.0]","[0, 0, 0, 0, 0, 0]","[0, 0, 0, 0, 0, 0]","[0, 0, 0, 0, 0, 0]","[0, 0, 0.0, 1.6363636363636365, 0.3333333333333333, 0.9166666666666666]","[0, 0, 0, 0, 0, 0]","[0, 0, 0, 0, 0, 0]","[0, 0, 0, 0, 0, 0]","[0, 0, 0, 0, 0, 0]","[1, 0, 0.0, 1.2, 1.0, 5.0]","[0, 0, 0, 0, 0, 0]","[0, 0, 6.0, 1.5, 2.0, 6.0]","[0, 0, 0.0, 1.0, 1, 1.0]","[0, 1, 0.0, 0.5, 2, 1.0]","[0, 0, 0, 0, 0, 0]","[0, 0, 0, 0, 0, 0]","[0, 0, 6.0, 1.1666666666666667, 5.0, 6.0]","[0, 0, 0.0, 0.3333333333333333, 2.0, 1.0]","[0, 0, 0, 0, 0, 0]","[0, 0, 0, 0, 0, 0]"
9,2020-05-15,20200515SSKT0,"[0, 0, 7.5, 1.1666666666666667, 2.0, 6.0]","[0, 0, 0, 0, 0, 0]","[0, 0, 0, 0, 0, 0]","[0, 0, 0, 0, 0, 0]","[0, 0, 0, 0, 0, 0]","[0, 0, 0.0, 0.6666666666666666, 3.0, 1.0]","[0, 0, 0.0, 1.5, 0.3333333333333333, 1.0]","[0, 1, 0.0, 2.5, 1.0, 0.5]","[0, 0, 0.0, 1.7142857142857142, 0.5, 0.7777777777777778]","[0, 0, 0, 0, 0, 0]","[0, 0, 0, 0, 0, 0]","[0, 0, 0, 0, 0, 0]","[0, 0, 9.0, 2.0, 5.0, 1.0]","[0, 0, 0, 0, 0, 0]","[0, 0, 0, 0, 0, 0]","[0, 0, 0, 0, 0, 0]","[0, 0, 0.0, 1.6363636363636365, 0.3333333333333333, 0.9166666666666666]","[0, 0, 0, 0, 0, 0]","[0, 0, 0, 0, 0, 0]","[0, 1, 0, 0, 0, 0]","[0, 0, 0, 0, 0, 0]","[0, 0, 0.0, 1.2, 1.0, 5.0]","[0, 0, 0, 0, 0, 0]","[0, 0, 6.0, 1.5, 2.0, 6.0]","[1, 0, 3.0, 1.6666666666666667, 1.0, 3.0]","[0, 0, 0.0, 0.5, 2, 1.0]","[0, 0, 0, 0, 0, 0]","[0, 0, 0, 0, 0, 0]","[0, 0, 6.0, 1.1666666666666667, 5.0, 6.0]","[0, 1, 0.0, 0.42857142857142855, 1.5, 1.1666666666666667]","[0, 0, 0, 0, 0, 0]","[0, 1, 0, 0, 0, 0]"
10,2020-05-16,20200516SSKT0,"[0, 0, 7.5, 1.1666666666666667, 2.0, 6.0]","[0, 0, 0, 0, 0, 0]","[0, 0, 0, 0, 0, 0]","[0, 0, 0, 0, 0, 0]","[0, 0, 0, 0, 0, 0]","[0, 0, 0.0, 0.6666666666666666, 3.0, 1.0]","[0, 1, 2.7, 1.5, 0.5, 1.1111111111111112]","[0, 0, 0.0, 2.5, 1.0, 0.5]","[0, 0, 0.0, 1.7142857142857142, 0.5, 0.7777777777777778]","[0, 0, 0, 0, 0, 0]","[0, 0, 0, 0, 0, 0]","[0, 0, 0, 0, 0, 0]","[0, 0, 9.0, 2.0, 5.0, 1.0]","[0, 0, 0, 0, 0, 0]","[0, 0, 0, 0, 0, 0]","[0, 0, 0, 0, 0, 0]","[0, 0, 0.0, 1.6363636363636365, 0.3333333333333333, 0.9166666666666666]","[0, 1, 0, 0, 0, 0]","[0, 0, 0, 0, 0, 0]","[0, 1, 0.0, 1.2, 0, 1.6666666666666667]","[0, 0, 0, 0, 0, 0]","[0, 0, 0.0, 1.2, 1.0, 5.0]","[0, 0, 0, 0, 0, 0]","[0, 0, 6.0, 1.5, 2.0, 6.0]","[0, 0, 3.0, 1.6666666666666667, 1.0, 3.0]","[0, 0, 0.0, 0.5, 2, 1.0]","[1, 0, 0, 0, 0, 0]","[0, 0, 0, 0, 0, 0]","[0, 0, 6.0, 1.1666666666666667, 5.0, 6.0]","[0, 0, 0.0, 0.42857142857142855, 1.5, 1.1666666666666667]","[0, 0, 0, 0, 0, 0]","[0, 0, 0, 0, 0, 0]"
11,2020-05-17,20200517SSKT0,"[0, 0, 7.5, 1.1666666666666667, 2.0, 6.0]","[0, 0, 0, 0, 0, 0]","[0, 0, 0, 0, 0, 0]","[0, 0, 0, 0, 0, 0]","[0, 0, 0, 0, 0, 0]","[0, 1, 0.0, 0.5, 4.0, 1.0]","[0, 0, 2.7, 1.5, 0.5, 1.1111111111111112]","[0, 1, 0.0, 2.142857142857143, 1.0, 0.4666666666666667]","[0, 1, 0.0, 1.5, 0.5, 0.8333333333333334]","[0, 0, 0, 0, 0, 0]","[0, 0, 0, 0, 0, 0]","[0, 0, 0, 0, 0, 0]","[0, 0, 9.0, 2.0, 5.0, 1.0]","[0, 0, 0, 0, 0, 0]","[0, 0, 0, 0, 0, 0]","[0, 0, 0, 0, 0, 0]","[0, 1, 0.0, 1.5, 1.0, 0.9333333333333333]","[0, 0, 0, 0, 0, 0]","[0, 0, 0, 0, 0, 0]","[0, 0, 0.0, 1.2, 0, 1.6666666666666667]","[0, 0, 0, 0, 0, 0]","[0, 0, 0.0, 1.2, 1.0, 5.0]","[0, 0, 0, 0, 0, 0]","[1, 0, 4.5, 1.1666666666666667, 2.5, 6.0]","[0, 0, 3.0, 1.6666666666666667, 1.0, 3.0]","[0, 0, 0.0, 0.5, 2, 1.0]","[0, 0, 0, 0, 0, 0]","[0, 0, 0, 0, 0, 0]","[0, 0, 6.0, 1.1666666666666667, 5.0, 6.0]","[0, 0, 0.0, 0.42857142857142855, 1.5, 1.1666666666666667]","[0, 0, 0, 0, 0, 0]","[0, 1, 13.5, 3.0, 0, 0.6666666666666666]"
12,2020-05-19,20200519LGSS0,"[1, 0, 3.4615384615384612, 0.7692307692307693, 5.0, 6.5]","[0, 0, 0, 0, 0, 0]","[0, 0, 0, 0, 0, 0]","[0, 0, 0, 0, 0, 0]","[0, 0, 0, 0, 0, 0]","[0, 1, 3.176470588235294, 1.0588235294117647, 2.0, 1.1333333333333333]","[0, 1, 4.5, 1.6666666666666667, 0.5, 1.5]","[0, 0, 0.0, 2.142857142857143, 1.0, 0.4666666666666667]","[0, 0, 0.0, 1.5, 0.5, 0.8333333333333334]","[0, 0, 0, 0, 0, 0]","[0, 0, 0, 0, 0, 0]","[0, 0, 0, 0, 0, 0]","[0, 0, 9.0, 2.0, 5.0, 1.0]","[0, 0, 0, 0, 0, 0]","[0, 0, 0, 0, 0, 0]","[0, 0, 0, 0, 0, 0]","[0, 0, 0.0, 1.5, 1.0, 0.9333333333333333]","[0, 1, 4.5, 1.5, 1.0, 2.0]","[0, 0, 0, 0, 0, 0]","[0, 1, 0.0, 1.6666666666666667, 0, 1.5]","[0, 0, 0, 0, 0, 0]","[0, 0, 0.0, 1.2, 1.0, 5.0]","[0, 0, 0, 0, 0, 0]","[0, 0, 4.5, 1.1666666666666667, 2.5, 6.0]","[0, 0, 3.0, 1.6666666666666667, 1.0, 3.0]","[0, 0, 0.0, 0.5, 2, 1.0]","[0, 0, 0, 0, 0, 0]","[0, 0, 0, 0, 0, 0]","[0, 0, 6.0, 1.1666666666666667, 5.0, 6.0]","[0, 0, 0.0, 0.42857142857142855, 1.5, 1.1666666666666667]","[0, 0, 0, 0, 0, 0]","[0, 0, 13.5, 3.0, 0, 0.6666666666666666]"
13,2020-05-20,20200520LGSS0,"[0, 0, 3.4615384615384612, 0.7692307692307693, 5.0, 6.5]","[0, 0, 0, 0, 0, 0]","[0, 0, 0, 0, 0, 0]","[0, 0, 0, 0, 0, 0]","[0, 0, 0, 0, 0, 0]","[0, 1, 2.7, 1.05, 2.0, 1.1111111111111112]","[0, 0, 4.5, 1.6666666666666667, 0.5, 1.5]","[0, 0, 0.0, 2.142857142857143, 1.0, 0.4666666666666667]","[0, 1, 1.9285714285714284, 2.142857142857143, 0.3333333333333333, 0.9333333333333333]","[0, 0, 0, 0, 0, 0]","[0, 0, 0, 0, 0, 0]","[0, 0, 0, 0, 0, 0]","[0, 0, 9.0, 2.0, 5.0, 1.0]","[0, 0, 0, 0, 0, 0]","[0, 0, 0, 0, 0, 0]","[0, 0, 0, 0, 0, 0]","[0, 1, 0.0, 1.2352941176470587, 1.0, 0.9444444444444445]","[0, 0, 4.5, 1.5, 1.0, 2.0]","[0, 0, 0, 0, 0, 0]","[0, 0, 0.0, 1.6666666666666667, 0, 1.5]","[0, 0, 0, 0, 0, 0]","[1, 0, 3.272727272727273, 1.2727272727272727, 1.7142857142857142, 5.5]","[0, 0, 0, 0, 0, 0]","[0, 0, 4.5, 1.1666666666666667, 2.5, 6.0]","[0, 0, 3.0, 1.6666666666666667, 1.0, 3.0]","[0, 1, 3.0, 0.6666666666666666, 2, 1.0]","[0, 0, 0, 0, 0, 0]","[0, 0, 0, 0, 0, 0]","[0, 0, 6.0, 1.1666666666666667, 5.0, 6.0]","[0, 0, 0.0, 0.42857142857142855, 1.5, 1.1666666666666667]","[0, 0, 0, 0, 0, 0]","[0, 0, 13.5, 3.0, 0, 0.6666666666666666]"
14,2020-05-21,20200521LGSS0,"[0, 0, 3.4615384615384612, 0.7692307692307693, 5.0, 6.5]","[0, 0, 0, 0, 0, 0]","[0, 0, 0, 0, 0, 0]","[0, 0, 0, 0, 0, 0]","[0, 0, 0, 0, 0, 0]","[0, 0, 2.7, 1.05, 2.0, 1.1111111111111112]","[0, 0, 4.5, 1.6666666666666667, 0.5, 1.5]","[0, 1, 0.0, 1.5, 2.0, 0.5555555555555556]","[0, 0, 1.9285714285714284, 2.142857142857143, 0.3333333333333333, 0.9333333333333333]","[0, 0, 0, 0, 0, 0]","[0, 0, 0, 0, 0, 0]","[0, 0, 0, 0, 0, 0]","[0, 0, 9.0, 2.0, 5.0, 1.0]","[0, 0, 0, 0, 0, 0]","[0, 0, 0, 0, 0, 0]","[0, 0, 0, 0, 0, 0]","[0, 0, 0.0, 1.2352941176470587, 1.0, 0.9444444444444445]","[0, 1, 3.0, 1.0, 2.0, 1.5]","[0, 0, 0, 0, 0, 0]","[0, 1, 0.0, 1.5, 1, 1.3333333333333333]","[0, 0, 0, 0, 0, 0]","[0, 0, 3.272727272727273, 1.2727272727272727, 1.7142857142857142, 5.5]","[0, 0, 0, 0, 0, 0]","[0, 0, 4.5, 1.1666666666666667, 2.5, 6.0]","[1, 0, 5.7272727272727275, 1.8181818181818181, 1.0, 3.6666666666666665]","[0, 0, 3.0, 0.6666666666666666, 2, 1.0]","[0, 0, 0, 0, 0, 0]","[0, 0, 0, 0, 0, 0]","[0, 0, 6.0, 1.1666666666666667, 5.0, 6.0]","[0, 0, 0.0, 0.42857142857142855, 1.5, 1.1666666666666667]","[0, 0, 0, 0, 0, 0]","[0, 0, 13.5, 3.0, 0, 0.6666666666666666]"
15,2020-05-22,20200522OBSS0,"[0, 0, 3.4615384615384612, 0.7692307692307693, 5.0, 6.5]","[0, 0, 0, 0, 0, 0]","[0, 0, 0, 0, 0, 0]","[0, 0, 0, 0, 0, 0]","[0, 0, 0, 0, 0, 0]","[0, 1, 2.4545454545454546, 1.090909090909091, 1.6, 1.0476190476190477]","[0, 0, 4.5, 1.6666666666666667, 0.5, 1.5]","[0, 1, 0.0, 1.3636363636363638, 2.0, 0.5238095238095238]","[0, 1, 1.9285714285714284, 2.357142857142857, 0.3333333333333333, 0.7777777777777778]","[0, 0, 0, 0, 0, 0]","[0, 0, 0, 0, 0, 0]","[0, 0, 0, 0, 0, 0]","[0, 0, 9.0, 2.0, 5.0, 1.0]","[0, 0, 0, 0, 0, 0]","[0, 0, 0, 0, 0, 0]","[0, 0, 0, 0, 0, 0]","[0, 0, 0.0, 1.2352941176470587, 1.0, 0.9444444444444445]","[0, 1, 2.25, 0.75, 3.0, 1.3333333333333333]","[0, 0, 0, 0, 0, 0]","[0, 1, 0.0, 1.2857142857142856, 2, 1.1666666666666667]","[0, 0, 0, 0, 0, 0]","[0, 0, 3.272727272727273, 1.2727272727272727, 1.7142857142857142, 5.5]","[0, 0, 0, 0, 0, 0]","[1, 0, 5.538461538461538, 1.3846153846153846, 2.0, 4.333333333333333]","[0, 0, 5.7272727272727275, 1.8181818181818181, 1.0, 3.6666666666666665]","[0, 1, 2.25, 0.5, 3, 1.0]","[0, 0, 0, 0, 0, 0]","[0, 0, 0, 0, 0, 0]","[0, 0, 6.0, 1.1666666666666667, 5.0, 6.0]","[0, 0, 0.0, 0.42857142857142855, 1.5, 1.1666666666666667]","[0, 0, 0, 0, 0, 0]","[0, 0, 13.5, 3.0, 0, 0.6666666666666666]"
16,2020-05-23,20200523OBSS0,"[0, 0, 3.4615384615384612, 0.7692307692307693, 5.0, 6.5]","[0, 0, 0, 0, 0, 0]","[0, 1, 0, 0, 0, 0]","[0, 0, 0, 0, 0, 0]","[0, 0, 0, 0, 0, 0]","[0, 0, 2.4545454545454546, 1.090909090909091, 1.6, 1.0476190476190477]","[1, 0, 3.8571428571428568, 1.5714285714285714, 0.5, 1.4]","[0, 0, 0.0, 1.3636363636363638, 2.0, 0.5238095238095238]","[0, 0, 1.9285714285714284, 2.357142857142857, 0.3333333333333333, 0.7777777777777778]","[0, 0, 0, 0, 0, 0]","[0, 0, 0, 0, 0, 0]","[0, 0, 0, 0, 0, 0]","[0, 1, 15.0, 3.3333333333333335, 3.0, 1.0]","[0, 0, 0, 0, 0, 0]","[0, 0, 0, 0, 0, 0]","[0, 0, 0, 0, 0, 0]","[0, 0, 0.0, 1.2352941176470587, 1.0, 0.9444444444444445]","[0, 0, 2.25, 0.75, 3.0, 1.3333333333333333]","[0, 0, 0, 0, 0, 0]","[0, 0, 0.0, 1.2857142857142856, 2, 1.1666666666666667]","[0, 0, 0, 0, 0, 0]","[0, 0, 3.272727272727273, 1.2727272727272727, 1.7142857142857142, 5.5]","[0, 0, 0, 0, 0, 0]","[0, 0, 5.538461538461538, 1.3846153846153846, 2.0, 4.333333333333333]","[0, 0, 5.7272727272727275, 1.8181818181818181, 1.0, 3.6666666666666665]","[0, 0, 2.25, 0.5, 3, 1.0]","[0, 0, 0, 0, 0, 0]","[0, 0, 0, 0, 0, 0]","[0, 0, 6.0, 1.1666666666666667, 5.0, 6.0]","[0, 0, 0.0, 0.42857142857142855, 1.5, 1.1666666666666667]","[0, 0, 0, 0, 0, 0]","[0, 1, 10.125, 1.875, 0, 1.3333333333333333]"
17,2020-05-24,20200524OBSS0,"[1, 0, 7.5, 1.3333333333333333, 1.8333333333333333, 6.0]","[0, 0, 0, 0, 0, 0]","[0, 0, 0, 0, 0, 0]","[0, 0, 0, 0, 0, 0]","[0, 0, 0, 0, 0, 0]","[0, 0, 2.4545454545454546, 1.090909090909091, 1.6, 1.0476190476190477]","[0, 0, 3.8571428571428568, 1.5714285714285714, 0.5, 1.4]","[0, 0, 0.0, 1.3636363636363638, 2.0, 0.5238095238095238]","[0, 0, 1.9285714285714284, 2.357142857142857, 0.3333333333333333, 0.7777777777777778]","[0, 0, 0, 0, 0, 0]","[0, 0, 0, 0, 0, 0]","[0, 0, 0, 0, 0, 0]","[0, 0, 15.0, 3.3333333333333335, 3.0, 1.0]","[0, 0, 0, 0, 0, 0]","[0, 0, 0, 0, 0, 0]","[0, 0, 0, 0, 0, 0]","[0, 1, 0.0, 1.2857142857142858, 1.4, 1.0]","[0, 0, 2.25, 0.75, 3.0, 1.3333333333333333]","[0, 0, 0, 0, 0, 0]","[0, 1, 4.263157894736842, 1.5789473684210527, 6.0, 1.2666666666666666]","[0, 0, 0, 0, 0, 0]","[0, 0, 3.272727272727273, 1.2727272727272727, 1.7142857142857142, 5.5]","[0, 0, 0, 0, 0, 0]","[0, 0, 5.538461538461538, 1.3846153846153846, 2.0, 4.333333333333333]","[0, 0, 5.7272727272727275, 1.8181818181818181, 1.0, 3.6666666666666665]","[0, 0, 2.25, 0.5, 3, 1.0]","[0, 0, 0, 0, 0, 0]","[0, 0, 0, 0, 0, 0]","[0, 0, 6.0, 1.1666666666666667, 5.0, 6.0]","[0, 0, 0.0, 0.42857142857142855, 1.5, 1.1666666666666667]","[0, 0, 0, 0, 0, 0]","[0, 0, 10.125, 1.875, 0, 1.3333333333333333]"
18,2020-05-26,20200526SSLT0,"[0, 0, 7.5, 1.3333333333333333, 1.8333333333333333, 6.0]","[0, 0, 0, 0, 0, 0]","[0, 0, 0, 0, 0, 0]","[0, 0, 0, 0, 0, 0]","[0, 0, 0, 0, 0, 0]","[0, 1, 3.0, 1.2222222222222223, 1.3333333333333333, 1.125]","[0, 0, 3.8571428571428568, 1.5714285714285714, 0.5, 1.4]","[0, 0, 0.0, 1.3636363636363638, 2.0, 0.5238095238095238]","[0, 0, 1.9285714285714284, 2.357142857142857, 0.3333333333333333, 0.7777777777777778]","[0, 0, 0, 0, 0, 0]","[0, 0, 0, 0, 0, 0]","[0, 0, 0, 0, 0, 0]","[0, 0, 15.0, 3.3333333333333335, 3.0, 1.0]","[0, 0, 0, 0, 0, 0]","[0, 0, 0, 0, 0, 0]","[0, 0, 0, 0, 0, 0]","[0, 0, 0.0, 1.2857142857142858, 1.4, 1.0]","[0, 0, 2.25, 0.75, 3.0, 1.3333333333333333]","[0, 0, 0, 0, 0, 0]","[0, 0, 4.263157894736842, 1.5789473684210527, 6.0, 1.2666666666666666]","[0, 0, 0, 0, 0, 0]","[1, 0, 2.6470588235294117, 1.1176470588235294, 1.75, 5.666666666666667]","[0, 0, 0, 0, 0, 0]","[0, 0, 5.538461538461538, 1.3846153846153846, 2.0, 4.333333333333333]","[0, 0, 5.7272727272727275, 1.8181818181818181, 1.0, 3.6666666666666665]","[0, 0, 2.25, 0.5, 3, 1.0]","[0, 0, 0, 0, 0, 0]","[0, 0, 0, 0, 0, 0]","[0, 0, 6.0, 1.1666666666666667, 5.0, 6.0]","[0, 0, 0.0, 0.42857142857142855, 1.5, 1.1666666666666667]","[0, 0, 0, 0, 0, 0]","[0, 0, 10.125, 1.875, 0, 1.3333333333333333]"
19,2020-05-27,20200527SSLT0,"[0, 0, 7.5, 1.3333333333333333, 1.8333333333333333, 6.0]","[0, 0, 0, 0, 0, 0]","[0, 0, 0, 0, 0, 0]","[0, 0, 0, 0, 0, 0]","[0, 0, 0, 0, 0, 0]","[0, 0, 3.0, 1.2222222222222223, 1.3333333333333333, 1.125]","[0, 0, 3.8571428571428568, 1.5714285714285714, 0.5, 1.4]","[0, 0, 0.0, 1.3636363636363638, 2.0, 0.5238095238095238]","[0, 0, 1.9285714285714284, 2.357142857142857, 0.3333333333333333, 0.7777777777777778]","[0, 0, 0, 0, 0, 0]","[0, 0, 0, 0, 0, 0]","[0, 0, 0, 0, 0, 0]","[0, 0, 15.0, 3.3333333333333335, 3.0, 1.0]","[0, 0, 0, 0, 0, 0]","[0, 0, 0, 0, 0, 0]","[0, 0, 0, 0, 0, 0]","[0, 0, 0.0, 1.2857142857142858, 1.4, 1.0]","[0, 1, 9.0, 2.2, 0.6, 1.25]","[0, 0, 0, 0, 0, 0]","[0, 0, 4.263157894736842, 1.5789473684210527, 6.0, 1.2666666666666666]","[0, 0, 0, 0, 0, 0]","[0, 0, 2.6470588235294117, 1.1176470588235294, 1.75, 5.666666666666667]","[0, 0, 0, 0, 0, 0]","[0, 0, 5.538461538461538, 1.3846153846153846, 2.0, 4.333333333333333]","[1, 0, 4.5, 1.5555555555555556, 1.5, 4.5]","[0, 0, 2.25, 0.5, 3, 1.0]","[0, 0, 0, 0, 0, 0]","[0, 0, 0, 0, 0, 0]","[0, 0, 6.0, 1.1666666666666667, 5.0, 6.0]","[0, 0, 0.0, 0.42857142857142855, 1.5, 1.1666666666666667]","[0, 0, 0, 0, 0, 0]","[0, 0, 10.125, 1.875, 0, 1.3333333333333333]"
20,2020-05-28,20200528SSLT0,"[0, 0, 7.5, 1.3333333333333333, 1.8333333333333333, 6.0]","[0, 0, 0, 0, 0, 0]","[0, 0, 0, 0, 0, 0]","[1, 0, 0, 0, 0, 0]","[0, 0, 0, 0, 0, 0]","[0, 1, 3.6, 1.4, 1.5, 1.1111111111111112]","[0, 0, 3.8571428571428568, 1.5714285714285714, 0.5, 1.4]","[0, 0, 0.0, 1.3636363636363638, 2.0, 0.5238095238095238]","[0, 1, 1.2857142857142856, 2.142857142857143, 0.4444444444444444, 1.0]","[0, 0, 0, 0, 0, 0]","[0, 0, 0, 0, 0, 0]","[0, 0, 0, 0, 0, 0]","[0, 0, 15.0, 3.3333333333333335, 3.0, 1.0]","[0, 0, 0, 0, 0, 0]","[0, 0, 0, 0, 0, 0]","[0, 0, 0, 0, 0, 0]","[0, 1, 0.0, 1.25, 1.8, 1.0]","[0, 0, 9.0, 2.2, 0.6, 1.25]","[0, 0, 0, 0, 0, 0]","[0, 0, 4.263157894736842, 1.5789473684210527, 6.0, 1.2666666666666666]","[0, 0, 0, 0, 0, 0]","[0, 0, 2.6470588235294117, 1.1176470588235294, 1.75, 5.666666666666667]","[0, 0, 0, 0, 0, 0]","[0, 0, 5.538461538461538, 1.3846153846153846, 2.0, 4.333333333333333]","[0, 0, 4.5, 1.5555555555555556, 1.5, 4.5]","[0, 1, 7.2, 1.2, 3, 1.0]","[0, 0, 0, 0, 0, 0]","[0, 0, 0, 0, 0, 0]","[0, 0, 6.0, 1.1666666666666667, 5.0, 6.0]","[0, 0, 0.0, 0.42857142857142855, 1.5, 1.1666666666666667]","[0, 0, 0, 0, 0, 0]","[0, 0, 10.125, 1.875, 0, 1.3333333333333333]"
21,2020-05-29,20200529NCSS0,"[0, 0, 7.5, 1.3333333333333333, 1.8333333333333333, 6.0]","[0, 0, 0, 0, 0, 0]","[0, 0, 0, 0, 0, 0]","[0, 0, 0, 0, 0, 0]","[0, 0, 0, 0, 0, 0]","[0, 0, 3.6, 1.4, 1.5, 1.1111111111111112]","[1, 0, 4.090909090909091, 1.5454545454545454, 1.0, 1.8333333333333333]","[0, 0, 0.0, 1.3636363636363638, 2.0, 0.5238095238095238]","[0, 0, 1.2857142857142856, 2.142857142857143, 0.4444444444444444, 1.0]","[0, 0, 0, 0, 0, 0]","[0, 0, 0, 0, 0, 0]","[0, 0, 0, 0, 0, 0]","[0, 0, 15.0, 3.3333333333333335, 3.0, 1.0]","[0, 0, 0, 0, 0, 0]","[0, 0, 0, 0, 0, 0]","[0, 0, 0, 0, 0, 0]","[0, 1, 0.0, 1.1111111111111112, 2.0, 1.0]","[0, 1, 7.5, 2.1666666666666665, 0.6666666666666666, 1.2]","[0, 0, 0, 0, 0, 0]","[0, 0, 4.263157894736842, 1.5789473684210527, 6.0, 1.2666666666666666]","[0, 0, 0, 0, 0, 0]","[0, 0, 2.6470588235294117, 1.1176470588235294, 1.75, 5.666666666666667]","[0, 0, 0, 0, 0, 0]","[0, 0, 5.538461538461538, 1.3846153846153846, 2.0, 4.333333333333333]","[0, 0, 4.5, 1.5555555555555556, 1.5, 4.5]","[0, 1, 5.684210526315789, 0.9473684210526316, 6, 1.0555555555555556]","[0, 0, 0, 0, 0, 0]","[0, 0, 0, 0, 0, 0]","[0, 0, 6.0, 1.1666666666666667, 5.0, 6.0]","[0, 0, 0.0, 0.42857142857142855, 1.5, 1.1666666666666667]","[0, 0, 0, 0, 0, 0]","[0, 1, 5.0625, 0.9375, 1, 1.7777777777777777]"
22,2020-05-30,20200530NCSS0,"[1, 0, 5.4, 1.32, 2.6666666666666665, 6.25]","[0, 0, 0, 0, 0, 0]","[0, 0, 0, 0, 0, 0]","[0, 0, 0, 0, 0, 0]","[0, 0, 0, 0, 0, 0]","[0, 0, 3.6, 1.4, 1.5, 1.1111111111111112]","[0, 0, 4.090909090909091, 1.5454545454545454, 1.0, 1.8333333333333333]","[0, 0, 0.0, 1.3636363636363638, 2.0, 0.5238095238095238]","[0, 1, 1.125, 1.875, 0.4444444444444444, 1.0]","[0, 0, 0, 0, 0, 0]","[0, 0, 0, 0, 0, 0]","[0, 0, 0, 0, 0, 0]","[0, 0, 15.0, 3.3333333333333335, 3.0, 1.0]","[0, 0, 0, 0, 0, 0]","[0, 0, 0, 0, 0, 0]","[0, 0, 0, 0, 0, 0]","[0, 0, 0.0, 1.1111111111111112, 2.0, 1.0]","[0, 0, 7.5, 2.1666666666666665, 0.6666666666666666, 1.2]","[0, 0, 0, 0, 0, 0]","[0, 1, 3.6818181818181817, 1.5, 7.0, 1.222222222222222]","[0, 0, 0, 0, 0, 0]","[0, 0, 2.6470588235294117, 1.1176470588235294, 1.75, 5.666666666666667]","[0, 0, 0, 0, 0, 0]","[0, 0, 5.538461538461538, 1.3846153846153846, 2.0, 4.333333333333333]","[0, 0, 4.5, 1.5555555555555556, 1.5, 4.5]","[0, 0, 5.684210526315789, 0.9473684210526316, 6, 1.0555555555555556]","[0, 0, 0, 0, 0, 0]","[0, 0, 0, 0, 0, 0]","[0, 0, 6.0, 1.1666666666666667, 5.0, 6.0]","[0, 0, 0.0, 0.42857142857142855, 1.5, 1.1666666666666667]","[0, 0, 0, 0, 0, 0]","[0, 0, 5.0625, 0.9375, 1, 1.7777777777777777]"
23,2020-05-31,20200531NCSS0,"[0, 0, 5.4, 1.32, 2.6666666666666665, 6.25]","[0, 0, 0, 0, 0, 0]","[0, 0, 0, 0, 0, 0]","[0, 0, 0, 0, 0, 0]","[0, 0, 0, 0, 0, 0]","[0, 0, 3.6, 1.4, 1.5, 1.1111111111111112]","[0, 0, 4.090909090909091, 1.5454545454545454, 1.0, 1.8333333333333333]","[0, 1, 0.0, 1.2857142857142856, 2.0, 0.5833333333333334]","[0, 0, 1.125, 1.875, 0.4444444444444444, 1.0]","[0, 0, 0, 0, 0, 0]","[0, 0, 0, 0, 0, 0]","[0, 0, 0, 0, 0, 0]","[0, 1, 11.25, 2.5, 3.5, 1.0]","[0, 0, 0, 0, 0, 0]","[0, 0, 0, 0, 0, 0]","[0, 0, 0, 0, 0, 0]","[0, 0, 0.0, 1.1111111111111112, 2.0, 1.0]","[0, 1, 7.7142857142857135, 2.2857142857142856, 0.7142857142857143, 1.1666666666666667]","[0, 0, 0, 0, 0, 0]","[0, 1, 3.2399999999999998, 1.3199999999999998, 7.0, 1.1904761904761905]","[0, 0, 0, 0, 0, 0]","[1, 0, 1.875, 1.0416666666666667, 1.7272727272727273, 6.0]","[0, 0, 0, 0, 0, 0]","[0, 0, 5.538461538461538, 1.3846153846153846, 2.0, 4.333333333333333]","[0, 0, 4.5, 1.5555555555555556, 1.5, 4.5]","[0, 0, 5.684210526315789, 0.9473684210526316, 6, 1.0555555555555556]","[0, 0, 0, 0, 0, 0]","[0, 0, 0, 0, 0, 0]","[0, 0, 6.0, 1.1666666666666667, 5.0, 6.0]","[0, 0, 0.0, 0.42857142857142855, 1.5, 1.1666666666666667]","[0, 0, 0, 0, 0, 0]","[0, 1, 4.263157894736842, 0.7894736842105263, 1, 1.5833333333333333]"
24,2020-06-02,20200602SSLG0,"[0, 0, 5.4, 1.32, 2.6666666666666665, 6.25]","[0, 0, 0, 0, 0, 0]","[0, 0, 0, 0, 0, 0]","[0, 0, 0, 0, 0, 0]","[0, 0, 0, 0, 0, 0]","[0, 0, 3.6, 1.4, 1.5, 1.1111111111111112]","[0, 0, 4.090909090909091, 1.5454545454545454, 1.0, 1.8333333333333333]","[0, 0, 0.0, 1.2857142857142856, 2.0, 0.5833333333333334]","[0, 0, 1.125, 1.875, 0.4444444444444444, 1.0]","[0, 0, 0, 0, 0, 0]","[0, 0, 0, 0, 0, 0]","[0, 0, 0, 0, 0, 0]","[0, 0, 11.25, 2.5, 3.5, 1.0]","[0, 0, 0, 0, 0, 0]","[0, 0, 0, 0, 0, 0]","[0, 0, 0, 0, 0, 0]","[0, 1, 0.0, 1.1, 1.8333333333333333, 1.0]","[0, 0, 7.7142857142857135, 2.2857142857142856, 0.7142857142857143, 1.1666666666666667]","[0, 0, 0, 0, 0, 0]","[0, 0, 3.2399999999999998, 1.3199999999999998, 7.0, 1.1904761904761905]","[0, 0, 0, 0, 0, 0]","[0, 0, 1.875, 1.0416666666666667, 1.7272727272727273, 6.0]","[0, 0, 0, 0, 0, 0]","[0, 0, 5.538461538461538, 1.3846153846153846, 2.0, 4.333333333333333]","[1, 0, 3.1153846153846154, 1.2307692307692308, 2.25, 5.2]","[0, 1, 4.909090909090909, 0.8181818181818182, 7, 1.0476190476190477]","[0, 0, 0, 0, 0, 0]","[0, 0, 0, 0, 0, 0]","[0, 0, 6.0, 1.1666666666666667, 5.0, 6.0]","[0, 0, 0.0, 0.42857142857142855, 1.5, 1.1666666666666667]","[0, 0, 0, 0, 0, 0]","[0, 0, 4.263157894736842, 0.7894736842105263, 1, 1.5833333333333333]"
25,2020-06-03,20200603SSLG0,"[0, 0, 5.4, 1.32, 2.6666666666666665, 6.25]","[0, 0, 0, 0, 0, 0]","[0, 0, 0, 0, 0, 0]","[1, 0, 0.0, 1.6, 0.25, 5.0]","[0, 0, 0, 0, 0, 0]","[0, 1, 4.21875, 1.59375, 1.25, 1.0666666666666667]","[0, 0, 4.090909090909091, 1.5454545454545454, 1.0, 1.8333333333333333]","[0, 0, 0.0, 1.2857142857142856, 2.0, 0.5833333333333334]","[0, 1, 1.0, 1.7777777777777777, 0.5555555555555556, 1.0]","[0, 0, 0, 0, 0, 0]","[0, 0, 0, 0, 0, 0]","[0, 0, 0, 0, 0, 0]","[0, 0, 11.25, 2.5, 3.5, 1.0]","[0, 0, 0, 0, 0, 0]","[0, 0, 0, 0, 0, 0]","[0, 0, 0, 0, 0, 0]","[0, 0, 0.0, 1.1, 1.8333333333333333, 1.0]","[0, 0, 7.7142857142857135, 2.2857142857142856, 0.7142857142857143, 1.1666666666666667]","[0, 0, 0, 0, 0, 0]","[0, 1, 3.7241379310344827, 1.4482758620689655, 9.0, 1.2083333333333333]","[0, 0, 0, 0, 0, 0]","[0, 0, 1.875, 1.0416666666666667, 1.7272727272727273, 6.0]","[0, 0, 0, 0, 0, 0]","[0, 0, 5.538461538461538, 1.3846153846153846, 2.0, 4.333333333333333]","[0, 0, 3.1153846153846154, 1.2307692307692308, 2.25, 5.2]","[0, 0, 4.909090909090909, 0.8181818181818182, 7, 1.0476190476190477]","[0, 0, 0, 0, 0, 0]","[0, 0, 0, 0, 0, 0]","[0, 0, 6.0, 1.1666666666666667, 5.0, 6.0]","[0, 0, 0.0, 0.42857142857142855, 1.5, 1.1666666666666667]","[0, 0, 0, 0, 0, 0]","[0, 1, 4.909090909090909, 0.9545454545454546, 1, 1.4666666666666666]"
26,2020-06-04,20200604SSLG0,"[0, 0, 5.4, 1.32, 2.6666666666666665, 6.25]","[0, 0, 0, 0, 0, 0]","[0, 0, 0, 0, 0, 0]","[0, 0, 0.0, 1.6, 0.25, 5.0]","[0, 0, 0, 0, 0, 0]","[0, 0, 4.21875, 1.59375, 1.25, 1.0666666666666667]","[0, 0, 4.090909090909091, 1.5454545454545454, 1.0, 1.8333333333333333]","[0, 1, 0.0, 1.125, 2.0, 0.5925925925925926]","[0, 0, 1.0, 1.7777777777777777, 0.5555555555555556, 1.0]","[0, 0, 0, 0, 0, 0]","[0, 0, 0, 0, 0, 0]","[0, 0, 0, 0, 0, 0]","[0, 1, 14.4, 2.8, 2.6666666666666665, 1.0]","[0, 0, 0, 0, 0, 0]","[0, 0, 0, 0, 0, 0]","[0, 0, 0, 0, 0, 0]","[0, 0, 0.0, 1.1, 1.8333333333333333, 1.0]","[0, 1, 7.875000000000001, 2.625, 0.625, 1.1428571428571428]","[0, 0, 0, 0, 0, 0]","[0, 0, 3.7241379310344827, 1.4482758620689655, 9.0, 1.2083333333333333]","[0, 0, 0, 0, 0, 0]","[0, 0, 1.875, 1.0416666666666667, 1.7272727272727273, 6.0]","[0, 0, 0, 0, 0, 0]","[0, 0, 5.538461538461538, 1.3846153846153846, 2.0, 4.333333333333333]","[0, 0, 3.1153846153846154, 1.2307692307692308, 2.25, 5.2]","[0, 0, 4.909090909090909, 0.8181818181818182, 7, 1.0476190476190477]","[0, 0, 0, 0, 0, 0]","[0, 0, 0, 0, 0, 0]","[1, 0, 7.2, 1.6, 4.5, 5.0]","[0, 0, 0.0, 0.42857142857142855, 1.5, 1.1666666666666667]","[0, 0, 0, 0, 0, 0]","[0, 1, 7.043478260869565, 1.1739130434782608, 2, 1.277777777777778]"
27,2020-06-05,20200605SSSK0,"[0, 0, 5.4, 1.32, 2.6666666666666665, 6.25]","[0, 0, 0, 0, 0, 0]","[0, 0, 0, 0, 0, 0]","[0, 0, 0.0, 1.6, 0.25, 5.0]","[0, 0, 0, 0, 0, 0]","[0, 1, 4.263157894736842, 1.5, 1.625, 1.1515151515151514]","[1, 0, 4.5, 1.4375, 1.0, 2.2857142857142856]","[0, 1, 0.0, 1.105263157894737, 1.0, 0.6333333333333333]","[0, 1, 0.9310344827586207, 1.7586206896551726, 0.6666666666666666, 0.9666666666666666]","[0, 0, 0, 0, 0, 0]","[0, 0, 0, 0, 0, 0]","[0, 0, 0, 0, 0, 0]","[0, 0, 14.4, 2.8, 2.6666666666666665, 1.0]","[0, 0, 0, 0, 0, 0]","[0, 0, 0, 0, 0, 0]","[0, 0, 0, 0, 0, 0]","[0, 1, 0.0, 1.0, 2.1666666666666665, 1.0]","[0, 0, 7.875000000000001, 2.625, 0.625, 1.1428571428571428]","[0, 0, 0, 0, 0, 0]","[0, 0, 3.7241379310344827, 1.4482758620689655, 9.0, 1.2083333333333333]","[0, 0, 0, 0, 0, 0]","[0, 0, 1.875, 1.0416666666666667, 1.7272727272727273, 6.0]","[0, 0, 0, 0, 0, 0]","[0, 0, 5.538461538461538, 1.3846153846153846, 2.0, 4.333333333333333]","[0, 0, 3.1153846153846154, 1.2307692307692308, 2.25, 5.2]","[0, 0, 4.909090909090909, 0.8181818181818182, 7, 1.0476190476190477]","[0, 0, 0, 0, 0, 0]","[0, 0, 0, 0, 0, 0]","[0, 0, 7.2, 1.6, 4.5, 5.0]","[0, 0, 0.0, 0.42857142857142855, 1.5, 1.1666666666666667]","[0, 0, 0, 0, 0, 0]","[0, 0, 7.043478260869565, 1.1739130434782608, 2, 1.277777777777778]"
28,2020-06-06,20200606SSSK0,"[0, 0, 5.4, 1.32, 2.6666666666666665, 6.25]","[0, 0, 0, 0, 0, 0]","[0, 0, 0, 0, 0, 0]","[0, 0, 0.0, 1.6, 0.25, 5.0]","[0, 0, 0, 0, 0, 0]","[0, 0, 4.263157894736842, 1.5, 1.625, 1.1515151515151514]","[0, 0, 4.5, 1.4375, 1.0, 2.2857142857142856]","[0, 1, 0.0, 1.1428571428571428, 1.0, 0.6363636363636364]","[0, 0, 0.9310344827586207, 1.7586206896551726, 0.6666666666666666, 0.9666666666666666]","[0, 0, 0, 0, 0, 0]","[0, 0, 0, 0, 0, 0]","[0, 0, 0, 0, 0, 0]","[0, 0, 14.4, 2.8, 2.6666666666666665, 1.0]","[0, 0, 0, 0, 0, 0]","[0, 0, 0, 0, 0, 0]","[0, 0, 0, 0, 0, 0]","[0, 0, 0.0, 1.0, 2.1666666666666665, 1.0]","[0, 1, 7.0, 2.3333333333333335, 0.75, 1.125]","[0, 0, 0, 0, 0, 0]","[0, 1, 3.375, 1.40625, 11.0, 1.1851851851851851]","[0, 0, 0, 0, 0, 0]","[1, 0, 3.214285714285714, 1.25, 1.9166666666666667, 5.6]","[0, 0, 0, 0, 0, 0]","[0, 0, 5.538461538461538, 1.3846153846153846, 2.0, 4.333333333333333]","[0, 0, 3.1153846153846154, 1.2307692307692308, 2.25, 5.2]","[0, 0, 4.909090909090909, 0.8181818181818182, 7, 1.0476190476190477]","[0, 0, 0, 0, 0, 0]","[0, 0, 0, 0, 0, 0]","[0, 0, 7.2, 1.6, 4.5, 5.0]","[0, 0, 0.0, 0.42857142857142855, 1.5, 1.1666666666666667]","[0, 0, 0, 0, 0, 0]","[0, 0, 7.043478260869565, 1.1739130434782608, 2, 1.277777777777778]"
29,2020-06-07,20200607SSSK0,"[1, 0, 4.5, 1.1875, 2.375, 6.4]","[0, 0, 0, 0, 0, 0]","[0, 0, 0, 0, 0, 0]","[0, 0, 0.0, 1.6, 0.25, 5.0]","[0, 0, 0, 0, 0, 0]","[0, 1, 4.153846153846154, 1.4615384615384615, 1.75, 1.0833333333333333]","[0, 0, 4.5, 1.4375, 1.0, 2.2857142857142856]","[0, 0, 0.0, 1.1428571428571428, 1.0, 0.6363636363636364]","[0, 1, 0.84375, 1.6875, 0.8888888888888888, 0.9696969696969696]","[0, 0, 0, 0, 0, 0]","[0, 0, 0, 0, 0, 0]","[0, 0, 0, 0, 0, 0]","[0, 0, 14.4, 2.8, 2.6666666666666665, 1.0]","[0, 0, 0, 0, 0, 0]","[0, 0, 0, 0, 0, 0]","[0, 0, 0, 0, 0, 0]","[0, 1, 1.5, 1.1666666666666667, 1.875, 1.0]","[0, 0, 7.0, 2.3333333333333335, 0.75, 1.125]","[0, 0, 0, 0, 0, 0]","[0, 0, 3.375, 1.40625, 11.0, 1.1851851851851851]","[0, 0, 0, 0, 0, 0]","[0, 0, 3.214285714285714, 1.25, 1.9166666666666667, 5.6]","[0, 0, 0, 0, 0, 0]","[0, 0, 5.538461538461538, 1.3846153846153846, 2.0, 4.333333333333333]","[0, 0, 3.1153846153846154, 1.2307692307692308, 2.25, 5.2]","[0, 1, 4.32, 0.72, 8, 1.0416666666666667]","[0, 0, 0, 0, 0, 0]","[0, 0, 0, 0, 0, 0]","[0, 0, 7.2, 1.6, 4.5, 5.0]","[0, 0, 0.0, 0.42857142857142855, 1.5, 1.1666666666666667]","[0, 0, 0, 0, 0, 0]","[0, 0, 7.043478260869565, 1.1739130434782608, 2, 1.277777777777778]"
30,2020-06-09,20200609WOSS0,"[0, 0, 4.5, 1.1875, 2.375, 6.4]","[0, 0, 0, 0, 0, 0]","[0, 0, 0, 0, 0, 0]","[0, 0, 0.0, 1.6, 0.25, 5.0]","[0, 0, 0, 0, 0, 0]","[0, 1, 3.951219512195122, 1.3902439024390245, 1.875, 1.0512820512820513]","[0, 0, 4.5, 1.4375, 1.0, 2.2857142857142856]","[0, 1, 0.0, 1.0434782608695652, 1.5, 0.638888888888889]","[0, 1, 0.8181818181818182, 1.6363636363636365, 0.8888888888888888, 0.9166666666666666]","[0, 0, 0, 0, 0, 0]","[0, 0, 0, 0, 0, 0]","[0, 0, 0, 0, 0, 0]","[0, 0, 14.4, 2.8, 2.6666666666666665, 1.0]","[0, 0, 0, 0, 0, 0]","[0, 0, 0, 0, 0, 0]","[0, 0, 0, 0, 0, 0]","[0, 0, 1.5, 1.1666666666666667, 1.875, 1.0]","[0, 0, 7.0, 2.3333333333333335, 0.75, 1.125]","[0, 0, 0, 0, 0, 0]","[0, 1, 3.0, 1.3333333333333333, 5.5, 1.2]","[0, 0, 0, 0, 0, 0]","[0, 0, 3.214285714285714, 1.25, 1.9166666666666667, 5.6]","[0, 0, 0, 0, 0, 0]","[0, 0, 5.538461538461538, 1.3846153846153846, 2.0, 4.333333333333333]","[1, 0, 2.4545454545454546, 1.121212121212121, 2.625, 5.5]","[0, 0, 4.32, 0.72, 8, 1.0416666666666667]","[0, 0, 0, 0, 0, 0]","[0, 1, 0, 0, 0, 0]","[0, 0, 7.2, 1.6, 4.5, 5.0]","[0, 0, 0.0, 0.42857142857142855, 1.5, 1.1666666666666667]","[0, 0, 0, 0, 0, 0]","[0, 0, 7.043478260869565, 1.1739130434782608, 2, 1.277777777777778]"
31,2020-06-10,20200610WOSS0,"[0, 0, 4.5, 1.1875, 2.375, 6.4]","[0, 0, 0, 0, 0, 0]","[0, 0, 0, 0, 0, 0]","[0, 0, 0.0, 1.6, 0.25, 5.0]","[0, 0, 0, 0, 0, 0]","[0, 0, 3.951219512195122, 1.3902439024390245, 1.875, 1.0512820512820513]","[0, 0, 4.5, 1.4375, 1.0, 2.2857142857142856]","[0, 0, 0.0, 1.0434782608695652, 1.5, 0.638888888888889]","[0, 0, 0.8181818181818182, 1.6363636363636365, 0.8888888888888888, 0.9166666666666666]","[0, 0, 0, 0, 0, 0]","[0, 0, 0, 0, 0, 0]","[0, 0, 0, 0, 0, 0]","[0, 0, 14.4, 2.8, 2.6666666666666665, 1.0]","[0, 0, 0, 0, 0, 0]","[0, 0, 0, 0, 0, 0]","[0, 0, 0, 0, 0, 0]","[0, 1, 1.3846153846153846, 1.1538461538461537, 2.25, 1.0]","[0, 0, 7.0, 2.3333333333333335, 0.75, 1.125]","[0, 0, 0, 0, 0, 0]","[0, 0, 3.0, 1.3333333333333333, 5.5, 1.2]","[0, 0, 0, 0, 0, 0]","[0, 0, 3.214285714285714, 1.25, 1.9166666666666667, 5.6]","[0, 0, 0, 0, 0, 0]","[0, 0, 5.538461538461538, 1.3846153846153846, 2.0, 4.333333333333333]","[0, 0, 2.4545454545454546, 1.121212121212121, 2.625, 5.5]","[0, 1, 3.8571428571428568, 0.75, 8, 1.0370370370370372]","[0, 0, 0, 0, 0, 0]","[0, 1, 0.0, 2.0, 0.0, 1.0]","[1, 0, 10.285714285714285, 2.142857142857143, 6.0, 4.666666666666667]","[0, 0, 0.0, 0.42857142857142855, 1.5, 1.1666666666666667]","[0, 0, 0, 0, 0, 0]","[0, 0, 7.043478260869565, 1.1739130434782608, 2, 1.277777777777778]"
32,2020-06-11,20200611WOSS0,"[0, 0, 4.5, 1.1875, 2.375, 6.4]","[0, 0, 0, 0, 0, 0]","[0, 0, 0, 0, 0, 0]","[0, 0, 0.0, 1.6, 0.25, 5.0]","[0, 0, 0, 0, 0, 0]","[0, 1, 4.909090909090909, 1.4318181818181819, 1.875, 1.0476190476190477]","[1, 0, 4.285714285714286, 1.4285714285714286, 0.7272727272727273, 2.625]","[0, 0, 0.0, 1.0434782608695652, 1.5, 0.638888888888889]","[0, 1, 1.5, 1.75, 1.0, 0.9230769230769231]","[0, 0, 0, 0, 0, 0]","[0, 0, 0, 0, 0, 0]","[0, 0, 0, 0, 0, 0]","[0, 0, 14.4, 2.8, 2.6666666666666665, 1.0]","[0, 0, 0, 0, 0, 0]","[0, 0, 0, 0, 0, 0]","[0, 0, 0, 0, 0, 0]","[0, 1, 1.2857142857142856, 1.0714285714285714, 2.25, 1.0]","[0, 0, 7.0, 2.3333333333333335, 0.75, 1.125]","[0, 0, 0, 0, 0, 0]","[0, 1, 2.769230769230769, 1.2307692307692308, 6.5, 1.1818181818181819]","[0, 0, 0, 0, 0, 0]","[0, 0, 3.214285714285714, 1.25, 1.9166666666666667, 5.6]","[0, 0, 0, 0, 0, 0]","[0, 0, 5.538461538461538, 1.3846153846153846, 2.0, 4.333333333333333]","[0, 0, 2.4545454545454546, 1.121212121212121, 2.625, 5.5]","[0, 1, 3.4838709677419355, 0.6774193548387096, 10, 1.0333333333333334]","[0, 0, 0, 0, 0, 0]","[0, 0, 0.0, 2.0, 0.0, 1.0]","[0, 0, 10.285714285714285, 2.142857142857143, 6.0, 4.666666666666667]","[0, 0, 0.0, 0.42857142857142855, 1.5, 1.1666666666666667]","[0, 0, 0, 0, 0, 0]","[0, 0, 7.043478260869565, 1.1739130434782608, 2, 1.277777777777778]"
33,2020-06-13,20200613KTSS1,"[1, 0, 3.789473684210526, 1.1842105263157894, 2.1818181818181817, 6.333333333333333]","[0, 0, 0, 0, 0, 0]","[0, 0, 0, 0, 0, 0]","[0, 0, 0.0, 1.6, 0.25, 5.0]","[0, 0, 0, 0, 0, 0]","[0, 0, 4.909090909090909, 1.4318181818181819, 1.875, 1.0476190476190477]","[0, 0, 4.285714285714286, 1.4285714285714286, 0.7272727272727273, 2.625]","[0, 0, 0.0, 1.0434782608695652, 1.5, 0.638888888888889]","[0, 0, 1.5, 1.75, 1.0, 0.9230769230769231]","[0, 0, 0, 0, 0, 0]","[0, 0, 0, 0, 0, 0]","[0, 0, 0, 0, 0, 0]","[0, 0, 14.4, 2.8, 2.6666666666666665, 1.0]","[0, 0, 0, 0, 0, 0]","[0, 0, 0, 0, 0, 0]","[0, 0, 0, 0, 0, 0]","[0, 1, 1.2, 1.0, 2.625, 1.0]","[0, 0, 7.0, 2.3333333333333335, 0.75, 1.125]","[0, 0, 0, 0, 0, 0]","[0, 0, 2.769230769230769, 1.2307692307692308, 6.5, 1.1818181818181819]","[0, 0, 0, 0, 0, 0]","[0, 0, 3.214285714285714, 1.25, 1.9166666666666667, 5.6]","[0, 0, 0, 0, 0, 0]","[0, 0, 5.538461538461538, 1.3846153846153846, 2.0, 4.333333333333333]","[0, 0, 2.4545454545454546, 1.121212121212121, 2.625, 5.5]","[0, 1, 3.176470588235294, 0.6176470588235293, 10, 1.0303030303030303]","[0, 0, 0, 0, 0, 0]","[0, 1, 4.5, 2.5, 0.5, 1.0]","[0, 0, 10.285714285714285, 2.142857142857143, 6.0, 4.666666666666667]","[0, 0, 0.0, 0.42857142857142855, 1.5, 1.1666666666666667]","[0, 0, 0, 0, 0, 0]","[0, 0, 7.043478260869565, 1.1739130434782608, 2, 1.277777777777778]"
34,2020-06-13,20200613KTSS2,"[0, 0, 3.789473684210526, 1.1842105263157894, 2.1818181818181817, 6.333333333333333]","[0, 0, 0, 0, 0, 0]","[0, 0, 0, 0, 0, 0]","[0, 0, 0.0, 1.6, 0.25, 5.0]","[1, 0, 0, 0, 0, 0]","[0, 1, 5.74468085106383, 1.4680851063829787, 2.0, 1.0444444444444445]","[0, 0, 4.285714285714286, 1.4285714285714286, 0.7272727272727273, 2.625]","[0, 1, 0.0, 1.0384615384615385, 1.5, 0.6666666666666666]","[0, 0, 1.5, 1.75, 1.0, 0.9230769230769231]","[0, 0, 0, 0, 0, 0]","[0, 0, 0, 0, 0, 0]","[0, 0, 0, 0, 0, 0]","[0, 0, 14.4, 2.8, 2.6666666666666665, 1.0]","[0, 0, 0, 0, 0, 0]","[0, 0, 0, 0, 0, 0]","[0, 0, 0, 0, 0, 0]","[0, 0, 1.2, 1.0, 2.625, 1.0]","[0, 1, 6.096774193548387, 2.225806451612903, 0.6, 1.1481481481481481]","[0, 0, 0, 0, 0, 0]","[0, 1, 2.571428571428571, 1.2142857142857142, 4.333333333333333, 1.1666666666666667]","[0, 0, 0, 0, 0, 0]","[0, 0, 3.214285714285714, 1.25, 1.9166666666666667, 5.6]","[0, 0, 0, 0, 0, 0]","[0, 0, 5.538461538461538, 1.3846153846153846, 2.0, 4.333333333333333]","[0, 0, 2.4545454545454546, 1.121212121212121, 2.625, 5.5]","[0, 0, 3.176470588235294, 0.6176470588235293, 10, 1.0303030303030303]","[0, 0, 0, 0, 0, 0]","[0, 0, 4.5, 2.5, 0.5, 1.0]","[0, 0, 10.285714285714285, 2.142857142857143, 6.0, 4.666666666666667]","[0, 0, 0.0, 0.42857142857142855, 1.5, 1.1666666666666667]","[0, 0, 0, 0, 0, 0]","[0, 1, 6.230769230769231, 1.0384615384615385, 2, 1.238095238095238]"
35,2020-06-14,20200614KTSS0,"[0, 0, 3.789473684210526, 1.1842105263157894, 2.1818181818181817, 6.333333333333333]","[0, 0, 0, 0, 0, 0]","[0, 0, 0, 0, 0, 0]","[0, 0, 0.0, 1.6, 0.25, 5.0]","[0, 0, 0, 0, 0, 0]","[0, 1, 5.4, 1.38, 2.125, 1.0416666666666667]","[0, 0, 4.285714285714286, 1.4285714285714286, 0.7272727272727273, 2.625]","[0, 0, 0.0, 1.0384615384615385, 1.5, 0.6666666666666666]","[0, 0, 1.5, 1.75, 1.0, 0.9230769230769231]","[0, 0, 0, 0, 0, 0]","[0, 0, 0, 0, 0, 0]","[0, 0, 0, 0, 0, 0]","[0, 1, 12.0, 2.3333333333333335, 2.6666666666666665, 1.0]","[0, 0, 0, 0, 0, 0]","[0, 0, 0, 0, 0, 0]","[0, 0, 0, 0, 0, 0]","[0, 0, 1.2, 1.0, 2.625, 1.0]","[0, 0, 6.096774193548387, 2.225806451612903, 0.6, 1.1481481481481481]","[0, 0, 0, 0, 0, 0]","[0, 1, 3.6, 1.2666666666666666, 3.5, 1.1538461538461537]","[0, 0, 0, 0, 0, 0]","[0, 0, 3.214285714285714, 1.25, 1.9166666666666667, 5.6]","[0, 0, 0, 0, 0, 0]","[0, 0, 5.538461538461538, 1.3846153846153846, 2.0, 4.333333333333333]","[1, 0, 2.675675675675676, 1.2702702702702702, 1.8461538461538463, 5.285714285714286]","[0, 0, 3.176470588235294, 0.6176470588235293, 10, 1.0303030303030303]","[0, 0, 0, 0, 0, 0]","[0, 0, 4.5, 2.5, 0.5, 1.0]","[0, 0, 10.285714285714285, 2.142857142857143, 6.0, 4.666666666666667]","[0, 0, 0.0, 0.42857142857142855, 1.5, 1.1666666666666667]","[0, 0, 0, 0, 0, 0]","[0, 0, 6.230769230769231, 1.0384615384615385, 2, 1.238095238095238]"
36,2020-06-16,20200616SSOB0,"[0, 0, 3.789473684210526, 1.1842105263157894, 2.1818181818181817, 6.333333333333333]","[0, 0, 0, 0, 0, 0]","[0, 0, 0, 0, 0, 0]","[0, 0, 0.0, 1.6, 0.25, 5.0]","[0, 0, 0, 0, 0, 0]","[0, 1, 5.09433962264151, 1.4150943396226414, 2.25, 1.0392156862745099]","[0, 0, 4.285714285714286, 1.4285714285714286, 0.7272727272727273, 2.625]","[0, 1, 0.0, 0.9310344827586208, 3.0, 0.6904761904761905]","[0, 0, 1.5, 1.75, 1.0, 0.9230769230769231]","[0, 0, 0, 0, 0, 0]","[0, 0, 0, 0, 0, 0]","[0, 0, 0, 0, 0, 0]","[0, 0, 12.0, 2.3333333333333335, 2.6666666666666665, 1.0]","[0, 0, 0, 0, 0, 0]","[0, 0, 0, 0, 0, 0]","[0, 0, 0, 0, 0, 0]","[0, 1, 1.1739130434782608, 1.0434782608695652, 2.3333333333333335, 0.9583333333333334]","[0, 0, 6.096774193548387, 2.225806451612903, 0.6, 1.1481481481481481]","[0, 0, 0, 0, 0, 0]","[0, 0, 3.6, 1.2666666666666666, 3.5, 1.1538461538461537]","[0, 0, 0, 0, 0, 0]","[0, 0, 3.214285714285714, 1.25, 1.9166666666666667, 5.6]","[0, 0, 0, 0, 0, 0]","[0, 0, 5.538461538461538, 1.3846153846153846, 2.0, 4.333333333333333]","[0, 0, 2.675675675675676, 1.2702702702702702, 1.8461538461538463, 5.285714285714286]","[0, 1, 2.9189189189189193, 0.5675675675675675, 11, 1.027777777777778]","[0, 0, 0, 0, 0, 0]","[0, 1, 6.0, 2.3333333333333335, 0.6666666666666666, 1.0]","[1, 0, 7.2, 1.7, 4.0, 5.0]","[0, 0, 0.0, 0.42857142857142855, 1.5, 1.1666666666666667]","[0, 0, 0, 0, 0, 0]","[0, 0, 6.230769230769231, 1.0384615384615385, 2, 1.238095238095238]"
37,2020-06-17,20200617SSOB0,"[0, 0, 3.789473684210526, 1.1842105263157894, 2.1818181818181817, 6.333333333333333]","[0, 0, 0, 0, 0, 0]","[0, 0, 0, 0, 0, 0]","[0, 0, 0.0, 1.6, 0.25, 5.0]","[0, 0, 0, 0, 0, 0]","[0, 0, 5.09433962264151, 1.4150943396226414, 2.25, 1.0392156862745099]","[1, 0, 3.8076923076923075, 1.3461538461538463, 0.75, 2.888888888888889]","[0, 1, 0.0, 0.9, 3.0, 0.6666666666666666]","[0, 0, 1.5, 1.75, 1.0, 0.9230769230769231]","[0, 0, 0, 0, 0, 0]","[0, 0, 0, 0, 0, 0]","[0, 0, 0, 0, 0, 0]","[0, 0, 12.0, 2.3333333333333335, 2.6666666666666665, 1.0]","[0, 0, 0, 0, 0, 0]","[0, 0, 0, 0, 0, 0]","[0, 0, 0, 0, 0, 0]","[0, 1, 1.1020408163265305, 1.0408163265306123, 2.2, 0.9607843137254901]","[0, 0, 6.096774193548387, 2.225806451612903, 0.6, 1.1481481481481481]","[0, 0, 0, 0, 0, 0]","[0, 1, 3.375, 1.25, 3.75, 1.1428571428571428]","[0, 0, 0, 0, 0, 0]","[0, 0, 3.214285714285714, 1.25, 1.9166666666666667, 5.6]","[0, 0, 0, 0, 0, 0]","[0, 0, 5.538461538461538, 1.3846153846153846, 2.0, 4.333333333333333]","[0, 0, 2.675675675675676, 1.2702702702702702, 1.8461538461538463, 5.285714285714286]","[0, 0, 2.9189189189189193, 0.5675675675675675, 11, 1.027777777777778]","[0, 0, 0, 0, 0, 0]","[0, 1, 4.5, 2.25, 0.6, 1.0]","[0, 0, 7.2, 1.7, 4.0, 5.0]","[0, 0, 0.0, 0.42857142857142855, 1.5, 1.1666666666666667]","[0, 0, 0, 0, 0, 0]","[0, 0, 6.230769230769231, 1.0384615384615385, 2, 1.238095238095238]"
38,2020-06-18,20200618SSOB0,"[0, 0, 3.789473684210526, 1.1842105263157894, 2.1818181818181817, 6.333333333333333]","[0, 0, 0, 0, 0, 0]","[0, 0, 0, 0, 0, 0]","[1, 0, 2.7, 1.7, 0.2, 5.0]","[0, 0, 0, 0, 0, 0]","[0, 1, 4.909090909090909, 1.4727272727272729, 1.8, 1.0185185185185184]","[0, 0, 3.8076923076923075, 1.3461538461538463, 0.75, 2.888888888888889]","[0, 1, 0.9, 1.0, 3.0, 0.625]","[0, 0, 1.5, 1.75, 1.0, 0.9230769230769231]","[0, 0, 0, 0, 0, 0]","[0, 0, 0, 0, 0, 0]","[0, 0, 0, 0, 0, 0]","[0, 0, 12.0, 2.3333333333333335, 2.6666666666666665, 1.0]","[0, 0, 0, 0, 0, 0]","[0, 0, 0, 0, 0, 0]","[0, 0, 0, 0, 0, 0]","[0, 0, 1.1020408163265305, 1.0408163265306123, 2.2, 0.9607843137254901]","[0, 1, 5.5588235294117645, 2.1176470588235294, 0.6363636363636364, 1.1333333333333333]","[0, 0, 0, 0, 0, 0]","[0, 1, 3.2399999999999998, 1.2, 3.75, 1.1111111111111112]","[0, 0, 0, 0, 0, 0]","[0, 0, 3.214285714285714, 1.25, 1.9166666666666667, 5.6]","[0, 0, 0, 0, 0, 0]","[0, 0, 5.538461538461538, 1.3846153846153846, 2.0, 4.333333333333333]","[0, 0, 2.675675675675676, 1.2702702702702702, 1.8461538461538463, 5.285714285714286]","[0, 0, 2.9189189189189193, 0.5675675675675675, 11, 1.027777777777778]","[0, 0, 0, 0, 0, 0]","[0, 0, 4.5, 2.25, 0.6, 1.0]","[0, 0, 7.2, 1.7, 4.0, 5.0]","[0, 0, 0.0, 0.42857142857142855, 1.5, 1.1666666666666667]","[0, 0, 0, 0, 0, 0]","[0, 1, 6.0, 1.1111111111111112, 3, 1.125]"
39,2020-06-19,20200619SSHT0,"[1, 0, 3.626865671641791, 1.119402985074627, 2.4545454545454546, 6.3809523809523805]","[0, 0, 0, 0, 0, 0]","[0, 0, 0, 0, 0, 0]","[0, 0, 2.7, 1.7, 0.2, 5.0]","[0, 0, 0, 0, 0, 0]","[0, 1, 4.7368421052631575, 1.4736842105263157, 1.7272727272727273, 1.0]","[0, 0, 3.8076923076923075, 1.3461538461538463, 0.75, 2.888888888888889]","[0, 1, 0.8709677419354839, 0.9677419354838709, 3.0, 0.607843137254902]","[0, 0, 1.5, 1.75, 1.0, 0.9230769230769231]","[0, 0, 0, 0, 0, 0]","[0, 0, 0, 0, 0, 0]","[0, 0, 0, 0, 0, 0]","[0, 0, 12.0, 2.3333333333333335, 2.6666666666666665, 1.0]","[0, 0, 0, 0, 0, 0]","[0, 0, 0, 0, 0, 0]","[0, 0, 0, 0, 0, 0]","[0, 1, 1.0188679245283019, 1.0754716981132075, 2.3, 0.9814814814814815]","[0, 1, 5.837837837837839, 2.189189189189189, 0.6363636363636364, 1.1212121212121213]","[0, 0, 0, 0, 0, 0]","[0, 0, 3.2399999999999998, 1.2, 3.75, 1.1111111111111112]","[0, 0, 0, 0, 0, 0]","[0, 0, 3.214285714285714, 1.25, 1.9166666666666667, 5.6]","[0, 0, 0, 0, 0, 0]","[0, 0, 5.538461538461538, 1.3846153846153846, 2.0, 4.333333333333333]","[0, 0, 2.675675675675676, 1.2702702702702702, 1.8461538461538463, 5.285714285714286]","[0, 0, 2.9189189189189193, 0.5675675675675675, 11, 1.027777777777778]","[0, 0, 0, 0, 0, 0]","[0, 0, 4.5, 2.25, 0.6, 1.0]","[0, 0, 7.2, 1.7, 4.0, 5.0]","[0, 0, 0.0, 0.42857142857142855, 1.5, 1.1666666666666667]","[0, 0, 0, 0, 0, 0]","[0, 0, 6.0, 1.1111111111111112, 3, 1.125]"
40,2020-06-20,20200620SSHT0,"[0, 0, 3.626865671641791, 1.119402985074627, 2.4545454545454546, 6.3809523809523805]","[0, 0, 0, 0, 0, 0]","[0, 0, 0, 0, 0, 0]","[0, 0, 2.7, 1.7, 0.2, 5.0]","[0, 0, 0, 0, 0, 0]","[0, 0, 4.7368421052631575, 1.4736842105263157, 1.7272727272727273, 1.0]","[0, 0, 3.8076923076923075, 1.3461538461538463, 0.75, 2.888888888888889]","[0, 0, 0.8709677419354839, 0.9677419354838709, 3.0, 0.607843137254902]","[0, 0, 1.5, 1.75, 1.0, 0.9230769230769231]","[0, 0, 0, 0, 0, 0]","[0, 0, 0, 0, 0, 0]","[0, 0, 0, 0, 0, 0]","[0, 1, 10.285714285714285, 2.0, 2.6666666666666665, 1.0]","[0, 0, 0, 0, 0, 0]","[0, 0, 0, 0, 0, 0]","[0, 0, 0, 0, 0, 0]","[0, 0, 1.0188679245283019, 1.0754716981132075, 2.3, 0.9814814814814815]","[0, 0, 5.837837837837839, 2.189189189189189, 0.6363636363636364, 1.1212121212121213]","[0, 0, 0, 0, 0, 0]","[0, 1, 4.153846153846154, 1.326923076923077, 3.75, 1.0833333333333333]","[0, 0, 0, 0, 0, 0]","[0, 0, 3.214285714285714, 1.25, 1.9166666666666667, 5.6]","[0, 0, 0, 0, 0, 0]","[0, 0, 5.538461538461538, 1.3846153846153846, 2.0, 4.333333333333333]","[1, 0, 2.302325581395349, 1.302325581395349, 2.0714285714285716, 5.375]","[0, 0, 2.9189189189189193, 0.5675675675675675, 11, 1.027777777777778]","[0, 0, 0, 0, 0, 0]","[0, 0, 4.5, 2.25, 0.6, 1.0]","[0, 0, 7.2, 1.7, 4.0, 5.0]","[0, 0, 0.0, 0.42857142857142855, 1.5, 1.1666666666666667]","[0, 0, 0, 0, 0, 0]","[0, 1, 6.75, 1.1785714285714286, 3, 1.0370370370370372]"
41,2020-06-21,20200621SSHT0,"[0, 0, 3.626865671641791, 1.119402985074627, 2.4545454545454546, 6.3809523809523805]","[0, 0, 0, 0, 0, 0]","[0, 0, 0, 0, 0, 0]","[0, 0, 2.7, 1.7, 0.2, 5.0]","[0, 0, 0, 0, 0, 0]","[0, 0, 4.7368421052631575, 1.4736842105263157, 1.7272727272727273, 1.0]","[0, 0, 3.8076923076923075, 1.3461538461538463, 0.75, 2.888888888888889]","[0, 0, 0.8709677419354839, 0.9677419354838709, 3.0, 0.607843137254902]","[0, 0, 1.5, 1.75, 1.0, 0.9230769230769231]","[0, 0, 0, 0, 0, 0]","[0, 0, 0, 0, 0, 0]","[0, 0, 0, 0, 0, 0]","[0, 0, 10.285714285714285, 2.0, 2.6666666666666665, 1.0]","[0, 0, 0, 0, 0, 0]","[0, 0, 0, 0, 0, 0]","[0, 0, 0, 0, 0, 0]","[0, 0, 1.0188679245283019, 1.0754716981132075, 2.3, 0.9814814814814815]","[0, 1, 5.4, 2.025, 0.9090909090909091, 1.1111111111111112]","[0, 0, 0, 0, 0, 0]","[0, 0, 4.153846153846154, 1.326923076923077, 3.75, 1.0833333333333333]","[0, 0, 0, 0, 0, 0]","[0, 0, 3.214285714285714, 1.25, 1.9166666666666667, 5.6]","[0, 0, 0, 0, 0, 0]","[0, 0, 5.538461538461538, 1.3846153846153846, 2.0, 4.333333333333333]","[0, 0, 2.302325581395349, 1.302325581395349, 2.0714285714285716, 5.375]","[0, 1, 2.7, 0.6749999999999999, 5.5, 1.0256410256410258]","[0, 0, 0, 0, 0, 0]","[0, 0, 4.5, 2.25, 0.6, 1.0]","[1, 0, 6.4799999999999995, 1.72, 2.7142857142857144, 5.0]","[0, 0, 0.0, 0.42857142857142855, 1.5, 1.1666666666666667]","[0, 0, 0, 0, 0, 0]","[0, 0, 6.75, 1.1785714285714286, 3, 1.0370370370370372]"
42,2020-06-23,20200623HHSS0,"[0, 0, 3.626865671641791, 1.119402985074627, 2.4545454545454546, 6.3809523809523805]","[0, 0, 0, 0, 0, 0]","[0, 0, 0, 0, 0, 0]","[0, 0, 2.7, 1.7, 0.2, 5.0]","[0, 0, 0, 0, 0, 0]","[0, 0, 4.7368421052631575, 1.4736842105263157, 1.7272727272727273, 1.0]","[0, 1, 3.6562499999999996, 1.28125, 0.7692307692307693, 3.2]","[0, 0, 0.8709677419354839, 0.9677419354838709, 3.0, 0.607843137254902]","[0, 0, 1.5, 1.75, 1.0, 0.9230769230769231]","[0, 0, 0, 0, 0, 0]","[0, 0, 0, 0, 0, 0]","[0, 0, 0, 0, 0, 0]","[0, 0, 10.285714285714285, 2.0, 2.6666666666666665, 1.0]","[0, 0, 0, 0, 0, 0]","[0, 0, 0, 0, 0, 0]","[0, 0, 0, 0, 0, 0]","[0, 1, 0.9642857142857142, 1.0714285714285714, 2.1818181818181817, 0.9824561403508772]","[0, 1, 5.023255813953488, 1.9534883720930232, 0.9090909090909091, 1.1025641025641026]","[0, 0, 0, 0, 0, 0]","[0, 1, 3.789473684210526, 1.263157894736842, 3.4, 1.1176470588235294]","[0, 0, 0, 0, 0, 0]","[1, 0, 4.408163265306122, 1.4081632653061225, 1.411764705882353, 5.444444444444444]","[0, 0, 0, 0, 0, 0]","[0, 0, 5.538461538461538, 1.3846153846153846, 2.0, 4.333333333333333]","[0, 0, 2.302325581395349, 1.302325581395349, 2.0714285714285716, 5.375]","[0, 0, 2.7, 0.6749999999999999, 5.5, 1.0256410256410258]","[0, 0, 0, 0, 0, 0]","[0, 0, 4.5, 2.25, 0.6, 1.0]","[0, 0, 6.4799999999999995, 1.72, 2.7142857142857144, 5.0]","[0, 0, 0.0, 0.42857142857142855, 1.5, 1.1666666666666667]","[0, 0, 0, 0, 0, 0]","[0, 0, 6.75, 1.1785714285714286, 3, 1.0370370370370372]"
43,2020-06-24,20200624HHSS0,"[0, 0, 3.626865671641791, 1.119402985074627, 2.4545454545454546, 6.3809523809523805]","[0, 0, 0, 0, 0, 0]","[0, 0, 0, 0, 0, 0]","[1, 0, 3.6, 1.6666666666666667, 0.5, 5.0]","[0, 0, 0, 0, 0, 0]","[0, 0, 4.7368421052631575, 1.4736842105263157, 1.7272727272727273, 1.0]","[0, 0, 3.6562499999999996, 1.28125, 0.7692307692307693, 3.2]","[0, 0, 0.8709677419354839, 0.9677419354838709, 3.0, 0.607843137254902]","[0, 0, 1.5, 1.75, 1.0, 0.9230769230769231]","[0, 0, 0, 0, 0, 0]","[0, 0, 0, 0, 0, 0]","[0, 0, 0, 0, 0, 0]","[0, 0, 10.285714285714285, 2.0, 2.6666666666666665, 1.0]","[0, 0, 0, 0, 0, 0]","[0, 0, 0, 0, 0, 0]","[0, 0, 0, 0, 0, 0]","[0, 1, 0.9310344827586207, 1.0344827586206897, 2.272727272727273, 0.9666666666666666]","[0, 1, 4.695652173913043, 2.0217391304347827, 1.0, 1.0952380952380953]","[0, 0, 0, 0, 0, 0]","[0, 0, 3.789473684210526, 1.263157894736842, 3.4, 1.1176470588235294]","[0, 0, 0, 0, 0, 0]","[0, 0, 4.408163265306122, 1.4081632653061225, 1.411764705882353, 5.444444444444444]","[0, 0, 0, 0, 0, 0]","[0, 0, 5.538461538461538, 1.3846153846153846, 2.0, 4.333333333333333]","[0, 0, 2.302325581395349, 1.302325581395349, 2.0714285714285716, 5.375]","[0, 1, 4.395348837209303, 0.9767441860465116, 5.5, 1.023809523809524]","[0, 0, 0, 0, 0, 0]","[0, 1, 3.6, 1.8, 0.8, 1.0]","[0, 0, 6.4799999999999995, 1.72, 2.7142857142857144, 5.0]","[0, 0, 0.0, 0.42857142857142855, 1.5, 1.1666666666666667]","[0, 0, 0, 0, 0, 0]","[0, 0, 6.75, 1.1785714285714286, 3, 1.0370370370370372]"
44,2020-06-25,20200625HHSS0,"[1, 0, 3.6241610738255035, 1.2080536912751678, 2.6153846153846154, 6.208333333333333]","[0, 0, 0, 0, 0, 0]","[0, 0, 0, 0, 0, 0]","[0, 0, 3.6, 1.6666666666666667, 0.5, 5.0]","[0, 0, 0, 0, 0, 0]","[0, 0, 4.7368421052631575, 1.4736842105263157, 1.7272727272727273, 1.0]","[0, 0, 3.6562499999999996, 1.28125, 0.7692307692307693, 3.2]","[0, 1, 0.8709677419354839, 1.161290322580645, 3.0, 0.5740740740740741]","[0, 0, 1.5, 1.75, 1.0, 0.9230769230769231]","[0, 0, 0, 0, 0, 0]","[0, 0, 0, 0, 0, 0]","[0, 0, 0, 0, 0, 0]","[0, 1, 9.0, 1.875, 3.3333333333333335, 1.0]","[0, 0, 0, 0, 0, 0]","[0, 0, 0, 0, 0, 0]","[0, 0, 0, 0, 0, 0]","[0, 0, 0.9310344827586207, 1.0344827586206897, 2.272727272727273, 0.9666666666666666]","[0, 0, 4.695652173913043, 2.0217391304347827, 1.0, 1.0952380952380953]","[0, 0, 0, 0, 0, 0]","[0, 0, 3.789473684210526, 1.263157894736842, 3.4, 1.1176470588235294]","[0, 0, 0, 0, 0, 0]","[0, 0, 4.408163265306122, 1.4081632653061225, 1.411764705882353, 5.444444444444444]","[0, 0, 0, 0, 0, 0]","[0, 0, 5.538461538461538, 1.3846153846153846, 2.0, 4.333333333333333]","[0, 0, 2.302325581395349, 1.302325581395349, 2.0714285714285716, 5.375]","[0, 0, 4.395348837209303, 0.9767441860465116, 5.5, 1.023809523809524]","[0, 0, 0, 0, 0, 0]","[0, 0, 3.6, 1.8, 0.8, 1.0]","[0, 0, 6.4799999999999995, 1.72, 2.7142857142857144, 5.0]","[0, 0, 0.0, 0.42857142857142855, 1.5, 1.1666666666666667]","[0, 0, 0, 0, 0, 0]","[0, 1, 6.517241379310345, 1.3448275862068966, 3, 0.9666666666666666]"
45,2020-06-26,20200626SSLT0,"[0, 0, 3.6241610738255035, 1.2080536912751678, 2.6153846153846154, 6.208333333333333]","[0, 0, 0, 0, 0, 0]","[0, 0, 0, 0, 0, 0]","[0, 0, 3.6, 1.6666666666666667, 0.5, 5.0]","[0, 0, 0, 0, 0, 0]","[0, 0, 4.7368421052631575, 1.4736842105263157, 1.7272727272727273, 1.0]","[0, 0, 3.6562499999999996, 1.28125, 0.7692307692307693, 3.2]","[0, 0, 0.8709677419354839, 1.161290322580645, 3.0, 0.5740740740740741]","[0, 0, 1.5, 1.75, 1.0, 0.9230769230769231]","[0, 0, 0, 0, 0, 0]","[0, 0, 0, 0, 0, 0]","[0, 0, 0, 0, 0, 0]","[0, 0, 9.0, 1.875, 3.3333333333333335, 1.0]","[0, 0, 0, 0, 0, 0]","[0, 0, 0, 0, 0, 0]","[0, 0, 0, 0, 0, 0]","[0, 1, 0.8852459016393444, 0.9836065573770493, 2.3636363636363638, 0.9682539682539681]","[0, 0, 4.695652173913043, 2.0217391304347827, 1.0, 1.0952380952380953]","[0, 0, 0, 0, 0, 0]","[0, 0, 3.789473684210526, 1.263157894736842, 3.4, 1.1176470588235294]","[0, 0, 0, 0, 0, 0]","[0, 0, 4.408163265306122, 1.4081632653061225, 1.411764705882353, 5.444444444444444]","[0, 0, 0, 0, 0, 0]","[0, 0, 5.538461538461538, 1.3846153846153846, 2.0, 4.333333333333333]","[1, 0, 3.1875, 1.3958333333333333, 1.5789473684210527, 5.333333333333333]","[0, 1, 4.108695652173913, 0.9130434782608695, 5.5, 1.0222222222222224]","[0, 0, 0, 0, 0, 0]","[0, 1, 3.0, 1.6666666666666667, 0.8, 1.0]","[0, 0, 6.4799999999999995, 1.72, 2.7142857142857144, 5.0]","[0, 0, 0.0, 0.42857142857142855, 1.5, 1.1666666666666667]","[0, 0, 0, 0, 0, 0]","[0, 0, 6.517241379310345, 1.3448275862068966, 3, 0.9666666666666666]"
46,2020-06-27,20200627SSLT0,"[0, 0, 3.6241610738255035, 1.2080536912751678, 2.6153846153846154, 6.208333333333333]","[0, 0, 0, 0, 0, 0]","[0, 0, 0, 0, 0, 0]","[0, 0, 3.6, 1.6666666666666667, 0.5, 5.0]","[0, 0, 0, 0, 0, 0]","[0, 0, 4.7368421052631575, 1.4736842105263157, 1.7272727272727273, 1.0]","[0, 0, 3.6562499999999996, 1.28125, 0.7692307692307693, 3.2]","[0, 0, 0.8709677419354839, 1.161290322580645, 3.0, 0.5740740740740741]","[0, 1, 1.5, 1.75, 1.0, 0.8571428571428571]","[0, 0, 0, 0, 0, 0]","[0, 0, 0, 0, 0, 0]","[0, 0, 0, 0, 0, 0]","[0, 0, 9.0, 1.875, 3.3333333333333335, 1.0]","[0, 0, 0, 0, 0, 0]","[0, 0, 0, 0, 0, 0]","[0, 0, 0, 0, 0, 0]","[0, 0, 0.8852459016393444, 0.9836065573770493, 2.3636363636363638, 0.9682539682539681]","[0, 1, 4.408163265306122, 1.959183673469388, 1.0833333333333333, 1.0888888888888888]","[0, 0, 0, 0, 0, 0]","[0, 1, 4.655172413793104, 1.4482758620689655, 2.4285714285714284, 1.074074074074074]","[0, 0, 0, 0, 0, 0]","[0, 0, 4.408163265306122, 1.4081632653061225, 1.411764705882353, 5.444444444444444]","[0, 0, 0, 0, 0, 0]","[0, 0, 5.538461538461538, 1.3846153846153846, 2.0, 4.333333333333333]","[0, 0, 3.1875, 1.3958333333333333, 1.5789473684210527, 5.333333333333333]","[0, 0, 4.108695652173913, 0.9130434782608695, 5.5, 1.0222222222222224]","[0, 0, 0, 0, 0, 0]","[0, 0, 3.0, 1.6666666666666667, 0.8, 1.0]","[1, 0, 5.34375, 1.46875, 3.4285714285714284, 5.333333333333333]","[0, 0, 0.0, 0.42857142857142855, 1.5, 1.1666666666666667]","[0, 0, 0, 0, 0, 0]","[0, 0, 6.517241379310345, 1.3448275862068966, 3, 0.9666666666666666]"
47,2020-06-28,20200628SSLT0,"[0, 0, 3.6241610738255035, 1.2080536912751678, 2.6153846153846154, 6.208333333333333]","[0, 0, 0, 0, 0, 0]","[0, 0, 0, 0, 0, 0]","[0, 0, 3.6, 1.6666666666666667, 0.5, 5.0]","[0, 0, 0, 0, 0, 0]","[0, 0, 4.7368421052631575, 1.4736842105263157, 1.7272727272727273, 1.0]","[1, 0, 3.818181818181818, 1.3333333333333333, 0.8461538461538461, 3.0]","[0, 1, 1.6363636363636365, 1.3636363636363635, 1.75, 0.5789473684210527]","[0, 0, 1.5, 1.75, 1.0, 0.8571428571428571]","[0, 0, 0, 0, 0, 0]","[0, 0, 0, 0, 0, 0]","[0, 0, 0, 0, 0, 0]","[0, 1, 8.0, 1.6666666666666667, 4.0, 1.0]","[0, 0, 0, 0, 0, 0]","[0, 0, 0, 0, 0, 0]","[0, 0, 0, 0, 0, 0]","[0, 0, 0.8852459016393444, 0.9836065573770493, 2.3636363636363638, 0.9682539682539681]","[0, 1, 4.673076923076923, 2.019230769230769, 1.0769230769230769, 1.0833333333333333]","[0, 0, 0, 0, 0, 0]","[0, 1, 4.426229508196721, 1.4262295081967213, 2.5714285714285716, 1.0701754385964912]","[0, 0, 0, 0, 0, 0]","[0, 0, 4.408163265306122, 1.4081632653061225, 1.411764705882353, 5.444444444444444]","[0, 0, 0, 0, 0, 0]","[0, 0, 5.538461538461538, 1.3846153846153846, 2.0, 4.333333333333333]","[0, 0, 3.1875, 1.3958333333333333, 1.5789473684210527, 5.333333333333333]","[0, 0, 4.108695652173913, 0.9130434782608695, 5.5, 1.0222222222222224]","[0, 0, 0, 0, 0, 0]","[0, 0, 3.0, 1.6666666666666667, 0.8, 1.0]","[0, 0, 5.34375, 1.46875, 3.4285714285714284, 5.333333333333333]","[0, 0, 0.0, 0.42857142857142855, 1.5, 1.1666666666666667]","[0, 0, 0, 0, 0, 0]","[0, 1, 5.7272727272727275, 1.1818181818181819, 4, 1.0]"
48,2020-06-30,20200630SKSS0,"[0, 0, 3.6241610738255035, 1.2080536912751678, 2.6153846153846154, 6.208333333333333]","[0, 0, 0, 0, 0, 0]","[0, 0, 0, 0, 0, 0]","[0, 0, 3.6, 1.6666666666666667, 0.5, 5.0]","[0, 0, 0, 0, 0, 0]","[0, 0, 4.7368421052631575, 1.4736842105263157, 1.7272727272727273, 1.0]","[0, 0, 3.818181818181818, 1.3333333333333333, 0.8461538461538461, 3.0]","[0, 0, 1.6363636363636365, 1.3636363636363635, 1.75, 0.5789473684210527]","[0, 0, 1.5, 1.75, 1.0, 0.8571428571428571]","[0, 0, 0, 0, 0, 0]","[0, 0, 0, 0, 0, 0]","[0, 0, 0, 0, 0, 0]","[0, 0, 8.0, 1.6666666666666667, 4.0, 1.0]","[0, 0, 0, 0, 0, 0]","[0, 0, 0, 0, 0, 0]","[0, 0, 0, 0, 0, 0]","[0, 0, 0.8852459016393444, 0.9836065573770493, 2.3636363636363638, 0.9682539682539681]","[0, 0, 4.673076923076923, 2.019230769230769, 1.0769230769230769, 1.0833333333333333]","[0, 0, 0, 0, 0, 0]","[0, 1, 4.153846153846154, 1.3846153846153846, 2.7142857142857144, 1.0833333333333335]","[0, 0, 0, 0, 0, 0]","[1, 0, 3.9568965517241375, 1.3448275862068966, 1.6111111111111112, 5.523809523809524]","[0, 0, 0, 0, 0, 0]","[0, 0, 5.538461538461538, 1.3846153846153846, 2.0, 4.333333333333333]","[0, 0, 3.1875, 1.3958333333333333, 1.5789473684210527, 5.333333333333333]","[0, 1, 3.7058823529411766, 0.9411764705882353, 5.5, 1.0625]","[0, 0, 0, 0, 0, 0]","[0, 1, 2.571428571428571, 1.4285714285714286, 1.0, 1.0]","[0, 0, 5.34375, 1.46875, 3.4285714285714284, 5.333333333333333]","[0, 0, 0.0, 0.42857142857142855, 1.5, 1.1666666666666667]","[0, 0, 0, 0, 0, 0]","[0, 0, 5.7272727272727275, 1.1818181818181819, 4, 1.0]"
49,2020-07-01,20200701SKSS0,"[1, 0, 4.526946107784431, 1.311377245508982, 2.642857142857143, 6.185185185185185]","[0, 0, 0, 0, 0, 0]","[0, 0, 0, 0, 0, 0]","[0, 0, 3.6, 1.6666666666666667, 0.5, 5.0]","[0, 0, 0, 0, 0, 0]","[0, 0, 4.7368421052631575, 1.4736842105263157, 1.7272727272727273, 1.0]","[0, 0, 3.818181818181818, 1.3333333333333333, 0.8461538461538461, 3.0]","[0, 0, 1.6363636363636365, 1.3636363636363635, 1.75, 0.5789473684210527]","[0, 0, 1.5, 1.75, 1.0, 0.8571428571428571]","[0, 0, 0, 0, 0, 0]","[0, 0, 0, 0, 0, 0]","[0, 0, 0, 0, 0, 0]","[0, 0, 8.0, 1.6666666666666667, 4.0, 1.0]","[0, 0, 0, 0, 0, 0]","[0, 0, 0, 0, 0, 0]","[0, 0, 0, 0, 0, 0]","[0, 0, 0.8852459016393444, 0.9836065573770493, 2.3636363636363638, 0.9682539682539681]","[0, 0, 4.673076923076923, 2.019230769230769, 1.0769230769230769, 1.0833333333333333]","[0, 0, 0, 0, 0, 0]","[0, 0, 4.153846153846154, 1.3846153846153846, 2.7142857142857144, 1.0833333333333335]","[0, 0, 0, 0, 0, 0]","[0, 0, 3.9568965517241375, 1.3448275862068966, 1.6111111111111112, 5.523809523809524]","[0, 0, 0, 0, 0, 0]","[0, 0, 5.538461538461538, 1.3846153846153846, 2.0, 4.333333333333333]","[0, 0, 3.1875, 1.3958333333333333, 1.5789473684210527, 5.333333333333333]","[0, 0, 3.7058823529411766, 0.9411764705882353, 5.5, 1.0625]","[0, 0, 0, 0, 0, 0]","[0, 0, 2.571428571428571, 1.4285714285714286, 1.0, 1.0]","[0, 0, 5.34375, 1.46875, 3.4285714285714284, 5.333333333333333]","[0, 0, 0.0, 0.42857142857142855, 1.5, 1.1666666666666667]","[0, 0, 0, 0, 0, 0]","[0, 0, 5.7272727272727275, 1.1818181818181819, 4, 1.0]"
50,2020-07-02,20200702SKSS0,"[0, 0, 4.526946107784431, 1.311377245508982, 2.642857142857143, 6.185185185185185]","[0, 0, 0, 0, 0, 0]","[0, 0, 0, 0, 0, 0]","[0, 0, 3.6, 1.6666666666666667, 0.5, 5.0]","[0, 0, 0, 0, 0, 0]","[0, 0, 4.7368421052631575, 1.4736842105263157, 1.7272727272727273, 1.0]","[0, 0, 3.818181818181818, 1.3333333333333333, 0.8461538461538461, 3.0]","[0, 0, 1.6363636363636365, 1.3636363636363635, 1.75, 0.5789473684210527]","[0, 1, 1.3846153846153846, 1.6153846153846154, 1.1, 0.8666666666666667]","[0, 0, 0, 0, 0, 0]","[0, 0, 0, 0, 0, 0]","[0, 0, 0, 0, 0, 0]","[0, 0, 8.0, 1.6666666666666667, 4.0, 1.0]","[0, 0, 0, 0, 0, 0]","[0, 0, 0, 0, 0, 0]","[0, 0, 0, 0, 0, 0]","[0, 0, 0.8852459016393444, 0.9836065573770493, 2.3636363636363638, 0.9682539682539681]","[0, 0, 4.673076923076923, 2.019230769230769, 1.0769230769230769, 1.0833333333333333]","[0, 0, 0, 0, 0, 0]","[0, 0, 4.153846153846154, 1.3846153846153846, 2.7142857142857144, 1.0833333333333335]","[0, 0, 0, 0, 0, 0]","[0, 0, 3.9568965517241375, 1.3448275862068966, 1.6111111111111112, 5.523809523809524]","[0, 0, 0, 0, 0, 0]","[0, 0, 5.538461538461538, 1.3846153846153846, 2.0, 4.333333333333333]","[1, 0, 2.9634146341463414, 1.3353658536585367, 1.65, 5.466666666666667]","[0, 1, 3.5, 0.8888888888888888, 5.5, 1.0588235294117647]","[0, 0, 0, 0, 0, 0]","[0, 0, 2.571428571428571, 1.4285714285714286, 1.0, 1.0]","[0, 0, 5.34375, 1.46875, 3.4285714285714284, 5.333333333333333]","[0, 1, 7.2, 1.4, 1.5, 1.0]","[0, 0, 0, 0, 0, 0]","[0, 0, 5.7272727272727275, 1.1818181818181819, 4, 1.0]"
51,2020-07-03,20200703LGSS0,"[0, 0, 4.526946107784431, 1.311377245508982, 2.642857142857143, 6.185185185185185]","[0, 0, 0, 0, 0, 0]","[0, 0, 0, 0, 0, 0]","[0, 0, 3.6, 1.6666666666666667, 0.5, 5.0]","[0, 0, 0, 0, 0, 0]","[0, 1, 4.949999999999999, 1.45, 1.8181818181818181, 1.0]","[0, 0, 3.818181818181818, 1.3333333333333333, 0.8461538461538461, 3.0]","[0, 0, 1.6363636363636365, 1.3636363636363635, 1.75, 0.5789473684210527]","[0, 0, 1.3846153846153846, 1.6153846153846154, 1.1, 0.8666666666666667]","[0, 0, 0, 0, 0, 0]","[0, 0, 0, 0, 0, 0]","[0, 0, 0, 0, 0, 0]","[0, 0, 8.0, 1.6666666666666667, 4.0, 1.0]","[0, 0, 0, 0, 0, 0]","[0, 0, 0, 0, 0, 0]","[0, 0, 0, 0, 0, 0]","[0, 0, 0.8852459016393444, 0.9836065573770493, 2.3636363636363638, 0.9682539682539681]","[0, 0, 4.673076923076923, 2.019230769230769, 1.0769230769230769, 1.0833333333333333]","[0, 0, 0, 0, 0, 0]","[0, 1, 4.36764705882353, 1.3676470588235294, 2.7142857142857144, 1.0793650793650795]","[0, 0, 0, 0, 0, 0]","[0, 0, 3.9568965517241375, 1.3448275862068966, 1.6111111111111112, 5.523809523809524]","[0, 0, 0, 0, 0, 0]","[0, 0, 5.538461538461538, 1.3846153846153846, 2.0, 4.333333333333333]","[0, 0, 2.9634146341463414, 1.3353658536585367, 1.65, 5.466666666666667]","[0, 1, 3.31578947368421, 0.9473684210526315, 6.5, 1.0555555555555556]","[0, 0, 0, 0, 0, 0]","[0, 1, 2.25, 1.25, 1.2, 1.0]","[1, 0, 4.5, 1.394736842105263, 3.0, 5.428571428571429]","[0, 0, 7.2, 1.4, 1.5, 1.0]","[0, 0, 0, 0, 0, 0]","[0, 0, 5.7272727272727275, 1.1818181818181819, 4, 1.0]"
52,2020-07-04,20200704LGSS0,"[0, 0, 4.526946107784431, 1.311377245508982, 2.642857142857143, 6.185185185185185]","[0, 0, 0, 0, 0, 0]","[0, 0, 0, 0, 0, 0]","[1, 0, 3.6, 1.75, 0.5384615384615384, 5.0]","[0, 0, 0, 0, 0, 0]","[0, 1, 4.714285714285714, 1.4285714285714286, 1.9090909090909092, 1.0]","[0, 1, 4.378378378378379, 1.4054054054054055, 1.0, 3.0833333333333335]","[0, 0, 1.6363636363636365, 1.3636363636363635, 1.75, 0.5789473684210527]","[0, 1, 1.2857142857142856, 1.5714285714285714, 1.3, 0.875]","[0, 0, 0, 0, 0, 0]","[0, 0, 0, 0, 0, 0]","[0, 0, 0, 0, 0, 0]","[0, 0, 8.0, 1.6666666666666667, 4.0, 1.0]","[0, 0, 0, 0, 0, 0]","[0, 0, 0, 0, 0, 0]","[0, 0, 0, 0, 0, 0]","[0, 0, 0.8852459016393444, 0.9836065573770493, 2.3636363636363638, 0.9682539682539681]","[0, 1, 4.418181818181818, 1.9090909090909092, 1.1538461538461537, 1.0784313725490196]","[0, 0, 0, 0, 0, 0]","[0, 1, 4.242857142857143, 1.4142857142857144, 2.111111111111111, 1.0606060606060606]","[0, 0, 0, 0, 0, 0]","[0, 0, 3.9568965517241375, 1.3448275862068966, 1.6111111111111112, 5.523809523809524]","[0, 0, 0, 0, 0, 0]","[0, 0, 5.538461538461538, 1.3846153846153846, 2.0, 4.333333333333333]","[0, 0, 2.9634146341463414, 1.3353658536585367, 1.65, 5.466666666666667]","[0, 0, 3.31578947368421, 0.9473684210526315, 6.5, 1.0555555555555556]","[0, 0, 0, 0, 0, 0]","[0, 1, 2.16, 1.3199999999999998, 1.0, 0.925925925925926]","[0, 0, 4.5, 1.394736842105263, 3.0, 5.428571428571429]","[0, 1, 6.0, 1.1666666666666667, 1.5, 1.0]","[0, 0, 0, 0, 0, 0]","[0, 0, 5.7272727272727275, 1.1818181818181819, 4, 1.0]"
53,2020-07-05,20200705LGSS0,"[0, 0, 4.526946107784431, 1.311377245508982, 2.642857142857143, 6.185185185185185]","[0, 0, 0, 0, 0, 0]","[0, 0, 0, 0, 0, 0]","[0, 0, 3.6, 1.75, 0.5384615384615384, 5.0]","[0, 0, 0, 0, 0, 0]","[0, 0, 4.714285714285714, 1.4285714285714286, 1.9090909090909092, 1.0]","[0, 0, 4.378378378378379, 1.4054054054054055, 1.0, 3.0833333333333335]","[0, 0, 1.6363636363636365, 1.3636363636363635, 1.75, 0.5789473684210527]","[0, 1, 1.2272727272727273, 1.5, 1.3, 0.8627450980392156]","[0, 0, 0, 0, 0, 0]","[0, 0, 0, 0, 0, 0]","[0, 0, 0, 0, 0, 0]","[0, 1, 7.2, 1.5, 4.0, 1.0]","[0, 0, 0, 0, 0, 0]","[0, 0, 0, 0, 0, 0]","[0, 0, 0, 0, 0, 0]","[0, 0, 0.8852459016393444, 0.9836065573770493, 2.3636363636363638, 0.9682539682539681]","[0, 1, 4.189655172413794, 1.810344827586207, 1.3076923076923077, 1.074074074074074]","[0, 0, 0, 0, 0, 0]","[0, 0, 4.242857142857143, 1.4142857142857144, 2.111111111111111, 1.0606060606060606]","[0, 0, 0, 0, 0, 0]","[1, 0, 3.425373134328358, 1.2761194029850746, 1.8421052631578947, 5.583333333333333]","[0, 0, 0, 0, 0, 0]","[0, 0, 5.538461538461538, 1.3846153846153846, 2.0, 4.333333333333333]","[0, 0, 2.9634146341463414, 1.3353658536585367, 1.65, 5.466666666666667]","[0, 1, 3.6, 1.05, 7.0, 1.0526315789473684]","[0, 0, 0, 0, 0, 0]","[0, 0, 2.16, 1.3199999999999998, 1.0, 0.925925925925926]","[0, 0, 4.5, 1.394736842105263, 3.0, 5.428571428571429]","[0, 1, 5.142857142857142, 1.1428571428571428, 1.5, 1.0]","[0, 0, 0, 0, 0, 0]","[0, 0, 5.7272727272727275, 1.1818181818181819, 4, 1.0]"
54,2020-07-07,20200707SSWO0,"[1, 0, 4.036082474226804, 1.2061855670103092, 2.933333333333333, 6.466666666666667]","[0, 0, 0, 0, 0, 0]","[0, 0, 0, 0, 0, 0]","[0, 0, 3.6, 1.75, 0.5384615384615384, 5.0]","[0, 0, 0, 0, 0, 0]","[0, 1, 5.0625, 1.5, 1.8333333333333333, 0.9696969696969696]","[0, 0, 4.378378378378379, 1.4054054054054055, 1.0, 3.0833333333333335]","[0, 0, 1.6363636363636365, 1.3636363636363635, 1.75, 0.5789473684210527]","[0, 1, 1.7608695652173914, 1.6304347826086956, 1.0833333333333333, 0.8518518518518519]","[0, 0, 0, 0, 0, 0]","[0, 0, 0, 0, 0, 0]","[0, 0, 0, 0, 0, 0]","[0, 1, 6.352941176470588, 1.5, 4.0, 1.0303030303030303]","[0, 0, 0, 0, 0, 0]","[0, 0, 0, 0, 0, 0]","[0, 0, 0, 0, 0, 0]","[0, 0, 0.8852459016393444, 0.9836065573770493, 2.3636363636363638, 0.9682539682539681]","[0, 0, 4.189655172413794, 1.810344827586207, 1.3076923076923077, 1.074074074074074]","[0, 0, 0, 0, 0, 0]","[0, 0, 4.242857142857143, 1.4142857142857144, 2.111111111111111, 1.0606060606060606]","[0, 0, 0, 0, 0, 0]","[0, 0, 3.425373134328358, 1.2761194029850746, 1.8421052631578947, 5.583333333333333]","[0, 0, 0, 0, 0, 0]","[0, 0, 5.538461538461538, 1.3846153846153846, 2.0, 4.333333333333333]","[0, 0, 2.9634146341463414, 1.3353658536585367, 1.65, 5.466666666666667]","[0, 0, 3.6, 1.05, 7.0, 1.0526315789473684]","[0, 0, 0, 0, 0, 0]","[0, 0, 2.16, 1.3199999999999998, 1.0, 0.925925925925926]","[0, 0, 4.5, 1.394736842105263, 3.0, 5.428571428571429]","[0, 0, 5.142857142857142, 1.1428571428571428, 1.5, 1.0]","[0, 0, 0, 0, 0, 0]","[0, 0, 5.7272727272727275, 1.1818181818181819, 4, 1.0]"
55,2020-07-08,20200708SSWO0,"[0, 0, 4.036082474226804, 1.2061855670103092, 2.933333333333333, 6.466666666666667]","[0, 0, 0, 0, 0, 0]","[0, 0, 0, 0, 0, 0]","[0, 0, 3.6, 1.75, 0.5384615384615384, 5.0]","[0, 0, 0, 0, 0, 0]","[0, 0, 5.0625, 1.5, 1.8333333333333333, 0.9696969696969696]","[0, 0, 4.378378378378379, 1.4054054054054055, 1.0, 3.0833333333333335]","[0, 0, 1.6363636363636365, 1.3636363636363635, 1.75, 0.5789473684210527]","[0, 0, 1.7608695652173914, 1.6304347826086956, 1.0833333333333333, 0.8518518518518519]","[0, 0, 0, 0, 0, 0]","[0, 0, 0, 0, 0, 0]","[0, 0, 0, 0, 0, 0]","[0, 0, 6.352941176470588, 1.5, 4.0, 1.0303030303030303]","[0, 0, 0, 0, 0, 0]","[0, 0, 0, 0, 0, 0]","[0, 0, 0, 0, 0, 0]","[0, 0, 0.8852459016393444, 0.9836065573770493, 2.3636363636363638, 0.9682539682539681]","[0, 0, 4.189655172413794, 1.810344827586207, 1.3076923076923077, 1.074074074074074]","[0, 0, 0, 0, 0, 0]","[0, 1, 4.068493150684931, 1.356164383561644, 2.111111111111111, 1.0579710144927537]","[0, 0, 0, 0, 0, 0]","[0, 0, 3.425373134328358, 1.2761194029850746, 1.8421052631578947, 5.583333333333333]","[0, 0, 0, 0, 0, 0]","[0, 0, 5.538461538461538, 1.3846153846153846, 2.0, 4.333333333333333]","[1, 0, 2.967032967032967, 1.3351648351648353, 1.7142857142857142, 5.515151515151515]","[0, 1, 3.5409836065573774, 1.0327868852459017, 7.0, 1.0166666666666666]","[0, 0, 0, 0, 0, 0]","[0, 0, 2.16, 1.3199999999999998, 1.0, 0.925925925925926]","[0, 0, 4.5, 1.394736842105263, 3.0, 5.428571428571429]","[0, 1, 4.5, 1.0, 1.5, 1.0]","[0, 0, 0, 0, 0, 0]","[0, 0, 5.7272727272727275, 1.1818181818181819, 4, 1.0]"
56,2020-07-09,20200709SSWO0,"[0, 0, 4.036082474226804, 1.2061855670103092, 2.933333333333333, 6.466666666666667]","[0, 0, 0, 0, 0, 0]","[0, 0, 0, 0, 0, 0]","[0, 0, 3.6, 1.75, 0.5384615384615384, 5.0]","[0, 0, 0, 0, 0, 0]","[0, 1, 5.2388059701492535, 1.5223880597014927, 1.9166666666666667, 0.9710144927536232]","[0, 0, 4.378378378378379, 1.4054054054054055, 1.0, 3.0833333333333335]","[0, 0, 1.6363636363636365, 1.3636363636363635, 1.75, 0.5789473684210527]","[0, 1, 1.653061224489796, 1.5918367346938778, 1.0769230769230769, 0.8596491228070174]","[0, 0, 0, 0, 0, 0]","[0, 0, 0, 0, 0, 0]","[0, 0, 0, 0, 0, 0]","[0, 0, 6.352941176470588, 1.5, 4.0, 1.0303030303030303]","[0, 0, 0, 0, 0, 0]","[0, 0, 0, 0, 0, 0]","[0, 0, 0, 0, 0, 0]","[0, 1, 2.142857142857143, 1.0952380952380953, 2.1666666666666665, 0.9545454545454546]","[0, 0, 4.189655172413794, 1.810344827586207, 1.3076923076923077, 1.074074074074074]","[0, 0, 0, 0, 0, 0]","[0, 1, 3.9078947368421053, 1.3026315789473686, 2.111111111111111, 1.0555555555555556]","[0, 0, 0, 0, 0, 0]","[0, 0, 3.425373134328358, 1.2761194029850746, 1.8421052631578947, 5.583333333333333]","[0, 0, 0, 0, 0, 0]","[0, 0, 5.538461538461538, 1.3846153846153846, 2.0, 4.333333333333333]","[0, 0, 2.967032967032967, 1.3351648351648353, 1.7142857142857142, 5.515151515151515]","[0, 0, 3.5409836065573774, 1.0327868852459017, 7.0, 1.0166666666666666]","[0, 0, 0, 0, 0, 0]","[0, 0, 2.16, 1.3199999999999998, 1.0, 0.925925925925926]","[1, 0, 5.232558139534884, 1.3953488372093024, 3.272727272727273, 5.375]","[0, 0, 4.5, 1.0, 1.5, 1.0]","[0, 0, 0, 0, 0, 0]","[0, 0, 5.7272727272727275, 1.1818181818181819, 4, 1.0]"
57,2020-07-10,20200710SSKT0,"[0, 0, 4.036082474226804, 1.2061855670103092, 2.933333333333333, 6.466666666666667]","[0, 0, 0, 0, 0, 0]","[0, 0, 0, 0, 0, 0]","[1, 0, 3.6, 1.6, 0.7333333333333333, 5.0]","[0, 0, 0, 0, 0, 0]","[0, 0, 5.2388059701492535, 1.5223880597014927, 1.9166666666666667, 0.9710144927536232]","[0, 1, 4.384615384615385, 1.3846153846153846, 1.1333333333333333, 3.0]","[0, 0, 1.6363636363636365, 1.3636363636363635, 1.75, 0.5789473684210527]","[0, 0, 1.653061224489796, 1.5918367346938778, 1.0769230769230769, 0.8596491228070174]","[0, 1, 0, 0, 0, 0]","[0, 0, 0, 0, 0, 0]","[0, 0, 0, 0, 0, 0]","[0, 1, 5.837837837837839, 1.3783783783783783, 4.0, 1.027777777777778]","[0, 0, 0, 0, 0, 0]","[0, 0, 0, 0, 0, 0]","[0, 0, 0, 0, 0, 0]","[0, 0, 2.142857142857143, 1.0952380952380953, 2.1666666666666665, 0.9545454545454546]","[0, 1, 6.75, 2.0, 1.0625, 1.0526315789473684]","[0, 0, 0, 0, 0, 0]","[0, 0, 3.9078947368421053, 1.3026315789473686, 2.111111111111111, 1.0555555555555556]","[0, 0, 0, 0, 0, 0]","[0, 0, 3.425373134328358, 1.2761194029850746, 1.8421052631578947, 5.583333333333333]","[0, 0, 0, 0, 0, 0]","[0, 0, 5.538461538461538, 1.3846153846153846, 2.0, 4.333333333333333]","[0, 0, 2.967032967032967, 1.3351648351648353, 1.7142857142857142, 5.515151515151515]","[0, 0, 3.5409836065573774, 1.0327868852459017, 7.0, 1.0166666666666666]","[0, 0, 0, 0, 0, 0]","[0, 0, 2.16, 1.3199999999999998, 1.0, 0.925925925925926]","[0, 0, 5.232558139534884, 1.3953488372093024, 3.272727272727273, 5.375]","[0, 0, 4.5, 1.0, 1.5, 1.0]","[0, 0, 0, 0, 0, 0]","[0, 0, 5.7272727272727275, 1.1818181818181819, 4, 1.0]"
58,2020-07-11,20200711SSKT0,"[0, 0, 4.036082474226804, 1.2061855670103092, 2.933333333333333, 6.466666666666667]","[0, 0, 0, 0, 0, 0]","[0, 0, 0, 0, 0, 0]","[0, 0, 3.6, 1.6, 0.7333333333333333, 5.0]","[0, 0, 0, 0, 0, 0]","[0, 0, 5.2388059701492535, 1.5223880597014927, 1.9166666666666667, 0.9710144927536232]","[0, 0, 4.384615384615385, 1.3846153846153846, 1.1333333333333333, 3.0]","[0, 0, 1.6363636363636365, 1.3636363636363635, 1.75, 0.5789473684210527]","[0, 1, 1.6199999999999999, 1.5599999999999998, 1.0769230769230769, 0.8333333333333334]","[0, 0, 0, 0, 0, 0]","[0, 0, 0, 0, 0, 0]","[0, 0, 0, 0, 0, 0]","[0, 0, 5.837837837837839, 1.3783783783783783, 4.0, 1.027777777777778]","[0, 0, 0, 0, 0, 0]","[0, 0, 0, 0, 0, 0]","[0, 0, 0, 0, 0, 0]","[0, 1, 2.0454545454545454, 1.1818181818181819, 1.8571428571428572, 0.9565217391304348]","[0, 1, 6.428571428571428, 1.9047619047619047, 1.125, 1.05]","[0, 0, 0, 0, 0, 0]","[0, 1, 3.7594936708860756, 1.2911392405063291, 1.9, 1.0533333333333332]","[0, 0, 0, 0, 0, 0]","[1, 0, 3.0805369127516777, 1.2281879194630874, 1.8571428571428572, 5.518518518518518]","[0, 0, 0, 0, 0, 0]","[0, 0, 5.538461538461538, 1.3846153846153846, 2.0, 4.333333333333333]","[0, 0, 2.967032967032967, 1.3351648351648353, 1.7142857142857142, 5.515151515151515]","[0, 0, 3.5409836065573774, 1.0327868852459017, 7.0, 1.0166666666666666]","[0, 0, 0, 0, 0, 0]","[0, 1, 3.8571428571428568, 1.5, 0.8571428571428571, 0.9333333333333333]","[0, 0, 5.232558139534884, 1.3953488372093024, 3.272727272727273, 5.375]","[0, 0, 4.5, 1.0, 1.5, 1.0]","[0, 0, 0, 0, 0, 0]","[0, 0, 5.7272727272727275, 1.1818181818181819, 4, 1.0]"
59,2020-07-14,20200714HTSS0,"[1, 0, 3.820754716981132, 1.1886792452830188, 2.764705882352941, 6.424242424242425]","[0, 0, 0, 0, 0, 0]","[0, 0, 0, 0, 0, 0]","[0, 0, 3.6, 1.6, 0.7333333333333333, 5.0]","[0, 0, 0, 0, 0, 0]","[0, 0, 5.2388059701492535, 1.5223880597014927, 1.9166666666666667, 0.9710144927536232]","[0, 0, 4.384615384615385, 1.3846153846153846, 1.1333333333333333, 3.0]","[0, 0, 1.6363636363636365, 1.3636363636363635, 1.75, 0.5789473684210527]","[0, 0, 1.6199999999999999, 1.5599999999999998, 1.0769230769230769, 0.8333333333333334]","[0, 0, 0, 0, 0, 0]","[0, 0, 0, 0, 0, 0]","[0, 0, 0, 0, 0, 0]","[0, 0, 5.837837837837839, 1.3783783783783783, 4.0, 1.027777777777778]","[0, 0, 0, 0, 0, 0]","[0, 0, 0, 0, 0, 0]","[0, 0, 0, 0, 0, 0]","[0, 1, 1.9565217391304348, 1.2173913043478262, 1.7333333333333334, 0.9583333333333334]","[0, 0, 6.428571428571428, 1.9047619047619047, 1.125, 1.05]","[0, 0, 0, 0, 0, 0]","[0, 0, 3.7594936708860756, 1.2911392405063291, 1.9, 1.0533333333333332]","[0, 0, 0, 0, 0, 0]","[0, 0, 3.0805369127516777, 1.2281879194630874, 1.8571428571428572, 5.518518518518518]","[0, 0, 0, 0, 0, 0]","[0, 0, 5.538461538461538, 1.3846153846153846, 2.0, 4.333333333333333]","[0, 0, 2.967032967032967, 1.3351648351648353, 1.7142857142857142, 5.515151515151515]","[0, 0, 3.5409836065573774, 1.0327868852459017, 7.0, 1.0166666666666666]","[0, 0, 0, 0, 0, 0]","[0, 1, 4.354838709677419, 1.5483870967741935, 1.0, 0.9393939393939394]","[0, 0, 5.232558139534884, 1.3953488372093024, 3.272727272727273, 5.375]","[0, 0, 4.5, 1.0, 1.5, 1.0]","[0, 0, 0, 0, 0, 0]","[0, 0, 5.7272727272727275, 1.1818181818181819, 4, 1.0]"
60,2020-07-15,20200715HTSS0,"[0, 0, 3.820754716981132, 1.1886792452830188, 2.764705882352941, 6.424242424242425]","[0, 0, 0, 0, 0, 0]","[0, 0, 0, 0, 0, 0]","[0, 0, 3.6, 1.6, 0.7333333333333333, 5.0]","[0, 0, 0, 0, 0, 0]","[0, 0, 5.2388059701492535, 1.5223880597014927, 1.9166666666666667, 0.9710144927536232]","[0, 0, 4.384615384615385, 1.3846153846153846, 1.1333333333333333, 3.0]","[0, 0, 1.6363636363636365, 1.3636363636363635, 1.75, 0.5789473684210527]","[0, 0, 1.6199999999999999, 1.5599999999999998, 1.0769230769230769, 0.8333333333333334]","[0, 0, 0, 0, 0, 0]","[0, 0, 0, 0, 0, 0]","[0, 0, 0, 0, 0, 0]","[0, 0, 5.837837837837839, 1.3783783783783783, 4.0, 1.027777777777778]","[0, 0, 0, 0, 0, 0]","[0, 0, 0, 0, 0, 0]","[0, 0, 0, 0, 0, 0]","[0, 1, 1.875, 1.1666666666666667, 1.8, 0.96]","[0, 0, 6.428571428571428, 1.9047619047619047, 1.125, 1.05]","[0, 0, 0, 0, 0, 0]","[0, 0, 3.7594936708860756, 1.2911392405063291, 1.9, 1.0533333333333332]","[0, 0, 0, 0, 0, 0]","[0, 0, 3.0805369127516777, 1.2281879194630874, 1.8571428571428572, 5.518518518518518]","[0, 0, 0, 0, 0, 0]","[0, 0, 5.538461538461538, 1.3846153846153846, 2.0, 4.333333333333333]","[0, 0, 2.967032967032967, 1.3351648351648353, 1.7142857142857142, 5.515151515151515]","[0, 1, 3.4285714285714284, 1.0476190476190477, 4.666666666666667, 1.0]","[0, 0, 0, 0, 0, 0]","[0, 1, 3.9705882352941178, 1.588235294117647, 1.0, 0.9444444444444445]","[1, 0, 5.4375, 1.4375, 2.7142857142857144, 5.333333333333333]","[0, 0, 4.5, 1.0, 1.5, 1.0]","[0, 0, 0, 0, 0, 0]","[0, 0, 5.7272727272727275, 1.1818181818181819, 4, 1.0]"
61,2020-07-16,20200716HTSS0,"[0, 0, 3.820754716981132, 1.1886792452830188, 2.764705882352941, 6.424242424242425]","[0, 0, 0, 0, 0, 0]","[0, 0, 0, 0, 0, 0]","[1, 0, 4.153846153846154, 1.7307692307692308, 0.7647058823529411, 4.333333333333333]","[0, 0, 0, 0, 0, 0]","[0, 0, 5.2388059701492535, 1.5223880597014927, 1.9166666666666667, 0.9710144927536232]","[0, 1, 4.534351145038168, 1.465648854961832, 1.1176470588235294, 3.119047619047619]","[0, 0, 1.6363636363636365, 1.3636363636363635, 1.75, 0.5789473684210527]","[0, 1, 2.7, 1.68, 1.0, 0.7936507936507937]","[0, 0, 0, 0, 0, 0]","[0, 0, 0, 0, 0, 0]","[0, 0, 0, 0, 0, 0]","[0, 0, 5.837837837837839, 1.3783783783783783, 4.0, 1.027777777777778]","[0, 0, 0, 0, 0, 0]","[0, 0, 0, 0, 0, 0]","[0, 0, 0, 0, 0, 0]","[0, 0, 1.875, 1.1666666666666667, 1.8, 0.96]","[0, 1, 6.136363636363636, 1.8181818181818181, 1.125, 1.0476190476190477]","[0, 0, 0, 0, 0, 0]","[0, 1, 3.6219512195121952, 1.2439024390243902, 2.0, 1.0512820512820513]","[0, 0, 0, 0, 0, 0]","[0, 0, 3.0805369127516777, 1.2281879194630874, 1.8571428571428572, 5.518518518518518]","[0, 0, 0, 0, 0, 0]","[0, 0, 5.538461538461538, 1.3846153846153846, 2.0, 4.333333333333333]","[0, 0, 2.967032967032967, 1.3351648351648353, 1.7142857142857142, 5.515151515151515]","[0, 0, 3.4285714285714284, 1.0476190476190477, 4.666666666666667, 1.0]","[0, 0, 0, 0, 0, 0]","[0, 0, 3.9705882352941178, 1.588235294117647, 1.0, 0.9444444444444445]","[0, 0, 5.4375, 1.4375, 2.7142857142857144, 5.333333333333333]","[0, 0, 4.5, 1.0, 1.5, 1.0]","[0, 0, 0, 0, 0, 0]","[0, 0, 5.7272727272727275, 1.1818181818181819, 4, 1.0]"
62,2020-07-17,20200717LTSS0,"[0, 0, 3.820754716981132, 1.1886792452830188, 2.764705882352941, 6.424242424242425]","[0, 0, 0, 0, 0, 0]","[0, 0, 0, 0, 0, 0]","[0, 0, 4.153846153846154, 1.7307692307692308, 0.7647058823529411, 4.333333333333333]","[0, 0, 0, 0, 0, 0]","[0, 1, 5.086956521739131, 1.5217391304347827, 1.7692307692307692, 0.9583333333333334]","[0, 0, 4.534351145038168, 1.465648854961832, 1.1176470588235294, 3.119047619047619]","[0, 0, 1.6363636363636365, 1.3636363636363635, 1.75, 0.5789473684210527]","[0, 0, 2.7, 1.68, 1.0, 0.7936507936507937]","[0, 0, 0, 0, 0, 0]","[0, 0, 0, 0, 0, 0]","[0, 0, 0, 0, 0, 0]","[0, 1, 5.4, 1.275, 4.666666666666667, 1.0256410256410258]","[0, 0, 0, 0, 0, 0]","[0, 0, 0, 0, 0, 0]","[0, 0, 0, 0, 0, 0]","[0, 1, 2.1891891891891895, 1.2162162162162162, 1.8666666666666667, 0.9487179487179488]","[0, 1, 6.850746268656716, 1.8805970149253732, 1.1875, 1.0151515151515151]","[0, 0, 0, 0, 0, 0]","[0, 0, 3.6219512195121952, 1.2439024390243902, 2.0, 1.0512820512820513]","[0, 0, 0, 0, 0, 0]","[1, 0, 4.024844720496895, 1.360248447204969, 1.75, 5.366666666666666]","[0, 0, 0, 0, 0, 0]","[0, 0, 5.538461538461538, 1.3846153846153846, 2.0, 4.333333333333333]","[0, 0, 2.967032967032967, 1.3351648351648353, 1.7142857142857142, 5.515151515151515]","[0, 0, 3.4285714285714284, 1.0476190476190477, 4.666666666666667, 1.0]","[0, 0, 0, 0, 0, 0]","[0, 1, 5.684210526315789, 1.736842105263158, 1.125, 0.9743589743589743]","[0, 0, 5.4375, 1.4375, 2.7142857142857144, 5.333333333333333]","[0, 0, 4.5, 1.0, 1.5, 1.0]","[0, 0, 0, 0, 0, 0]","[0, 0, 5.7272727272727275, 1.1818181818181819, 4, 1.0]"
63,2020-07-18,20200718LTSS0,"[0, 0, 3.820754716981132, 1.1886792452830188, 2.764705882352941, 6.424242424242425]","[0, 0, 0, 0, 0, 0]","[0, 0, 0, 0, 0, 0]","[0, 0, 4.153846153846154, 1.7307692307692308, 0.7647058823529411, 4.333333333333333]","[0, 0, 0, 0, 0, 0]","[0, 0, 5.086956521739131, 1.5217391304347827, 1.7692307692307692, 0.9583333333333334]","[0, 0, 4.534351145038168, 1.465648854961832, 1.1176470588235294, 3.119047619047619]","[0, 0, 1.6363636363636365, 1.3636363636363635, 1.75, 0.5789473684210527]","[0, 0, 2.7, 1.68, 1.0, 0.7936507936507937]","[0, 0, 0, 0, 0, 0]","[0, 0, 0, 0, 0, 0]","[0, 0, 0, 0, 0, 0]","[0, 0, 5.4, 1.275, 4.666666666666667, 1.0256410256410258]","[0, 0, 0, 0, 0, 0]","[0, 0, 0, 0, 0, 0]","[0, 0, 0, 0, 0, 0]","[0, 1, 2.16, 1.24, 1.8666666666666667, 0.9259259259259259]","[0, 0, 6.850746268656716, 1.8805970149253732, 1.1875, 1.0151515151515151]","[0, 0, 0, 0, 0, 0]","[0, 1, 3.6818181818181817, 1.2613636363636365, 1.9090909090909092, 1.0864197530864197]","[0, 0, 0, 0, 0, 0]","[0, 0, 4.024844720496895, 1.360248447204969, 1.75, 5.366666666666666]","[0, 0, 0, 0, 0, 0]","[1, 0, 5.4, 1.3499999999999999, 2.0, 3.3333333333333335]","[0, 0, 2.967032967032967, 1.3351648351648353, 1.7142857142857142, 5.515151515151515]","[0, 1, 3.2238805970149254, 1.0298507462686568, 4.666666666666667, 1.0151515151515151]","[0, 0, 0, 0, 0, 0]","[0, 1, 5.2682926829268295, 1.6829268292682928, 1.125, 0.9761904761904762]","[0, 0, 5.4375, 1.4375, 2.7142857142857144, 5.333333333333333]","[0, 0, 4.5, 1.0, 1.5, 1.0]","[0, 0, 0, 0, 0, 0]","[0, 0, 5.7272727272727275, 1.1818181818181819, 4, 1.0]"
64,2020-07-19,20200719LTSS0,"[1, 0, 3.4763948497854074, 1.1716738197424892, 2.9411764705882355, 6.472222222222222]","[0, 0, 0, 0, 0, 0]","[0, 0, 0, 0, 0, 0]","[0, 0, 4.153846153846154, 1.7307692307692308, 0.7647058823529411, 4.333333333333333]","[0, 0, 0, 0, 0, 0]","[0, 0, 5.086956521739131, 1.5217391304347827, 1.7692307692307692, 0.9583333333333334]","[0, 0, 4.534351145038168, 1.465648854961832, 1.1176470588235294, 3.119047619047619]","[0, 0, 1.6363636363636365, 1.3636363636363635, 1.75, 0.5789473684210527]","[0, 0, 2.7, 1.68, 1.0, 0.7936507936507937]","[0, 0, 0, 0, 0, 0]","[0, 0, 0, 0, 0, 0]","[0, 0, 0, 0, 0, 0]","[0, 0, 5.4, 1.275, 4.666666666666667, 1.0256410256410258]","[0, 0, 0, 0, 0, 0]","[0, 0, 0, 0, 0, 0]","[0, 0, 0, 0, 0, 0]","[0, 0, 2.16, 1.24, 1.8666666666666667, 0.9259259259259259]","[0, 0, 6.850746268656716, 1.8805970149253732, 1.1875, 1.0151515151515151]","[0, 0, 0, 0, 0, 0]","[0, 0, 3.6818181818181817, 1.2613636363636365, 1.9090909090909092, 1.0864197530864197]","[0, 0, 0, 0, 0, 0]","[0, 0, 4.024844720496895, 1.360248447204969, 1.75, 5.366666666666666]","[0, 0, 0, 0, 0, 0]","[0, 0, 5.4, 1.3499999999999999, 2.0, 3.3333333333333335]","[0, 0, 2.967032967032967, 1.3351648351648353, 1.7142857142857142, 5.515151515151515]","[0, 1, 3.0857142857142854, 0.9857142857142858, 4.666666666666667, 1.0144927536231882]","[0, 0, 0, 0, 0, 0]","[0, 0, 5.2682926829268295, 1.6829268292682928, 1.125, 0.9761904761904762]","[0, 0, 5.4375, 1.4375, 2.7142857142857144, 5.333333333333333]","[0, 0, 4.5, 1.0, 1.5, 1.0]","[0, 0, 0, 0, 0, 0]","[0, 0, 5.7272727272727275, 1.1818181818181819, 4, 1.0]"
