,date,game_key,양선률,킹엄,핀토,오원석,이태양,박종훈,서진용,정영일,문승원,김정빈,조영우,이건욱,박민호,김택형,김주온,이재관,김찬호,김주한,정수민,이원준,김정우,하재훈,백승건,최재성,윤희상,신재웅,김세현,박희수,김태훈
0,2020-05-05,20200505HHSK0,"[0, 0, 0, 0, 0, 0]","[1, 0, 0, 0, 0, 0]","[0, 0, 0, 0, 0, 0]","[0, 0, 0, 0, 0, 0]","[0, 0, 0, 0, 0, 0]","[0, 0, 0, 0, 0, 0]","[0, 0, 0, 0, 0, 0]","[0, 0, 0, 0, 0, 0]","[0, 0, 0, 0, 0, 0]","[0, 1, 0, 0, 0, 0]","[0, 0, 0, 0, 0, 0]","[0, 0, 0, 0, 0, 0]","[0, 0, 0, 0, 0, 0]","[0, 0, 0, 0, 0, 0]","[0, 0, 0, 0, 0, 0]","[0, 0, 0, 0, 0, 0]","[0, 0, 0, 0, 0, 0]","[0, 0, 0, 0, 0, 0]","[0, 0, 0, 0, 0, 0]","[0, 0, 0, 0, 0, 0]","[0, 0, 0, 0, 0, 0]","[0, 0, 0, 0, 0, 0]","[0, 0, 0, 0, 0, 0]","[0, 0, 0, 0, 0, 0]","[0, 0, 0, 0, 0, 0]","[0, 0, 0, 0, 0, 0]","[0, 1, 0, 0, 0, 0]","[0, 0, 0, 0, 0, 0]","[0, 0, 0, 0, 0, 0]"
1,2020-05-06,20200506HHSK0,"[0, 0, 0, 0, 0, 0]","[0, 0, 0, 0, 0, 0]","[1, 0, 0, 0, 0, 0]","[0, 0, 0, 0, 0, 0]","[0, 0, 0, 0, 0, 0]","[0, 0, 0, 0, 0, 0]","[0, 1, 0, 0, 0, 0]","[0, 0, 0, 0, 0, 0]","[0, 0, 0, 0, 0, 0]","[0, 0, 0, 0, 0, 0]","[0, 0, 0, 0, 0, 0]","[0, 0, 0, 0, 0, 0]","[0, 1, 0, 0, 0, 0]","[0, 0, 0, 0, 0, 0]","[0, 0, 0, 0, 0, 0]","[0, 0, 0, 0, 0, 0]","[0, 0, 0, 0, 0, 0]","[0, 0, 0, 0, 0, 0]","[0, 0, 0, 0, 0, 0]","[0, 0, 0, 0, 0, 0]","[0, 0, 0, 0, 0, 0]","[0, 1, 0, 0, 0, 0]","[0, 0, 0, 0, 0, 0]","[0, 0, 0, 0, 0, 0]","[0, 0, 0, 0, 0, 0]","[0, 0, 0, 0, 0, 0]","[0, 0, 0, 0, 0, 0]","[0, 0, 0, 0, 0, 0]","[0, 0, 0, 0, 0, 0]"
2,2020-05-07,20200507HHSK0,"[0, 0, 0, 0, 0, 0]","[0, 0, 0, 0, 0, 0]","[0, 0, 0, 0, 0, 0]","[0, 0, 0, 0, 0, 0]","[0, 0, 0, 0, 0, 0]","[1, 0, 0, 0, 0, 0]","[0, 0, 0, 0, 0, 0]","[0, 0, 0, 0, 0, 0]","[0, 0, 0, 0, 0, 0]","[0, 1, 0.0, 1.0, 1, 1.0]","[0, 0, 0, 0, 0, 0]","[0, 0, 0, 0, 0, 0]","[0, 0, 0, 0, 0, 0]","[0, 1, 0, 0, 0, 0]","[0, 1, 0, 0, 0, 0]","[0, 0, 0, 0, 0, 0]","[0, 0, 0, 0, 0, 0]","[0, 1, 0, 0, 0, 0]","[0, 0, 0, 0, 0, 0]","[0, 0, 0, 0, 0, 0]","[0, 0, 0, 0, 0, 0]","[0, 0, 0, 0, 0, 0]","[0, 0, 0, 0, 0, 0]","[0, 0, 0, 0, 0, 0]","[0, 0, 0, 0, 0, 0]","[0, 0, 0, 0, 0, 0]","[0, 1, 0.0, 1.0, 0, 1.0]","[0, 0, 0, 0, 0, 0]","[0, 0, 0, 0, 0, 0]"
3,2020-05-08,20200508SKLT0,"[0, 0, 0, 0, 0, 0]","[0, 0, 0, 0, 0, 0]","[0, 0, 0, 0, 0, 0]","[0, 0, 0, 0, 0, 0]","[0, 0, 0, 0, 0, 0]","[0, 0, 0, 0, 0, 0]","[0, 1, 0.0, 0.0, 2, 1.0]","[0, 0, 0, 0, 0, 0]","[1, 0, 0, 0, 0, 0]","[0, 1, 0.0, 0.42857142857142855, 3, 1.1666666666666667]","[0, 0, 0, 0, 0, 0]","[0, 0, 0, 0, 0, 0]","[0, 1, 0.0, 0.0, 0, 0.3333333333333333]","[0, 0, 0, 0, 0, 0]","[0, 0, 0, 0, 0, 0]","[0, 0, 0, 0, 0, 0]","[0, 0, 0, 0, 0, 0]","[0, 1, 40.5, 6.0, 0, 0.6666666666666666]","[0, 0, 0, 0, 0, 0]","[0, 0, 0, 0, 0, 0]","[0, 0, 0, 0, 0, 0]","[0, 0, 0, 0, 0, 0]","[0, 0, 0, 0, 0, 0]","[0, 0, 0, 0, 0, 0]","[0, 0, 0, 0, 0, 0]","[0, 0, 0, 0, 0, 0]","[0, 0, 0.0, 1.0, 0, 1.0]","[0, 0, 0, 0, 0, 0]","[0, 0, 0, 0, 0, 0]"
4,2020-05-10,20200510SKLT0,"[0, 0, 0, 0, 0, 0]","[0, 0, 0, 0, 0, 0]","[0, 0, 0, 0, 0, 0]","[0, 0, 0, 0, 0, 0]","[0, 0, 0, 0, 0, 0]","[0, 0, 0, 0, 0, 0]","[0, 1, 4.5, 0.5, 3, 1.0]","[0, 0, 0, 0, 0, 0]","[0, 0, 0, 0, 0, 0]","[0, 0, 0.0, 0.42857142857142855, 3, 1.1666666666666667]","[0, 0, 0, 0, 0, 0]","[0, 0, 0, 0, 0, 0]","[0, 1, 16.2, 1.7999999999999998, 1, 0.8333333333333334]","[0, 0, 0, 0, 0, 0]","[0, 1, 0.0, 0.0, 1, 2.0]","[0, 0, 0, 0, 0, 0]","[0, 0, 0, 0, 0, 0]","[0, 0, 40.5, 6.0, 0, 0.6666666666666666]","[0, 0, 0, 0, 0, 0]","[0, 0, 0, 0, 0, 0]","[0, 0, 0, 0, 0, 0]","[0, 0, 0, 0, 0, 0]","[0, 0, 0, 0, 0, 0]","[0, 0, 0, 0, 0, 0]","[0, 0, 0, 0, 0, 0]","[0, 0, 0, 0, 0, 0]","[0, 0, 0.0, 1.0, 0, 1.0]","[0, 0, 0, 0, 0, 0]","[1, 0, 0, 0, 0, 0]"
5,2020-05-12,20200512SKLG0,"[0, 0, 0, 0, 0, 0]","[1, 0, 3.8571428571428568, 1.1428571428571428, 2.0, 7.0]","[0, 0, 0, 0, 0, 0]","[0, 0, 0, 0, 0, 0]","[0, 0, 0, 0, 0, 0]","[0, 0, 0, 0, 0, 0]","[0, 0, 4.5, 0.5, 3, 1.0]","[0, 0, 0, 0, 0, 0]","[0, 0, 0, 0, 0, 0]","[0, 0, 0.0, 0.42857142857142855, 3, 1.1666666666666667]","[0, 1, 0, 0, 0, 0]","[0, 1, 0, 0, 0, 0]","[0, 0, 16.2, 1.7999999999999998, 1, 0.8333333333333334]","[0, 1, 10, 10, 0.0, 0.0]","[0, 0, 0.0, 0.0, 1, 2.0]","[0, 0, 0, 0, 0, 0]","[0, 0, 0, 0, 0, 0]","[0, 0, 40.5, 6.0, 0, 0.6666666666666666]","[0, 0, 0, 0, 0, 0]","[0, 0, 0, 0, 0, 0]","[0, 0, 0, 0, 0, 0]","[0, 0, 0, 0, 0, 0]","[0, 0, 0, 0, 0, 0]","[0, 0, 0, 0, 0, 0]","[0, 0, 0, 0, 0, 0]","[0, 0, 0, 0, 0, 0]","[0, 0, 0.0, 1.0, 0, 1.0]","[0, 0, 0, 0, 0, 0]","[0, 0, 0, 0, 0, 0]"
6,2020-05-13,20200513SKLG0,"[0, 0, 0, 0, 0, 0]","[0, 0, 3.8571428571428568, 1.1428571428571428, 2.0, 7.0]","[1, 0, 1.35, 0.8999999999999999, 1.0, 6.666666666666667]","[0, 0, 0, 0, 0, 0]","[0, 0, 0, 0, 0, 0]","[0, 0, 0, 0, 0, 0]","[0, 0, 4.5, 0.5, 3, 1.0]","[0, 0, 0, 0, 0, 0]","[0, 0, 0, 0, 0, 0]","[0, 0, 0.0, 0.42857142857142855, 3, 1.1666666666666667]","[0, 1, 0.0, 0.0, 1, 2.3333333333333335]","[0, 1, 0.0, 0.0, 2, 1.0]","[0, 0, 16.2, 1.7999999999999998, 1, 0.8333333333333334]","[0, 1, 27.0, 4.0, 1.0, 0.5]","[0, 0, 0.0, 0.0, 1, 2.0]","[0, 0, 0, 0, 0, 0]","[0, 0, 0, 0, 0, 0]","[0, 0, 40.5, 6.0, 0, 0.6666666666666666]","[0, 0, 0, 0, 0, 0]","[0, 0, 0, 0, 0, 0]","[0, 0, 0, 0, 0, 0]","[0, 0, 0, 0, 0, 0]","[0, 0, 0, 0, 0, 0]","[0, 0, 0, 0, 0, 0]","[0, 0, 0, 0, 0, 0]","[0, 0, 0, 0, 0, 0]","[0, 0, 0.0, 1.0, 0, 1.0]","[0, 0, 0, 0, 0, 0]","[0, 0, 0, 0, 0, 0]"
7,2020-05-14,20200514SKLG0,"[0, 0, 0, 0, 0, 0]","[0, 0, 3.8571428571428568, 1.1428571428571428, 2.0, 7.0]","[0, 0, 1.35, 0.8999999999999999, 1.0, 6.666666666666667]","[0, 0, 0, 0, 0, 0]","[0, 0, 0, 0, 0, 0]","[1, 0, 3.6, 1.8, 4.0, 5.0]","[0, 1, 11.571428571428571, 1.2857142857142856, 3, 0.7777777777777778]","[0, 0, 0, 0, 0, 0]","[0, 0, 0, 0, 0, 0]","[0, 1, 0.0, 0.6, 4.0, 1.1111111111111112]","[0, 0, 0.0, 0.0, 1, 2.3333333333333335]","[0, 0, 0.0, 0.0, 2, 1.0]","[0, 0, 16.2, 1.7999999999999998, 1, 0.8333333333333334]","[0, 0, 27.0, 4.0, 1.0, 0.5]","[0, 1, 0.0, 0.75, 2.0, 1.3333333333333333]","[0, 0, 0, 0, 0, 0]","[0, 0, 0, 0, 0, 0]","[0, 0, 40.5, 6.0, 0, 0.6666666666666666]","[0, 0, 0, 0, 0, 0]","[0, 0, 0, 0, 0, 0]","[0, 0, 0, 0, 0, 0]","[0, 0, 0, 0, 0, 0]","[0, 0, 0, 0, 0, 0]","[0, 0, 0, 0, 0, 0]","[0, 0, 0, 0, 0, 0]","[0, 0, 0, 0, 0, 0]","[0, 0, 0.0, 1.0, 0, 1.0]","[0, 0, 0, 0, 0, 0]","[0, 0, 0, 0, 0, 0]"
8,2020-05-15,20200515NCSK0,"[0, 0, 0, 0, 0, 0]","[0, 0, 3.8571428571428568, 1.1428571428571428, 2.0, 7.0]","[0, 0, 1.35, 0.8999999999999999, 1.0, 6.666666666666667]","[0, 0, 0, 0, 0, 0]","[0, 0, 0, 0, 0, 0]","[0, 0, 3.6, 1.8, 4.0, 5.0]","[0, 1, 8.1, 1.5, 5.0, 0.8333333333333334]","[0, 0, 0, 0, 0, 0]","[1, 0, 6.352941176470588, 1.588235294117647, 7, 5.666666666666667]","[0, 1, 0.0, 0.6923076923076924, 6.0, 1.0833333333333333]","[0, 1, 0.0, 0.3, 2, 1.6666666666666667]","[0, 0, 0.0, 0.0, 2, 1.0]","[0, 1, 10.125, 1.5, 1, 0.8888888888888888]","[0, 0, 27.0, 4.0, 1.0, 0.5]","[0, 0, 0.0, 0.75, 2.0, 1.3333333333333333]","[0, 0, 0, 0, 0, 0]","[0, 0, 0, 0, 0, 0]","[0, 0, 40.5, 6.0, 0, 0.6666666666666666]","[0, 0, 0, 0, 0, 0]","[0, 0, 0, 0, 0, 0]","[0, 0, 0, 0, 0, 0]","[0, 1, 9.0, 3.0, 0.0, 1.0]","[0, 0, 0, 0, 0, 0]","[0, 0, 0, 0, 0, 0]","[0, 0, 0, 0, 0, 0]","[0, 0, 0, 0, 0, 0]","[0, 0, 0.0, 1.0, 0, 1.0]","[0, 0, 0, 0, 0, 0]","[0, 0, 0, 0, 0, 0]"
9,2020-05-16,20200516NCSK0,"[0, 0, 0, 0, 0, 0]","[0, 0, 3.8571428571428568, 1.1428571428571428, 2.0, 7.0]","[0, 0, 1.35, 0.8999999999999999, 1.0, 6.666666666666667]","[0, 0, 0, 0, 0, 0]","[0, 0, 0, 0, 0, 0]","[0, 0, 3.6, 1.8, 4.0, 5.0]","[0, 0, 8.1, 1.5, 5.0, 0.8333333333333334]","[0, 0, 0, 0, 0, 0]","[0, 0, 6.352941176470588, 1.588235294117647, 7, 5.666666666666667]","[0, 0, 0.0, 0.6923076923076924, 6.0, 1.0833333333333333]","[0, 0, 0.0, 0.3, 2, 1.6666666666666667]","[0, 0, 0.0, 0.0, 2, 1.0]","[0, 1, 6.75, 1.25, 1.0, 1.0]","[0, 0, 27.0, 4.0, 1.0, 0.5]","[0, 1, 2.25, 1.25, 3.0, 1.3333333333333333]","[0, 0, 0, 0, 0, 0]","[0, 0, 0, 0, 0, 0]","[0, 0, 40.5, 6.0, 0, 0.6666666666666666]","[0, 0, 0, 0, 0, 0]","[0, 0, 0, 0, 0, 0]","[0, 0, 0, 0, 0, 0]","[0, 0, 9.0, 3.0, 0.0, 1.0]","[0, 0, 0, 0, 0, 0]","[0, 0, 0, 0, 0, 0]","[0, 0, 0, 0, 0, 0]","[0, 0, 0, 0, 0, 0]","[0, 0, 0.0, 1.0, 0, 1.0]","[0, 1, 0, 0, 0, 0]","[1, 0, 3.0, 0.8333333333333334, 1.0, 6.0]"
10,2020-05-17,20200517NCSK0,"[0, 0, 0, 0, 0, 0]","[0, 0, 3.8571428571428568, 1.1428571428571428, 2.0, 7.0]","[0, 0, 1.35, 0.8999999999999999, 1.0, 6.666666666666667]","[0, 0, 0, 0, 0, 0]","[0, 0, 0, 0, 0, 0]","[0, 0, 3.6, 1.8, 4.0, 5.0]","[0, 1, 15.750000000000002, 2.25, 2.0, 0.8]","[0, 0, 0, 0, 0, 0]","[0, 0, 6.352941176470588, 1.588235294117647, 7, 5.666666666666667]","[0, 0, 0.0, 0.6923076923076924, 6.0, 1.0833333333333333]","[0, 1, 0.0, 0.8181818181818182, 2.0, 1.222222222222222]","[0, 0, 0.0, 0.0, 2, 1.0]","[0, 0, 6.75, 1.25, 1.0, 1.0]","[0, 0, 27.0, 4.0, 1.0, 0.5]","[0, 1, 6.75, 1.75, 3.0, 1.0]","[0, 0, 0, 0, 0, 0]","[0, 0, 0, 0, 0, 0]","[0, 0, 40.5, 6.0, 0, 0.6666666666666666]","[0, 0, 0, 0, 0, 0]","[0, 1, 0, 0, 0, 0]","[0, 0, 0, 0, 0, 0]","[0, 0, 9.0, 3.0, 0.0, 1.0]","[1, 0, 0, 0, 0, 0]","[0, 0, 0, 0, 0, 0]","[0, 0, 0, 0, 0, 0]","[0, 0, 0, 0, 0, 0]","[0, 0, 0.0, 1.0, 0, 1.0]","[0, 1, 0.0, 0.0, 1, 1.0]","[0, 0, 3.0, 0.8333333333333334, 1.0, 6.0]"
11,2020-05-19,20200519SKWO0,"[0, 0, 0, 0, 0, 0]","[0, 0, 3.8571428571428568, 1.1428571428571428, 2.0, 7.0]","[1, 0, 3.176470588235294, 1.5, 0.5714285714285714, 5.666666666666667]","[0, 0, 0, 0, 0, 0]","[0, 0, 0, 0, 0, 0]","[0, 0, 3.6, 1.8, 4.0, 5.0]","[0, 0, 15.750000000000002, 2.25, 2.0, 0.8]","[0, 0, 0, 0, 0, 0]","[0, 0, 6.352941176470588, 1.588235294117647, 7, 5.666666666666667]","[0, 0, 0.0, 0.6923076923076924, 6.0, 1.0833333333333333]","[0, 1, 5.0625, 1.3125, 0.6666666666666666, 1.3333333333333333]","[0, 0, 0.0, 0.0, 2, 1.0]","[0, 1, 5.4, 1.4, 1.0, 1.0]","[0, 0, 27.0, 4.0, 1.0, 0.5]","[0, 0, 6.75, 1.75, 3.0, 1.0]","[0, 0, 0, 0, 0, 0]","[0, 0, 0, 0, 0, 0]","[0, 1, 36.0, 5.0, 0.0, 0.5]","[0, 0, 0, 0, 0, 0]","[0, 0, 0, 0, 0, 0]","[0, 0, 0, 0, 0, 0]","[0, 0, 9.0, 3.0, 0.0, 1.0]","[0, 0, 0, 0, 0, 0]","[0, 0, 0, 0, 0, 0]","[0, 0, 0, 0, 0, 0]","[0, 0, 0, 0, 0, 0]","[0, 0, 0.0, 1.0, 0, 1.0]","[0, 1, 20.25, 3.0, 1, 0.6666666666666666]","[0, 0, 3.0, 0.8333333333333334, 1.0, 6.0]"
12,2020-05-20,20200520SKWO0,"[0, 0, 0, 0, 0, 0]","[0, 0, 3.8571428571428568, 1.1428571428571428, 2.0, 7.0]","[0, 0, 3.176470588235294, 1.5, 0.5714285714285714, 5.666666666666667]","[0, 0, 0, 0, 0, 0]","[0, 0, 0, 0, 0, 0]","[1, 0, 3.6, 1.7, 3.6666666666666665, 5.0]","[0, 1, 12.6, 1.8, 2.0, 0.8333333333333334]","[0, 0, 0, 0, 0, 0]","[0, 0, 6.352941176470588, 1.588235294117647, 7, 5.666666666666667]","[0, 1, 0.0, 0.8, 8.0, 1.0]","[0, 0, 5.0625, 1.3125, 0.6666666666666666, 1.3333333333333333]","[0, 0, 0.0, 0.0, 2, 1.0]","[0, 0, 5.4, 1.4, 1.0, 1.0]","[0, 0, 27.0, 4.0, 1.0, 0.5]","[0, 0, 6.75, 1.75, 3.0, 1.0]","[0, 0, 0, 0, 0, 0]","[0, 0, 0, 0, 0, 0]","[0, 0, 36.0, 5.0, 0.0, 0.5]","[0, 0, 0, 0, 0, 0]","[0, 0, 0, 0, 0, 0]","[0, 0, 0, 0, 0, 0]","[0, 1, 4.5, 1.5, 1.0, 1.0]","[0, 0, 0, 0, 0, 0]","[0, 0, 0, 0, 0, 0]","[0, 0, 0, 0, 0, 0]","[0, 0, 0, 0, 0, 0]","[0, 0, 0.0, 1.0, 0, 1.0]","[0, 0, 20.25, 3.0, 1, 0.6666666666666666]","[0, 0, 3.0, 0.8333333333333334, 1.0, 6.0]"
13,2020-05-21,20200521SKWO0,"[0, 0, 0, 0, 0, 0]","[0, 0, 3.8571428571428568, 1.1428571428571428, 2.0, 7.0]","[0, 0, 3.176470588235294, 1.5, 0.5714285714285714, 5.666666666666667]","[0, 0, 0, 0, 0, 0]","[0, 0, 0, 0, 0, 0]","[0, 0, 3.6, 1.7, 3.6666666666666665, 5.0]","[0, 1, 9.0, 1.4285714285714286, 2.3333333333333335, 1.0]","[0, 1, 0, 0, 0, 0]","[1, 0, 4.628571428571429, 1.4571428571428573, 14.0, 5.833333333333333]","[0, 1, 0.0, 0.6666666666666666, 9.0, 1.0]","[0, 1, 5.684210526315789, 1.4210526315789473, 1.0, 1.2666666666666666]","[0, 0, 0.0, 0.0, 2, 1.0]","[0, 1, 4.05, 1.2, 1.5, 1.1111111111111112]","[0, 0, 27.0, 4.0, 1.0, 0.5]","[0, 1, 5.0625, 1.3125, 4.0, 1.0666666666666667]","[0, 0, 0, 0, 0, 0]","[0, 0, 0, 0, 0, 0]","[0, 0, 36.0, 5.0, 0.0, 0.5]","[0, 0, 0, 0, 0, 0]","[0, 0, 0, 0, 0, 0]","[0, 0, 0, 0, 0, 0]","[0, 1, 3.0, 1.3333333333333333, 0.5, 1.0]","[0, 0, 0, 0, 0, 0]","[0, 0, 0, 0, 0, 0]","[0, 0, 0, 0, 0, 0]","[0, 0, 0, 0, 0, 0]","[0, 0, 0.0, 1.0, 0, 1.0]","[0, 0, 20.25, 3.0, 1, 0.6666666666666666]","[0, 0, 3.0, 0.8333333333333334, 1.0, 6.0]"
14,2020-05-22,20200522HTSK0,"[0, 0, 0, 0, 0, 0]","[0, 0, 3.8571428571428568, 1.1428571428571428, 2.0, 7.0]","[0, 0, 3.176470588235294, 1.5, 0.5714285714285714, 5.666666666666667]","[0, 0, 0, 0, 0, 0]","[0, 0, 0, 0, 0, 0]","[0, 0, 3.6, 1.7, 3.6666666666666665, 5.0]","[0, 0, 9.0, 1.4285714285714286, 2.3333333333333335, 1.0]","[0, 0, 0, 0, 0, 0]","[0, 0, 4.628571428571429, 1.4571428571428573, 14.0, 5.833333333333333]","[0, 0, 0.0, 0.6666666666666666, 9.0, 1.0]","[0, 0, 5.684210526315789, 1.4210526315789473, 1.0, 1.2666666666666666]","[0, 0, 0.0, 0.0, 2, 1.0]","[0, 1, 5.142857142857142, 1.4285714285714286, 2.0, 1.0]","[0, 0, 27.0, 4.0, 1.0, 0.5]","[0, 1, 6.75, 1.5, 2.0, 0.8888888888888888]","[0, 0, 0, 0, 0, 0]","[0, 0, 0, 0, 0, 0]","[1, 0, 45.0, 8.0, 0.0, 0.3333333333333333]","[0, 0, 0, 0, 0, 0]","[0, 1, 5.4, 3.0, 0.5, 1.6666666666666667]","[0, 0, 0, 0, 0, 0]","[0, 0, 3.0, 1.3333333333333333, 0.5, 1.0]","[0, 0, 0, 0, 0, 0]","[0, 0, 0, 0, 0, 0]","[0, 0, 0, 0, 0, 0]","[0, 0, 0, 0, 0, 0]","[0, 0, 0.0, 1.0, 0, 1.0]","[0, 1, 15.428571428571427, 2.142857142857143, 2, 0.7777777777777778]","[0, 0, 3.0, 0.8333333333333334, 1.0, 6.0]"
15,2020-05-23,20200523HTSK0,"[0, 0, 0, 0, 0, 0]","[0, 0, 3.8571428571428568, 1.1428571428571428, 2.0, 7.0]","[0, 0, 3.176470588235294, 1.5, 0.5714285714285714, 5.666666666666667]","[0, 0, 0, 0, 0, 0]","[0, 0, 0, 0, 0, 0]","[0, 0, 3.6, 1.7, 3.6666666666666665, 5.0]","[0, 0, 9.0, 1.4285714285714286, 2.3333333333333335, 1.0]","[0, 1, 0.0, 0.0, 1, 1.0]","[0, 0, 4.628571428571429, 1.4571428571428573, 14.0, 5.833333333333333]","[0, 0, 0.0, 0.6666666666666666, 9.0, 1.0]","[0, 1, 5.684210526315789, 1.5789473684210527, 1.0, 1.0555555555555556]","[0, 0, 0.0, 0.0, 2, 1.0]","[0, 0, 5.142857142857142, 1.4285714285714286, 2.0, 1.0]","[0, 0, 27.0, 4.0, 1.0, 0.5]","[0, 0, 6.75, 1.5, 2.0, 0.8888888888888888]","[0, 0, 0, 0, 0, 0]","[0, 0, 0, 0, 0, 0]","[0, 0, 45.0, 8.0, 0.0, 0.3333333333333333]","[0, 0, 0, 0, 0, 0]","[0, 0, 5.4, 3.0, 0.5, 1.6666666666666667]","[0, 0, 0, 0, 0, 0]","[0, 0, 3.0, 1.3333333333333333, 0.5, 1.0]","[0, 0, 0, 0, 0, 0]","[0, 0, 0, 0, 0, 0]","[0, 0, 0, 0, 0, 0]","[0, 1, 0, 0, 0, 0]","[0, 0, 0.0, 1.0, 0, 1.0]","[0, 1, 13.5, 2.1, 5.0, 0.8333333333333334]","[1, 0, 1.3846153846153846, 0.7692307692307693, 1.5, 6.5]"
16,2020-05-24,20200524HTSK0,"[0, 0, 0, 0, 0, 0]","[0, 0, 3.8571428571428568, 1.1428571428571428, 2.0, 7.0]","[1, 0, 6.319148936170213, 1.8510638297872342, 0.8, 5.222222222222222]","[0, 0, 0, 0, 0, 0]","[0, 0, 0, 0, 0, 0]","[0, 0, 3.6, 1.7, 3.6666666666666665, 5.0]","[0, 1, 7.875000000000001, 1.25, 3.3333333333333335, 1.0]","[0, 1, 9.0, 1.0, 3, 1.0]","[0, 0, 4.628571428571429, 1.4571428571428573, 14.0, 5.833333333333333]","[0, 1, 0.0, 0.6818181818181819, 10.0, 1.0476190476190477]","[0, 0, 5.684210526315789, 1.5789473684210527, 1.0, 1.0555555555555556]","[0, 0, 0.0, 0.0, 2, 1.0]","[0, 1, 4.5, 1.5, 1.25, 1.0]","[0, 0, 27.0, 4.0, 1.0, 0.5]","[0, 0, 6.75, 1.5, 2.0, 0.8888888888888888]","[0, 0, 0, 0, 0, 0]","[0, 0, 0, 0, 0, 0]","[0, 0, 45.0, 8.0, 0.0, 0.3333333333333333]","[0, 0, 0, 0, 0, 0]","[0, 0, 5.4, 3.0, 0.5, 1.6666666666666667]","[0, 0, 0, 0, 0, 0]","[0, 1, 4.5, 1.5, 0.6666666666666666, 1.0]","[0, 0, 0, 0, 0, 0]","[0, 0, 0, 0, 0, 0]","[0, 0, 0, 0, 0, 0]","[0, 0, 0, 0, 0, 0]","[0, 0, 0.0, 1.0, 0, 1.0]","[0, 0, 13.5, 2.1, 5.0, 0.8333333333333334]","[0, 0, 1.3846153846153846, 0.7692307692307693, 1.5, 6.5]"
17,2020-05-26,20200526SKOB0,"[0, 0, 0, 0, 0, 0]","[0, 0, 3.8571428571428568, 1.1428571428571428, 2.0, 7.0]","[0, 0, 6.319148936170213, 1.8510638297872342, 0.8, 5.222222222222222]","[0, 0, 0, 0, 0, 0]","[0, 0, 0, 0, 0, 0]","[1, 0, 4.2, 1.7333333333333334, 2.8333333333333335, 5.0]","[0, 1, 7.0, 1.1111111111111112, 3.3333333333333335, 1.0]","[0, 0, 9.0, 1.0, 3, 1.0]","[0, 0, 4.628571428571429, 1.4571428571428573, 14.0, 5.833333333333333]","[0, 1, 0.0, 0.72, 5.5, 1.0416666666666667]","[0, 0, 5.684210526315789, 1.5789473684210527, 1.0, 1.0555555555555556]","[0, 0, 0.0, 0.0, 2, 1.0]","[0, 0, 4.5, 1.5, 1.25, 1.0]","[0, 0, 27.0, 4.0, 1.0, 0.5]","[0, 0, 6.75, 1.5, 2.0, 0.8888888888888888]","[0, 0, 0, 0, 0, 0]","[0, 0, 0, 0, 0, 0]","[0, 0, 45.0, 8.0, 0.0, 0.3333333333333333]","[0, 0, 0, 0, 0, 0]","[0, 0, 5.4, 3.0, 0.5, 1.6666666666666667]","[0, 0, 0, 0, 0, 0]","[0, 0, 4.5, 1.5, 0.6666666666666666, 1.0]","[0, 0, 0, 0, 0, 0]","[0, 0, 0, 0, 0, 0]","[0, 0, 0, 0, 0, 0]","[0, 0, 0, 0, 0, 0]","[0, 0, 0.0, 1.0, 0, 1.0]","[0, 0, 13.5, 2.1, 5.0, 0.8333333333333334]","[0, 0, 1.3846153846153846, 0.7692307692307693, 1.5, 6.5]"
18,2020-05-27,20200527SKOB0,"[0, 0, 0, 0, 0, 0]","[0, 0, 3.8571428571428568, 1.1428571428571428, 2.0, 7.0]","[0, 0, 6.319148936170213, 1.8510638297872342, 0.8, 5.222222222222222]","[0, 0, 0, 0, 0, 0]","[0, 0, 0, 0, 0, 0]","[0, 0, 4.2, 1.7333333333333334, 2.8333333333333335, 5.0]","[0, 0, 7.0, 1.1111111111111112, 3.3333333333333335, 1.0]","[0, 1, 6.0, 1.3333333333333333, 3.0, 1.0]","[1, 0, 5.625, 1.6875, 6.0, 5.333333333333333]","[0, 0, 0.0, 0.72, 5.5, 1.0416666666666667]","[0, 0, 5.684210526315789, 1.5789473684210527, 1.0, 1.0555555555555556]","[0, 0, 0.0, 0.0, 2, 1.0]","[0, 1, 4.0, 1.3333333333333333, 1.25, 1.0]","[0, 0, 27.0, 4.0, 1.0, 0.5]","[0, 0, 6.75, 1.5, 2.0, 0.8888888888888888]","[0, 0, 0, 0, 0, 0]","[0, 0, 0, 0, 0, 0]","[0, 0, 45.0, 8.0, 0.0, 0.3333333333333333]","[0, 0, 0, 0, 0, 0]","[0, 0, 5.4, 3.0, 0.5, 1.6666666666666667]","[0, 0, 0, 0, 0, 0]","[0, 0, 4.5, 1.5, 0.6666666666666666, 1.0]","[0, 0, 0, 0, 0, 0]","[0, 0, 0, 0, 0, 0]","[0, 0, 0, 0, 0, 0]","[0, 0, 0, 0, 0, 0]","[0, 0, 0.0, 1.0, 0, 1.0]","[0, 1, 10.384615384615385, 1.6153846153846154, 6.0, 0.8666666666666666]","[0, 0, 1.3846153846153846, 0.7692307692307693, 1.5, 6.5]"
19,2020-05-28,20200528SKOB0,"[0, 0, 0, 0, 0, 0]","[0, 0, 3.8571428571428568, 1.1428571428571428, 2.0, 7.0]","[0, 0, 6.319148936170213, 1.8510638297872342, 0.8, 5.222222222222222]","[0, 0, 0, 0, 0, 0]","[0, 0, 0, 0, 0, 0]","[0, 0, 4.2, 1.7333333333333334, 2.8333333333333335, 5.0]","[0, 1, 6.517241379310345, 1.3448275862068966, 2.0, 0.9666666666666666]","[0, 0, 6.0, 1.3333333333333333, 3.0, 1.0]","[0, 0, 5.625, 1.6875, 6.0, 5.333333333333333]","[0, 1, 0.0, 0.8076923076923077, 6.0, 0.9629629629629629]","[0, 0, 5.684210526315789, 1.5789473684210527, 1.0, 1.0555555555555556]","[1, 0, 0.0, 0.6, 5.0, 1.6666666666666667]","[0, 0, 4.0, 1.3333333333333333, 1.25, 1.0]","[0, 0, 27.0, 4.0, 1.0, 0.5]","[0, 0, 6.75, 1.5, 2.0, 0.8888888888888888]","[0, 0, 0, 0, 0, 0]","[0, 0, 0, 0, 0, 0]","[0, 0, 45.0, 8.0, 0.0, 0.3333333333333333]","[0, 0, 0, 0, 0, 0]","[0, 0, 5.4, 3.0, 0.5, 1.6666666666666667]","[0, 0, 0, 0, 0, 0]","[0, 1, 3.6, 1.4, 1.3333333333333333, 1.0]","[0, 0, 0, 0, 0, 0]","[0, 0, 0, 0, 0, 0]","[0, 0, 0, 0, 0, 0]","[0, 0, 0, 0, 0, 0]","[0, 0, 0.0, 1.0, 0, 1.0]","[0, 0, 10.384615384615385, 1.6153846153846154, 6.0, 0.8666666666666666]","[0, 0, 1.3846153846153846, 0.7692307692307693, 1.5, 6.5]"
20,2020-05-29,20200529HHSK0,"[0, 0, 0, 0, 0, 0]","[0, 0, 3.8571428571428568, 1.1428571428571428, 2.0, 7.0]","[0, 0, 6.319148936170213, 1.8510638297872342, 0.8, 5.222222222222222]","[0, 0, 0, 0, 0, 0]","[0, 0, 0, 0, 0, 0]","[0, 0, 4.2, 1.7333333333333334, 2.8333333333333335, 5.0]","[0, 1, 5.90625, 1.3125, 1.8333333333333333, 0.9696969696969696]","[0, 1, 4.5, 1.25, 1.5, 1.0]","[0, 0, 5.625, 1.6875, 6.0, 5.333333333333333]","[0, 1, 0.0, 0.7741935483870968, 4.333333333333333, 1.0333333333333334]","[0, 0, 5.684210526315789, 1.5789473684210527, 1.0, 1.0555555555555556]","[0, 0, 0.0, 0.6, 5.0, 1.6666666666666667]","[0, 1, 3.6, 1.2, 1.5, 1.0]","[0, 0, 27.0, 4.0, 1.0, 0.5]","[0, 0, 6.75, 1.5, 2.0, 0.8888888888888888]","[0, 0, 0, 0, 0, 0]","[0, 0, 0, 0, 0, 0]","[0, 0, 45.0, 8.0, 0.0, 0.3333333333333333]","[0, 0, 0, 0, 0, 0]","[0, 0, 5.4, 3.0, 0.5, 1.6666666666666667]","[0, 0, 0, 0, 0, 0]","[0, 1, 3.0, 1.1666666666666667, 1.3333333333333333, 1.0]","[0, 0, 0, 0, 0, 0]","[0, 0, 0, 0, 0, 0]","[0, 0, 0, 0, 0, 0]","[0, 1, 0.0, 1.0, 2.0, 1.0]","[0, 0, 0.0, 1.0, 0, 1.0]","[0, 0, 10.384615384615385, 1.6153846153846154, 6.0, 0.8666666666666666]","[1, 0, 2.8421052631578947, 0.9473684210526315, 1.4444444444444444, 6.333333333333333]"
21,2020-05-30,20200530HHSK0,"[0, 0, 0, 0, 0, 0]","[0, 0, 3.8571428571428568, 1.1428571428571428, 2.0, 7.0]","[1, 0, 4.764705882352941, 1.8970588235294117, 1.0, 5.666666666666667]","[0, 0, 0, 0, 0, 0]","[0, 0, 0, 0, 0, 0]","[0, 0, 4.2, 1.7333333333333334, 2.8333333333333335, 5.0]","[0, 0, 5.90625, 1.3125, 1.8333333333333333, 0.9696969696969696]","[0, 1, 4.153846153846154, 1.153846153846154, 2.0, 0.8666666666666666]","[0, 0, 5.625, 1.6875, 6.0, 5.333333333333333]","[0, 0, 0.0, 0.7741935483870968, 4.333333333333333, 1.0333333333333334]","[0, 0, 5.684210526315789, 1.5789473684210527, 1.0, 1.0555555555555556]","[0, 0, 0.0, 0.6, 5.0, 1.6666666666666667]","[0, 1, 3.272727272727273, 1.0909090909090908, 1.75, 1.0]","[0, 1, 63.00000000000001, 8.0, 0.6666666666666666, 0.3333333333333333]","[0, 0, 6.75, 1.5, 2.0, 0.8888888888888888]","[0, 0, 0, 0, 0, 0]","[0, 0, 0, 0, 0, 0]","[0, 0, 45.0, 8.0, 0.0, 0.3333333333333333]","[0, 0, 0, 0, 0, 0]","[0, 0, 5.4, 3.0, 0.5, 1.6666666666666667]","[0, 0, 0, 0, 0, 0]","[0, 0, 3.0, 1.1666666666666667, 1.3333333333333333, 1.0]","[0, 0, 0, 0, 0, 0]","[0, 0, 0, 0, 0, 0]","[0, 0, 0, 0, 0, 0]","[0, 0, 0.0, 1.0, 2.0, 1.0]","[0, 0, 0.0, 1.0, 0, 1.0]","[0, 0, 10.384615384615385, 1.6153846153846154, 6.0, 0.8666666666666666]","[0, 0, 2.8421052631578947, 0.9473684210526315, 1.4444444444444444, 6.333333333333333]"
22,2020-05-31,20200531HHSK0,"[0, 0, 0, 0, 0, 0]","[0, 0, 3.8571428571428568, 1.1428571428571428, 2.0, 7.0]","[0, 0, 4.764705882352941, 1.8970588235294117, 1.0, 5.666666666666667]","[0, 0, 0, 0, 0, 0]","[0, 0, 0, 0, 0, 0]","[1, 0, 3.272727272727273, 1.3181818181818181, 3.5714285714285716, 5.5]","[0, 1, 5.4, 1.2, 2.0, 0.9722222222222222]","[0, 0, 4.153846153846154, 1.153846153846154, 2.0, 0.8666666666666666]","[0, 0, 5.625, 1.6875, 6.0, 5.333333333333333]","[0, 1, 0.0, 0.8823529411764706, 4.333333333333333, 1.0303030303030303]","[0, 0, 5.684210526315789, 1.5789473684210527, 1.0, 1.0555555555555556]","[0, 0, 0.0, 0.6, 5.0, 1.6666666666666667]","[0, 0, 3.272727272727273, 1.0909090909090908, 1.75, 1.0]","[0, 0, 63.00000000000001, 8.0, 0.6666666666666666, 0.3333333333333333]","[0, 0, 6.75, 1.5, 2.0, 0.8888888888888888]","[0, 0, 0, 0, 0, 0]","[0, 0, 0, 0, 0, 0]","[0, 0, 45.0, 8.0, 0.0, 0.3333333333333333]","[0, 0, 0, 0, 0, 0]","[0, 0, 5.4, 3.0, 0.5, 1.6666666666666667]","[0, 0, 0, 0, 0, 0]","[0, 1, 5.4, 1.7999999999999998, 1.0, 0.9523809523809524]","[0, 0, 0, 0, 0, 0]","[0, 0, 0, 0, 0, 0]","[0, 0, 0, 0, 0, 0]","[0, 0, 0.0, 1.0, 2.0, 1.0]","[0, 0, 0.0, 1.0, 0, 1.0]","[0, 0, 10.384615384615385, 1.6153846153846154, 6.0, 0.8666666666666666]","[0, 0, 2.8421052631578947, 0.9473684210526315, 1.4444444444444444, 6.333333333333333]"
23,2020-06-02,20200602SKNC0,"[0, 0, 0, 0, 0, 0]","[0, 0, 3.8571428571428568, 1.1428571428571428, 2.0, 7.0]","[0, 0, 4.764705882352941, 1.8970588235294117, 1.0, 5.666666666666667]","[0, 0, 0, 0, 0, 0]","[0, 0, 0, 0, 0, 0]","[0, 0, 3.272727272727273, 1.3181818181818181, 3.5714285714285716, 5.5]","[0, 0, 5.4, 1.2, 2.0, 0.9722222222222222]","[0, 1, 3.375, 0.9375, 2.5, 0.8888888888888888]","[1, 0, 6.096774193548387, 1.6451612903225805, 6.0, 5.166666666666667]","[0, 0, 0.0, 0.8823529411764706, 4.333333333333333, 1.0303030303030303]","[0, 0, 5.684210526315789, 1.5789473684210527, 1.0, 1.0555555555555556]","[0, 0, 0.0, 0.6, 5.0, 1.6666666666666667]","[0, 0, 3.272727272727273, 1.0909090909090908, 1.75, 1.0]","[0, 1, 27.0, 3.4285714285714284, 1.3333333333333333, 0.5833333333333334]","[0, 0, 6.75, 1.5, 2.0, 0.8888888888888888]","[0, 0, 0, 0, 0, 0]","[0, 0, 0, 0, 0, 0]","[0, 0, 45.0, 8.0, 0.0, 0.3333333333333333]","[0, 0, 0, 0, 0, 0]","[0, 1, 2.4545454545454546, 1.9090909090909092, 0.75, 1.8333333333333333]","[0, 0, 0, 0, 0, 0]","[0, 0, 5.4, 1.7999999999999998, 1.0, 0.9523809523809524]","[0, 0, 0, 0, 0, 0]","[0, 0, 0, 0, 0, 0]","[0, 0, 0, 0, 0, 0]","[0, 0, 0.0, 1.0, 2.0, 1.0]","[0, 0, 0.0, 1.0, 0, 1.0]","[0, 0, 10.384615384615385, 1.6153846153846154, 6.0, 0.8666666666666666]","[0, 0, 2.8421052631578947, 0.9473684210526315, 1.4444444444444444, 6.333333333333333]"
24,2020-06-03,20200603SKNC0,"[0, 0, 0, 0, 0, 0]","[0, 0, 3.8571428571428568, 1.1428571428571428, 2.0, 7.0]","[0, 0, 4.764705882352941, 1.8970588235294117, 1.0, 5.666666666666667]","[0, 0, 0, 0, 0, 0]","[0, 0, 0, 0, 0, 0]","[0, 0, 3.272727272727273, 1.3181818181818181, 3.5714285714285716, 5.5]","[0, 0, 5.4, 1.2, 2.0, 0.9722222222222222]","[0, 0, 3.375, 0.9375, 2.5, 0.8888888888888888]","[0, 0, 6.096774193548387, 1.6451612903225805, 6.0, 5.166666666666667]","[0, 0, 0.0, 0.8823529411764706, 4.333333333333333, 1.0303030303030303]","[0, 0, 5.684210526315789, 1.5789473684210527, 1.0, 1.0555555555555556]","[1, 0, 1.0384615384615385, 0.6923076923076924, 4.0, 2.888888888888889]","[0, 1, 3.0857142857142854, 1.1142857142857143, 1.4, 0.9722222222222222]","[0, 1, 18.9, 3.0, 1.6666666666666667, 0.6666666666666667]","[0, 1, 5.684210526315789, 1.4210526315789473, 2.0, 0.9047619047619048]","[0, 0, 0, 0, 0, 0]","[0, 0, 0, 0, 0, 0]","[0, 0, 45.0, 8.0, 0.0, 0.3333333333333333]","[0, 0, 0, 0, 0, 0]","[0, 1, 1.9285714285714284, 1.9285714285714284, 0.75, 1.5555555555555556]","[0, 0, 0, 0, 0, 0]","[0, 0, 5.4, 1.7999999999999998, 1.0, 0.9523809523809524]","[0, 0, 0, 0, 0, 0]","[0, 0, 0, 0, 0, 0]","[0, 0, 0, 0, 0, 0]","[0, 0, 0.0, 1.0, 2.0, 1.0]","[0, 0, 0.0, 1.0, 0, 1.0]","[0, 0, 10.384615384615385, 1.6153846153846154, 6.0, 0.8666666666666666]","[0, 0, 2.8421052631578947, 0.9473684210526315, 1.4444444444444444, 6.333333333333333]"
25,2020-06-04,20200604SKNC0,"[0, 0, 0, 0, 0, 0]","[0, 0, 3.8571428571428568, 1.1428571428571428, 2.0, 7.0]","[0, 0, 4.764705882352941, 1.8970588235294117, 1.0, 5.666666666666667]","[0, 0, 0, 0, 0, 0]","[0, 0, 0, 0, 0, 0]","[0, 0, 3.272727272727273, 1.3181818181818181, 3.5714285714285716, 5.5]","[0, 0, 5.4, 1.2, 2.0, 0.9722222222222222]","[0, 0, 3.375, 0.9375, 2.5, 0.8888888888888888]","[0, 0, 6.096774193548387, 1.6451612903225805, 6.0, 5.166666666666667]","[0, 0, 0.0, 0.8823529411764706, 4.333333333333333, 1.0303030303030303]","[0, 0, 5.684210526315789, 1.5789473684210527, 1.0, 1.0555555555555556]","[0, 0, 1.0384615384615385, 0.6923076923076924, 4.0, 2.888888888888889]","[0, 0, 3.0857142857142854, 1.1142857142857143, 1.4, 0.9722222222222222]","[0, 0, 18.9, 3.0, 1.6666666666666667, 0.6666666666666667]","[0, 1, 4.32, 1.3199999999999998, 1.3333333333333333, 1.0416666666666667]","[0, 0, 0, 0, 0, 0]","[0, 0, 0, 0, 0, 0]","[0, 0, 45.0, 8.0, 0.0, 0.3333333333333333]","[0, 0, 0, 0, 0, 0]","[0, 0, 1.9285714285714284, 1.9285714285714284, 0.75, 1.5555555555555556]","[0, 0, 0, 0, 0, 0]","[0, 0, 5.4, 1.7999999999999998, 1.0, 0.9523809523809524]","[0, 1, 12.0, 2.6666666666666665, 1.0, 3.0]","[0, 0, 0, 0, 0, 0]","[0, 0, 0, 0, 0, 0]","[0, 0, 0.0, 1.0, 2.0, 1.0]","[0, 0, 0.0, 1.0, 0, 1.0]","[0, 0, 10.384615384615385, 1.6153846153846154, 6.0, 0.8666666666666666]","[1, 0, 3.0, 1.0416666666666667, 1.4545454545454546, 6.0]"
26,2020-06-05,20200605SSSK0,"[0, 0, 0, 0, 0, 0]","[0, 0, 3.8571428571428568, 1.1428571428571428, 2.0, 7.0]","[1, 0, 4.709302325581396, 1.7790697674418603, 1.0, 5.733333333333333]","[0, 0, 0, 0, 0, 0]","[0, 0, 0, 0, 0, 0]","[0, 0, 3.272727272727273, 1.3181818181818181, 3.5714285714285716, 5.5]","[0, 1, 4.973684210526316, 1.1842105263157896, 2.1666666666666665, 0.9743589743589743]","[0, 0, 3.375, 0.9375, 2.5, 0.8888888888888888]","[0, 0, 6.096774193548387, 1.6451612903225805, 6.0, 5.166666666666667]","[0, 1, 0.0, 0.8918918918918919, 3.5, 1.027777777777778]","[0, 0, 5.684210526315789, 1.5789473684210527, 1.0, 1.0555555555555556]","[0, 0, 1.0384615384615385, 0.6923076923076924, 4.0, 2.888888888888889]","[0, 0, 3.0857142857142854, 1.1142857142857143, 1.4, 0.9722222222222222]","[0, 0, 18.9, 3.0, 1.6666666666666667, 0.6666666666666667]","[0, 0, 4.32, 1.3199999999999998, 1.3333333333333333, 1.0416666666666667]","[0, 0, 0, 0, 0, 0]","[0, 0, 0, 0, 0, 0]","[0, 0, 45.0, 8.0, 0.0, 0.3333333333333333]","[0, 0, 0, 0, 0, 0]","[0, 0, 1.9285714285714284, 1.9285714285714284, 0.75, 1.5555555555555556]","[0, 0, 0, 0, 0, 0]","[0, 1, 4.695652173913043, 1.5652173913043477, 1.0, 0.9583333333333334]","[0, 0, 12.0, 2.6666666666666665, 1.0, 3.0]","[0, 0, 0, 0, 0, 0]","[0, 0, 0, 0, 0, 0]","[0, 0, 0.0, 1.0, 2.0, 1.0]","[0, 0, 0.0, 1.0, 0, 1.0]","[0, 0, 10.384615384615385, 1.6153846153846154, 6.0, 0.8666666666666666]","[0, 0, 3.0, 1.0416666666666667, 1.4545454545454546, 6.0]"
27,2020-06-06,20200606SSSK0,"[0, 0, 0, 0, 0, 0]","[0, 0, 3.8571428571428568, 1.1428571428571428, 2.0, 7.0]","[0, 0, 4.709302325581396, 1.7790697674418603, 1.0, 5.733333333333333]","[0, 0, 0, 0, 0, 0]","[0, 0, 0, 0, 0, 0]","[1, 0, 3.535714285714286, 1.2857142857142858, 2.8, 5.6]","[0, 1, 4.609756097560976, 1.0975609756097562, 2.5, 0.9761904761904762]","[0, 1, 2.8421052631578947, 0.7894736842105263, 3.5, 0.9047619047619048]","[0, 0, 6.096774193548387, 1.6451612903225805, 6.0, 5.166666666666667]","[0, 1, 0.0, 0.825, 4.0, 1.0256410256410258]","[0, 0, 5.684210526315789, 1.5789473684210527, 1.0, 1.0555555555555556]","[0, 0, 1.0384615384615385, 0.6923076923076924, 4.0, 2.888888888888889]","[0, 0, 3.0857142857142854, 1.1142857142857143, 1.4, 0.9722222222222222]","[0, 0, 18.9, 3.0, 1.6666666666666667, 0.6666666666666667]","[0, 0, 4.32, 1.3199999999999998, 1.3333333333333333, 1.0416666666666667]","[0, 0, 0, 0, 0, 0]","[0, 0, 0, 0, 0, 0]","[0, 0, 45.0, 8.0, 0.0, 0.3333333333333333]","[0, 0, 0, 0, 0, 0]","[0, 0, 1.9285714285714284, 1.9285714285714284, 0.75, 1.5555555555555556]","[0, 0, 0, 0, 0, 0]","[0, 1, 4.153846153846154, 1.3846153846153848, 1.25, 0.9629629629629629]","[0, 0, 12.0, 2.6666666666666665, 1.0, 3.0]","[0, 0, 0, 0, 0, 0]","[0, 0, 0, 0, 0, 0]","[0, 0, 0.0, 1.0, 2.0, 1.0]","[0, 0, 0.0, 1.0, 0, 1.0]","[0, 0, 10.384615384615385, 1.6153846153846154, 6.0, 0.8666666666666666]","[0, 0, 3.0, 1.0416666666666667, 1.4545454545454546, 6.0]"
28,2020-06-07,20200607SSSK0,"[0, 0, 0, 0, 0, 0]","[0, 0, 3.8571428571428568, 1.1428571428571428, 2.0, 7.0]","[0, 0, 4.709302325581396, 1.7790697674418603, 1.0, 5.733333333333333]","[0, 0, 0, 0, 0, 0]","[0, 0, 0, 0, 0, 0]","[0, 0, 3.535714285714286, 1.2857142857142858, 2.8, 5.6]","[0, 0, 4.609756097560976, 1.0975609756097562, 2.5, 0.9761904761904762]","[0, 0, 2.8421052631578947, 0.7894736842105263, 3.5, 0.9047619047619048]","[1, 0, 5.0625, 1.4625, 5.2, 5.333333333333334]","[0, 0, 0.0, 0.825, 4.0, 1.0256410256410258]","[0, 1, 8.526315789473683, 2.210526315789474, 0.6, 0.9047619047619048]","[0, 0, 1.0384615384615385, 0.6923076923076924, 4.0, 2.888888888888889]","[0, 1, 3.375, 1.3499999999999999, 1.1666666666666667, 1.0256410256410258]","[0, 0, 18.9, 3.0, 1.6666666666666667, 0.6666666666666667]","[0, 0, 4.32, 1.3199999999999998, 1.3333333333333333, 1.0416666666666667]","[0, 0, 0, 0, 0, 0]","[0, 0, 0, 0, 0, 0]","[0, 0, 45.0, 8.0, 0.0, 0.3333333333333333]","[0, 0, 0, 0, 0, 0]","[0, 1, 1.588235294117647, 1.7647058823529411, 1.25, 1.4166666666666667]","[0, 0, 0, 0, 0, 0]","[0, 0, 4.153846153846154, 1.3846153846153848, 1.25, 0.9629629629629629]","[0, 0, 12.0, 2.6666666666666665, 1.0, 3.0]","[0, 0, 0, 0, 0, 0]","[0, 0, 0, 0, 0, 0]","[0, 0, 0.0, 1.0, 2.0, 1.0]","[0, 0, 0.0, 1.0, 0, 1.0]","[0, 0, 10.384615384615385, 1.6153846153846154, 6.0, 0.8666666666666666]","[0, 0, 3.0, 1.0416666666666667, 1.4545454545454546, 6.0]"
29,2020-06-09,20200609SKLG0,"[0, 0, 0, 0, 0, 0]","[0, 0, 3.8571428571428568, 1.1428571428571428, 2.0, 7.0]","[0, 0, 4.709302325581396, 1.7790697674418603, 1.0, 5.733333333333333]","[0, 0, 0, 0, 0, 0]","[0, 0, 0, 0, 0, 0]","[0, 0, 3.535714285714286, 1.2857142857142858, 2.8, 5.6]","[0, 1, 4.295454545454545, 1.0227272727272727, 2.5, 0.9777777777777777]","[0, 1, 5.4, 1.05, 3.5, 0.8333333333333334]","[0, 0, 5.0625, 1.4625, 5.2, 5.333333333333334]","[0, 1, 0.0, 0.7674418604651162, 4.5, 1.023809523809524]","[0, 1, 7.363636363636363, 2.0454545454545454, 0.6, 0.9166666666666666]","[1, 0, 4.628571428571429, 1.2857142857142858, 2.5, 2.9166666666666665]","[0, 1, 3.13953488372093, 1.3255813953488371, 1.3333333333333333, 1.023809523809524]","[0, 0, 18.9, 3.0, 1.6666666666666667, 0.6666666666666667]","[0, 0, 4.32, 1.3199999999999998, 1.3333333333333333, 1.0416666666666667]","[0, 0, 0, 0, 0, 0]","[0, 0, 0, 0, 0, 0]","[0, 0, 45.0, 8.0, 0.0, 0.3333333333333333]","[0, 0, 0, 0, 0, 0]","[0, 0, 1.588235294117647, 1.7647058823529411, 1.25, 1.4166666666666667]","[0, 0, 0, 0, 0, 0]","[0, 0, 4.153846153846154, 1.3846153846153848, 1.25, 0.9629629629629629]","[0, 0, 12.0, 2.6666666666666665, 1.0, 3.0]","[0, 0, 0, 0, 0, 0]","[0, 0, 0, 0, 0, 0]","[0, 0, 0.0, 1.0, 2.0, 1.0]","[0, 0, 0.0, 1.0, 0, 1.0]","[0, 0, 10.384615384615385, 1.6153846153846154, 6.0, 0.8666666666666666]","[0, 0, 3.0, 1.0416666666666667, 1.4545454545454546, 6.0]"
30,2020-06-11,20200611SKLG1,"[0, 0, 0, 0, 0, 0]","[0, 0, 3.8571428571428568, 1.1428571428571428, 2.0, 7.0]","[1, 0, 4.153846153846154, 1.701923076923077, 1.2222222222222223, 5.777777777777778]","[0, 0, 0, 0, 0, 0]","[0, 0, 0, 0, 0, 0]","[0, 0, 3.535714285714286, 1.2857142857142858, 2.8, 5.6]","[0, 1, 4.108695652173913, 1.1739130434782608, 2.4285714285714284, 0.9583333333333334]","[0, 0, 5.4, 1.05, 3.5, 0.8333333333333334]","[0, 0, 5.0625, 1.4625, 5.2, 5.333333333333334]","[0, 0, 0.0, 0.7674418604651162, 4.5, 1.023809523809524]","[0, 0, 7.363636363636363, 2.0454545454545454, 0.6, 0.9166666666666666]","[0, 0, 4.628571428571429, 1.2857142857142858, 2.5, 2.9166666666666665]","[0, 1, 3.068181818181818, 1.2954545454545454, 1.3333333333333333, 0.9777777777777777]","[0, 0, 18.9, 3.0, 1.6666666666666667, 0.6666666666666667]","[0, 0, 4.32, 1.3199999999999998, 1.3333333333333333, 1.0416666666666667]","[0, 0, 0, 0, 0, 0]","[0, 0, 0, 0, 0, 0]","[0, 0, 45.0, 8.0, 0.0, 0.3333333333333333]","[0, 0, 0, 0, 0, 0]","[0, 0, 1.588235294117647, 1.7647058823529411, 1.25, 1.4166666666666667]","[0, 0, 0, 0, 0, 0]","[0, 0, 4.153846153846154, 1.3846153846153848, 1.25, 0.9629629629629629]","[0, 0, 12.0, 2.6666666666666665, 1.0, 3.0]","[0, 0, 0, 0, 0, 0]","[0, 0, 0, 0, 0, 0]","[0, 0, 0.0, 1.0, 2.0, 1.0]","[0, 0, 0.0, 1.0, 0, 1.0]","[0, 0, 10.384615384615385, 1.6153846153846154, 6.0, 0.8666666666666666]","[0, 0, 3.0, 1.0416666666666667, 1.4545454545454546, 6.0]"
31,2020-06-11,20200611SKLG2,"[0, 0, 0, 0, 0, 0]","[0, 0, 3.8571428571428568, 1.1428571428571428, 2.0, 7.0]","[0, 0, 4.153846153846154, 1.701923076923077, 1.2222222222222223, 5.777777777777778]","[0, 0, 0, 0, 0, 0]","[0, 0, 0, 0, 0, 0]","[0, 0, 3.535714285714286, 1.2857142857142858, 2.8, 5.6]","[0, 0, 4.108695652173913, 1.1739130434782608, 2.4285714285714284, 0.9583333333333334]","[0, 1, 4.695652173913043, 1.1739130434782608, 2.3333333333333335, 0.8518518518518519]","[0, 0, 5.0625, 1.4625, 5.2, 5.333333333333334]","[0, 1, 0.0, 0.7826086956521738, 3.8, 1.0222222222222224]","[0, 0, 7.363636363636363, 2.0454545454545454, 0.6, 0.9166666666666666]","[0, 0, 4.628571428571429, 1.2857142857142858, 2.5, 2.9166666666666665]","[0, 0, 3.068181818181818, 1.2954545454545454, 1.3333333333333333, 0.9777777777777777]","[0, 0, 18.9, 3.0, 1.6666666666666667, 0.6666666666666667]","[0, 0, 4.32, 1.3199999999999998, 1.3333333333333333, 1.0416666666666667]","[0, 0, 0, 0, 0, 0]","[0, 0, 0, 0, 0, 0]","[0, 0, 45.0, 8.0, 0.0, 0.3333333333333333]","[0, 0, 0, 0, 0, 0]","[0, 1, 2.7, 1.95, 1.0, 1.3333333333333335]","[0, 0, 0, 0, 0, 0]","[0, 0, 4.153846153846154, 1.3846153846153848, 1.25, 0.9629629629629629]","[0, 0, 12.0, 2.6666666666666665, 1.0, 3.0]","[0, 0, 0, 0, 0, 0]","[0, 0, 0, 0, 0, 0]","[0, 0, 0.0, 1.0, 2.0, 1.0]","[0, 0, 0.0, 1.0, 0, 1.0]","[0, 0, 10.384615384615385, 1.6153846153846154, 6.0, 0.8666666666666666]","[1, 0, 4.939024390243902, 1.2439024390243902, 1.0666666666666667, 5.466666666666667]"
32,2020-06-12,20200612HTSK0,"[0, 0, 0, 0, 0, 0]","[0, 0, 3.8571428571428568, 1.1428571428571428, 2.0, 7.0]","[0, 0, 4.153846153846154, 1.701923076923077, 1.2222222222222223, 5.777777777777778]","[0, 0, 0, 0, 0, 0]","[0, 0, 0, 0, 0, 0]","[1, 0, 3.441176470588235, 1.2647058823529411, 2.6153846153846154, 5.666666666666667]","[0, 0, 4.108695652173913, 1.1739130434782608, 2.4285714285714284, 0.9583333333333334]","[0, 0, 4.695652173913043, 1.1739130434782608, 2.3333333333333335, 0.8518518518518519]","[0, 0, 5.0625, 1.4625, 5.2, 5.333333333333334]","[0, 0, 0.0, 0.7826086956521738, 3.8, 1.0222222222222224]","[0, 0, 7.363636363636363, 2.0454545454545454, 0.6, 0.9166666666666666]","[0, 0, 4.628571428571429, 1.2857142857142858, 2.5, 2.9166666666666665]","[0, 1, 2.8125, 1.3125, 1.5, 1.0]","[0, 0, 18.9, 3.0, 1.6666666666666667, 0.6666666666666667]","[0, 1, 5.785714285714286, 1.7142857142857142, 0.6666666666666666, 1.0370370370370372]","[0, 0, 0, 0, 0, 0]","[0, 0, 0, 0, 0, 0]","[0, 0, 45.0, 8.0, 0.0, 0.3333333333333333]","[0, 0, 0, 0, 0, 0]","[0, 0, 2.7, 1.95, 1.0, 1.3333333333333335]","[0, 0, 0, 0, 0, 0]","[0, 0, 4.153846153846154, 1.3846153846153848, 1.25, 0.9629629629629629]","[0, 0, 12.0, 2.6666666666666665, 1.0, 3.0]","[0, 0, 0, 0, 0, 0]","[0, 0, 0, 0, 0, 0]","[0, 0, 0.0, 1.0, 2.0, 1.0]","[0, 0, 0.0, 1.0, 0, 1.0]","[0, 1, 7.9411764705882355, 1.2352941176470587, 8.0, 0.9444444444444445]","[0, 0, 4.939024390243902, 1.2439024390243902, 1.0666666666666667, 5.466666666666667]"
33,2020-06-13,20200613HTSK0,"[0, 0, 0, 0, 0, 0]","[0, 0, 3.8571428571428568, 1.1428571428571428, 2.0, 7.0]","[0, 0, 4.153846153846154, 1.701923076923077, 1.2222222222222223, 5.777777777777778]","[0, 0, 0, 0, 0, 0]","[0, 0, 0, 0, 0, 0]","[0, 0, 3.441176470588235, 1.2647058823529411, 2.6153846153846154, 5.666666666666667]","[0, 1, 5.0625, 1.25, 2.125, 0.9411764705882353]","[0, 0, 4.695652173913043, 1.1739130434782608, 2.3333333333333335, 0.8518518518518519]","[1, 0, 4.683673469387755, 1.3775510204081634, 5.5, 5.444444444444444]","[0, 1, 0.0, 0.7959183673469389, 3.1666666666666665, 1.0208333333333333]","[0, 0, 7.363636363636363, 2.0454545454545454, 0.6, 0.9166666666666666]","[0, 0, 4.628571428571429, 1.2857142857142858, 2.5, 2.9166666666666665]","[0, 0, 2.8125, 1.3125, 1.5, 1.0]","[0, 0, 18.9, 3.0, 1.6666666666666667, 0.6666666666666667]","[0, 0, 5.785714285714286, 1.7142857142857142, 0.6666666666666666, 1.0370370370370372]","[0, 0, 0, 0, 0, 0]","[0, 0, 0, 0, 0, 0]","[0, 0, 45.0, 8.0, 0.0, 0.3333333333333333]","[0, 0, 0, 0, 0, 0]","[0, 0, 2.7, 1.95, 1.0, 1.3333333333333335]","[0, 0, 0, 0, 0, 0]","[0, 0, 4.153846153846154, 1.3846153846153848, 1.25, 0.9629629629629629]","[0, 0, 12.0, 2.6666666666666665, 1.0, 3.0]","[0, 0, 0, 0, 0, 0]","[0, 0, 0, 0, 0, 0]","[0, 0, 0.0, 1.0, 2.0, 1.0]","[0, 0, 0.0, 1.0, 0, 1.0]","[0, 0, 7.9411764705882355, 1.2352941176470587, 8.0, 0.9444444444444445]","[0, 0, 4.939024390243902, 1.2439024390243902, 1.0666666666666667, 5.466666666666667]"
34,2020-06-14,20200614HTSK0,"[0, 0, 0, 0, 0, 0]","[0, 0, 3.8571428571428568, 1.1428571428571428, 2.0, 7.0]","[0, 0, 4.153846153846154, 1.701923076923077, 1.2222222222222223, 5.777777777777778]","[0, 0, 0, 0, 0, 0]","[0, 0, 0, 0, 0, 0]","[0, 0, 3.441176470588235, 1.2647058823529411, 2.6153846153846154, 5.666666666666667]","[0, 1, 4.764705882352941, 1.2941176470588236, 2.375, 0.9444444444444444]","[0, 0, 4.695652173913043, 1.1739130434782608, 2.3333333333333335, 0.8518518518518519]","[0, 0, 4.683673469387755, 1.3775510204081634, 5.5, 5.444444444444444]","[0, 1, 0.0, 0.8235294117647058, 3.1666666666666665, 1.0]","[0, 0, 7.363636363636363, 2.0454545454545454, 0.6, 0.9166666666666666]","[1, 0, 3.7800000000000002, 1.3199999999999998, 1.625, 3.3333333333333335]","[0, 1, 2.7, 1.38, 1.4285714285714286, 0.9803921568627452]","[0, 0, 18.9, 3.0, 1.6666666666666667, 0.6666666666666667]","[0, 0, 5.785714285714286, 1.7142857142857142, 0.6666666666666666, 1.0370370370370372]","[0, 0, 0, 0, 0, 0]","[0, 0, 0, 0, 0, 0]","[0, 0, 45.0, 8.0, 0.0, 0.3333333333333333]","[0, 0, 0, 0, 0, 0]","[0, 0, 2.7, 1.95, 1.0, 1.3333333333333335]","[0, 0, 0, 0, 0, 0]","[0, 1, 3.8571428571428568, 1.3928571428571428, 1.25, 0.9333333333333333]","[0, 0, 12.0, 2.6666666666666665, 1.0, 3.0]","[0, 0, 0, 0, 0, 0]","[0, 0, 0, 0, 0, 0]","[0, 0, 0.0, 1.0, 2.0, 1.0]","[0, 0, 0.0, 1.0, 0, 1.0]","[0, 0, 7.9411764705882355, 1.2352941176470587, 8.0, 0.9444444444444445]","[0, 0, 4.939024390243902, 1.2439024390243902, 1.0666666666666667, 5.466666666666667]"
35,2020-06-16,20200616KTSK0,"[0, 0, 0, 0, 0, 0]","[0, 0, 3.8571428571428568, 1.1428571428571428, 2.0, 7.0]","[1, 0, 3.762295081967213, 1.6475409836065575, 1.3157894736842106, 5.809523809523809]","[0, 0, 0, 0, 0, 0]","[0, 0, 0, 0, 0, 0]","[0, 0, 3.441176470588235, 1.2647058823529411, 2.6153846153846154, 5.666666666666667]","[0, 1, 5.0, 1.2777777777777777, 2.5, 0.9473684210526315]","[0, 0, 4.695652173913043, 1.1739130434782608, 2.3333333333333335, 0.8518518518518519]","[0, 0, 4.683673469387755, 1.3775510204081634, 5.5, 5.444444444444444]","[0, 0, 0.0, 0.8235294117647058, 3.1666666666666665, 1.0]","[0, 0, 7.363636363636363, 2.0454545454545454, 0.6, 0.9166666666666666]","[0, 0, 3.7800000000000002, 1.3199999999999998, 1.625, 3.3333333333333335]","[0, 1, 3.056603773584906, 1.4150943396226414, 1.4285714285714286, 0.9814814814814815]","[0, 0, 18.9, 3.0, 1.6666666666666667, 0.6666666666666667]","[0, 0, 5.785714285714286, 1.7142857142857142, 0.6666666666666666, 1.0370370370370372]","[0, 0, 0, 0, 0, 0]","[0, 0, 0, 0, 0, 0]","[0, 0, 45.0, 8.0, 0.0, 0.3333333333333333]","[0, 0, 0, 0, 0, 0]","[0, 0, 2.7, 1.95, 1.0, 1.3333333333333335]","[0, 0, 0, 0, 0, 0]","[0, 1, 4.354838709677419, 1.4516129032258063, 1.5, 0.9393939393939394]","[0, 0, 12.0, 2.6666666666666665, 1.0, 3.0]","[0, 0, 0, 0, 0, 0]","[0, 0, 0, 0, 0, 0]","[0, 0, 0.0, 1.0, 2.0, 1.0]","[0, 0, 0.0, 1.0, 0, 1.0]","[0, 1, 9.0, 1.2857142857142858, 10.0, 1.0]","[0, 0, 4.939024390243902, 1.2439024390243902, 1.0666666666666667, 5.466666666666667]"
36,2020-06-17,20200617KTSK0,"[0, 0, 0, 0, 0, 0]","[0, 0, 3.8571428571428568, 1.1428571428571428, 2.0, 7.0]","[0, 0, 3.762295081967213, 1.6475409836065575, 1.3157894736842106, 5.809523809523809]","[0, 0, 0, 0, 0, 0]","[0, 0, 0, 0, 0, 0]","[0, 0, 3.441176470588235, 1.2647058823529411, 2.6153846153846154, 5.666666666666667]","[0, 0, 5.0, 1.2777777777777777, 2.5, 0.9473684210526315]","[0, 1, 5.625, 1.25, 2.3333333333333335, 0.8]","[0, 0, 4.683673469387755, 1.3775510204081634, 5.5, 5.444444444444444]","[0, 1, 0.0, 0.7777777777777778, 3.1666666666666665, 1.0]","[0, 0, 7.363636363636363, 2.0454545454545454, 0.6, 0.9166666666666666]","[0, 0, 3.7800000000000002, 1.3199999999999998, 1.625, 3.3333333333333335]","[0, 1, 2.892857142857143, 1.3392857142857142, 1.5714285714285714, 0.9824561403508772]","[0, 0, 18.9, 3.0, 1.6666666666666667, 0.6666666666666667]","[0, 0, 5.785714285714286, 1.7142857142857142, 0.6666666666666666, 1.0370370370370372]","[0, 0, 0, 0, 0, 0]","[0, 0, 0, 0, 0, 0]","[0, 0, 45.0, 8.0, 0.0, 0.3333333333333333]","[0, 0, 0, 0, 0, 0]","[0, 1, 2.3478260869565215, 1.6956521739130435, 1.4, 1.277777777777778]","[0, 0, 0, 0, 0, 0]","[0, 1, 5.5588235294117645, 1.588235294117647, 1.75, 0.9444444444444445]","[0, 0, 12.0, 2.6666666666666665, 1.0, 3.0]","[0, 0, 0, 0, 0, 0]","[0, 0, 0, 0, 0, 0]","[0, 0, 0.0, 1.0, 2.0, 1.0]","[0, 0, 0.0, 1.0, 0, 1.0]","[0, 0, 9.0, 1.2857142857142858, 10.0, 1.0]","[1, 0, 4.909090909090909, 1.2727272727272727, 0.95, 5.5]"
37,2020-06-18,20200618KTSK0,"[0, 0, 0, 0, 0, 0]","[0, 0, 3.8571428571428568, 1.1428571428571428, 2.0, 7.0]","[0, 0, 3.762295081967213, 1.6475409836065575, 1.3157894736842106, 5.809523809523809]","[0, 0, 0, 0, 0, 0]","[0, 1, 0, 0, 0, 0]","[1, 0, 3.8249999999999997, 1.2, 3.0, 5.714285714285714]","[0, 0, 5.0, 1.2777777777777777, 2.5, 0.9473684210526315]","[0, 0, 5.625, 1.25, 2.3333333333333335, 0.8]","[0, 0, 4.683673469387755, 1.3775510204081634, 5.5, 5.444444444444444]","[0, 0, 0.0, 0.7777777777777778, 3.1666666666666665, 1.0]","[0, 1, 6.75, 2.142857142857143, 0.8, 1.0370370370370372]","[0, 0, 3.7800000000000002, 1.3199999999999998, 1.625, 3.3333333333333335]","[0, 0, 2.892857142857143, 1.3392857142857142, 1.5714285714285714, 0.9824561403508772]","[0, 0, 18.9, 3.0, 1.6666666666666667, 0.6666666666666667]","[0, 0, 5.785714285714286, 1.7142857142857142, 0.6666666666666666, 1.0370370370370372]","[0, 0, 0, 0, 0, 0]","[0, 0, 0, 0, 0, 0]","[0, 0, 45.0, 8.0, 0.0, 0.3333333333333333]","[0, 0, 0, 0, 0, 0]","[0, 0, 2.3478260869565215, 1.6956521739130435, 1.4, 1.277777777777778]","[0, 0, 0, 0, 0, 0]","[0, 0, 5.5588235294117645, 1.588235294117647, 1.75, 0.9444444444444445]","[0, 0, 12.0, 2.6666666666666665, 1.0, 3.0]","[0, 0, 0, 0, 0, 0]","[0, 0, 0, 0, 0, 0]","[0, 0, 0.0, 1.0, 2.0, 1.0]","[0, 0, 0.0, 1.0, 0, 1.0]","[0, 1, 7.875000000000001, 1.25, 5.5, 1.0]","[0, 0, 4.909090909090909, 1.2727272727272727, 0.95, 5.5]"
38,2020-06-19,20200619SKWO0,"[0, 0, 0, 0, 0, 0]","[0, 0, 3.8571428571428568, 1.1428571428571428, 2.0, 7.0]","[0, 0, 3.762295081967213, 1.6475409836065575, 1.3157894736842106, 5.809523809523809]","[0, 0, 0, 0, 0, 0]","[0, 0, 0, 0, 0, 0]","[0, 0, 3.8249999999999997, 1.2, 3.0, 5.714285714285714]","[0, 0, 5.0, 1.2777777777777777, 2.5, 0.9473684210526315]","[0, 0, 5.625, 1.25, 2.3333333333333335, 0.8]","[1, 0, 4.2749999999999995, 1.25, 5.125, 5.714285714285714]","[0, 1, 0.0, 0.8275862068965518, 3.2857142857142856, 1.0175438596491226]","[0, 0, 6.75, 2.142857142857143, 0.8, 1.0370370370370372]","[0, 0, 3.7800000000000002, 1.3199999999999998, 1.625, 3.3333333333333335]","[0, 1, 2.745762711864407, 1.271186440677966, 1.8571428571428572, 0.9833333333333334]","[0, 0, 18.9, 3.0, 1.6666666666666667, 0.6666666666666667]","[0, 0, 5.785714285714286, 1.7142857142857142, 0.6666666666666666, 1.0370370370370372]","[0, 0, 0, 0, 0, 0]","[0, 0, 0, 0, 0, 0]","[0, 0, 45.0, 8.0, 0.0, 0.3333333333333333]","[0, 0, 0, 0, 0, 0]","[0, 0, 2.3478260869565215, 1.6956521739130435, 1.4, 1.277777777777778]","[0, 0, 0, 0, 0, 0]","[0, 1, 5.108108108108109, 1.6216216216216215, 2.25, 0.9487179487179488]","[0, 0, 12.0, 2.6666666666666665, 1.0, 3.0]","[0, 0, 0, 0, 0, 0]","[0, 0, 0, 0, 0, 0]","[0, 0, 0.0, 1.0, 2.0, 1.0]","[0, 0, 0.0, 1.0, 0, 1.0]","[0, 0, 7.875000000000001, 1.25, 5.5, 1.0]","[0, 0, 4.909090909090909, 1.2727272727272727, 0.95, 5.5]"
39,2020-06-20,20200620SKWO0,"[0, 0, 0, 0, 0, 0]","[0, 0, 3.8571428571428568, 1.1428571428571428, 2.0, 7.0]","[0, 0, 3.762295081967213, 1.6475409836065575, 1.3157894736842106, 5.809523809523809]","[0, 0, 0, 0, 0, 0]","[0, 0, 0, 0, 0, 0]","[0, 0, 3.8249999999999997, 1.2, 3.0, 5.714285714285714]","[0, 1, 5.2105263157894735, 1.3157894736842106, 2.3333333333333335, 0.95]","[0, 1, 6.230769230769231, 1.5, 1.75, 0.7878787878787878]","[0, 0, 4.2749999999999995, 1.25, 5.125, 5.714285714285714]","[0, 0, 0.0, 0.8275862068965518, 3.2857142857142856, 1.0175438596491226]","[0, 0, 6.75, 2.142857142857143, 0.8, 1.0370370370370372]","[1, 0, 2.907692307692308, 1.2, 1.5, 3.611111111111111]","[0, 0, 2.745762711864407, 1.271186440677966, 1.8571428571428572, 0.9833333333333334]","[0, 0, 18.9, 3.0, 1.6666666666666667, 0.6666666666666667]","[0, 0, 5.785714285714286, 1.7142857142857142, 0.6666666666666666, 1.0370370370370372]","[0, 0, 0, 0, 0, 0]","[0, 0, 0, 0, 0, 0]","[0, 0, 45.0, 8.0, 0.0, 0.3333333333333333]","[0, 0, 0, 0, 0, 0]","[0, 1, 4.153846153846154, 1.9615384615384617, 1.5, 1.238095238095238]","[0, 0, 0, 0, 0, 0]","[0, 0, 5.108108108108109, 1.6216216216216215, 2.25, 0.9487179487179488]","[0, 0, 12.0, 2.6666666666666665, 1.0, 3.0]","[0, 0, 0, 0, 0, 0]","[0, 0, 0, 0, 0, 0]","[0, 0, 0.0, 1.0, 2.0, 1.0]","[0, 0, 0.0, 1.0, 0, 1.0]","[0, 0, 7.875000000000001, 1.25, 5.5, 1.0]","[0, 0, 4.909090909090909, 1.2727272727272727, 0.95, 5.5]"
40,2020-06-21,20200621SKWO0,"[0, 0, 0, 0, 0, 0]","[0, 0, 3.8571428571428568, 1.1428571428571428, 2.0, 7.0]","[1, 0, 3.664285714285714, 1.6500000000000001, 1.0833333333333333, 5.833333333333333]","[0, 0, 0, 0, 0, 0]","[0, 0, 0, 0, 0, 0]","[0, 0, 3.8249999999999997, 1.2, 3.0, 5.714285714285714]","[0, 0, 5.2105263157894735, 1.3157894736842106, 2.3333333333333335, 0.95]","[0, 0, 6.230769230769231, 1.5, 1.75, 0.7878787878787878]","[0, 0, 4.2749999999999995, 1.25, 5.125, 5.714285714285714]","[0, 0, 0.0, 0.8275862068965518, 3.2857142857142856, 1.0175438596491226]","[0, 1, 5.5588235294117645, 2.205882352941176, 0.8333333333333334, 1.1333333333333333]","[0, 0, 2.907692307692308, 1.2, 1.5, 3.611111111111111]","[0, 0, 2.745762711864407, 1.271186440677966, 1.8571428571428572, 0.9833333333333334]","[0, 1, 22.090909090909093, 3.272727272727273, 1.5, 0.611111111111111]","[0, 0, 5.785714285714286, 1.7142857142857142, 0.6666666666666666, 1.0370370370370372]","[0, 0, 0, 0, 0, 0]","[0, 0, 0, 0, 0, 0]","[0, 0, 45.0, 8.0, 0.0, 0.3333333333333333]","[0, 0, 0, 0, 0, 0]","[0, 1, 6.517241379310345, 2.0689655172413794, 1.2857142857142858, 1.2083333333333333]","[0, 0, 0, 0, 0, 0]","[0, 1, 6.394736842105263, 1.8947368421052633, 1.5, 0.9047619047619048]","[0, 0, 12.0, 2.6666666666666665, 1.0, 3.0]","[0, 0, 0, 0, 0, 0]","[0, 0, 0, 0, 0, 0]","[0, 0, 0.0, 1.0, 2.0, 1.0]","[0, 0, 0.0, 1.0, 0, 1.0]","[0, 1, 7.0, 1.1111111111111112, 6.5, 1.0]","[0, 0, 4.909090909090909, 1.2727272727272727, 0.95, 5.5]"
41,2020-06-23,20200623OBSK0,"[0, 0, 0, 0, 0, 0]","[0, 0, 3.8571428571428568, 1.1428571428571428, 2.0, 7.0]","[0, 0, 3.664285714285714, 1.6500000000000001, 1.0833333333333333, 5.833333333333333]","[0, 0, 0, 0, 0, 0]","[0, 1, 0.0, 1.0, 1, 1.0]","[0, 0, 3.8249999999999997, 1.2, 3.0, 5.714285714285714]","[0, 0, 5.2105263157894735, 1.3157894736842106, 2.3333333333333335, 0.95]","[0, 0, 6.230769230769231, 1.5, 1.75, 0.7878787878787878]","[0, 0, 4.2749999999999995, 1.25, 5.125, 5.714285714285714]","[0, 0, 0.0, 0.8275862068965518, 3.2857142857142856, 1.0175438596491226]","[0, 1, 4.846153846153846, 1.9230769230769231, 1.0, 1.1818181818181819]","[0, 0, 2.907692307692308, 1.2, 1.5, 3.611111111111111]","[0, 0, 2.745762711864407, 1.271186440677966, 1.8571428571428572, 0.9833333333333334]","[0, 1, 20.25, 3.25, 1.75, 0.5714285714285714]","[0, 0, 5.785714285714286, 1.7142857142857142, 0.6666666666666666, 1.0370370370370372]","[0, 0, 0, 0, 0, 0]","[0, 0, 0, 0, 0, 0]","[0, 0, 45.0, 8.0, 0.0, 0.3333333333333333]","[0, 0, 0, 0, 0, 0]","[0, 0, 6.517241379310345, 2.0689655172413794, 1.2857142857142858, 1.2083333333333333]","[0, 0, 0, 0, 0, 0]","[0, 0, 6.394736842105263, 1.8947368421052633, 1.5, 0.9047619047619048]","[0, 0, 12.0, 2.6666666666666665, 1.0, 3.0]","[0, 0, 0, 0, 0, 0]","[0, 0, 0, 0, 0, 0]","[0, 0, 0.0, 1.0, 2.0, 1.0]","[0, 0, 0.0, 1.0, 0, 1.0]","[0, 0, 7.0, 1.1111111111111112, 6.5, 1.0]","[1, 0, 4.7368421052631575, 1.2894736842105263, 0.8695652173913043, 5.428571428571429]"
42,2020-06-25,20200625OBSK1,"[0, 0, 0, 0, 0, 0]","[0, 0, 3.8571428571428568, 1.1428571428571428, 2.0, 7.0]","[0, 0, 3.664285714285714, 1.6500000000000001, 1.0833333333333333, 5.833333333333333]","[0, 0, 0, 0, 0, 0]","[0, 1, 0.0, 1.5, 3.0, 1.0]","[1, 0, 4.4, 1.3111111111111111, 2.823529411764706, 5.625]","[0, 0, 5.2105263157894735, 1.3157894736842106, 2.3333333333333335, 0.95]","[0, 0, 6.230769230769231, 1.5, 1.75, 0.7878787878787878]","[0, 0, 4.2749999999999995, 1.25, 5.125, 5.714285714285714]","[0, 0, 0.0, 0.8275862068965518, 3.2857142857142856, 1.0175438596491226]","[0, 0, 4.846153846153846, 1.9230769230769231, 1.0, 1.1818181818181819]","[0, 0, 2.907692307692308, 1.2, 1.5, 3.611111111111111]","[0, 0, 2.745762711864407, 1.271186440677966, 1.8571428571428572, 0.9833333333333334]","[0, 1, 16.2, 2.8, 1.4, 0.625]","[0, 0, 5.785714285714286, 1.7142857142857142, 0.6666666666666666, 1.0370370370370372]","[0, 0, 0, 0, 0, 0]","[0, 0, 0, 0, 0, 0]","[0, 0, 45.0, 8.0, 0.0, 0.3333333333333333]","[0, 0, 0, 0, 0, 0]","[0, 1, 6.096774193548387, 2.129032258064516, 1.1111111111111112, 1.1481481481481481]","[0, 0, 0, 0, 0, 0]","[0, 0, 6.394736842105263, 1.8947368421052633, 1.5, 0.9047619047619048]","[0, 1, 6.75, 2.1, 1.0, 3.3333333333333335]","[0, 0, 0, 0, 0, 0]","[0, 0, 0, 0, 0, 0]","[0, 0, 0.0, 1.0, 2.0, 1.0]","[0, 0, 0.0, 1.0, 0, 1.0]","[0, 0, 7.0, 1.1111111111111112, 6.5, 1.0]","[0, 0, 4.7368421052631575, 1.2894736842105263, 0.8695652173913043, 5.428571428571429]"
43,2020-06-25,20200625OBSK2,"[0, 0, 0, 0, 0, 0]","[0, 0, 3.8571428571428568, 1.1428571428571428, 2.0, 7.0]","[0, 0, 3.664285714285714, 1.6500000000000001, 1.0833333333333333, 5.833333333333333]","[0, 0, 0, 0, 0, 0]","[0, 0, 0.0, 1.5, 3.0, 1.0]","[0, 0, 4.4, 1.3111111111111111, 2.823529411764706, 5.625]","[0, 0, 5.2105263157894735, 1.3157894736842106, 2.3333333333333335, 0.95]","[0, 0, 6.230769230769231, 1.5, 1.75, 0.7878787878787878]","[1, 0, 3.717391304347826, 1.173913043478261, 4.5, 5.75]","[0, 1, 0.0, 0.8360655737704918, 3.4285714285714284, 1.0166666666666666]","[0, 0, 4.846153846153846, 1.9230769230769231, 1.0, 1.1818181818181819]","[0, 0, 2.907692307692308, 1.2, 1.5, 3.611111111111111]","[0, 1, 2.6129032258064515, 1.2096774193548387, 2.0, 0.9841269841269842]","[0, 0, 16.2, 2.8, 1.4, 0.625]","[0, 0, 5.785714285714286, 1.7142857142857142, 0.6666666666666666, 1.0370370370370372]","[0, 0, 0, 0, 0, 0]","[0, 0, 0, 0, 0, 0]","[0, 0, 45.0, 8.0, 0.0, 0.3333333333333333]","[0, 0, 0, 0, 0, 0]","[0, 0, 6.096774193548387, 2.129032258064516, 1.1111111111111112, 1.1481481481481481]","[0, 0, 0, 0, 0, 0]","[0, 0, 6.394736842105263, 1.8947368421052633, 1.5, 0.9047619047619048]","[0, 0, 6.75, 2.1, 1.0, 3.3333333333333335]","[0, 0, 0, 0, 0, 0]","[0, 0, 0, 0, 0, 0]","[0, 0, 0.0, 1.0, 2.0, 1.0]","[0, 0, 0.0, 1.0, 0, 1.0]","[0, 0, 7.0, 1.1111111111111112, 6.5, 1.0]","[0, 0, 4.7368421052631575, 1.2894736842105263, 0.8695652173913043, 5.428571428571429]"
44,2020-06-26,20200626LGSK0,"[0, 0, 0, 0, 0, 0]","[0, 0, 3.8571428571428568, 1.1428571428571428, 2.0, 7.0]","[0, 0, 3.664285714285714, 1.6500000000000001, 1.0833333333333333, 5.833333333333333]","[0, 0, 0, 0, 0, 0]","[0, 0, 0.0, 1.5, 3.0, 1.0]","[0, 0, 4.4, 1.3111111111111111, 2.823529411764706, 5.625]","[0, 0, 5.2105263157894735, 1.3157894736842106, 2.3333333333333335, 0.95]","[0, 0, 6.230769230769231, 1.5, 1.75, 0.7878787878787878]","[0, 0, 3.717391304347826, 1.173913043478261, 4.5, 5.75]","[0, 1, 0.0, 0.796875, 3.5714285714285716, 1.0158730158730158]","[0, 0, 4.846153846153846, 1.9230769230769231, 1.0, 1.1818181818181819]","[1, 0, 3.417721518987342, 1.3670886075949367, 1.2666666666666666, 3.761904761904762]","[0, 1, 2.4923076923076923, 1.1538461538461537, 2.142857142857143, 0.9848484848484849]","[0, 1, 13.5, 2.6666666666666665, 1.0, 0.6666666666666666]","[0, 0, 5.785714285714286, 1.7142857142857142, 0.6666666666666666, 1.0370370370370372]","[0, 0, 0, 0, 0, 0]","[0, 0, 0, 0, 0, 0]","[0, 0, 45.0, 8.0, 0.0, 0.3333333333333333]","[0, 0, 0, 0, 0, 0]","[0, 0, 6.096774193548387, 2.129032258064516, 1.1111111111111112, 1.1481481481481481]","[0, 0, 0, 0, 0, 0]","[0, 0, 6.394736842105263, 1.8947368421052633, 1.5, 0.9047619047619048]","[0, 0, 6.75, 2.1, 1.0, 3.3333333333333335]","[0, 0, 0, 0, 0, 0]","[0, 0, 0, 0, 0, 0]","[0, 0, 0.0, 1.0, 2.0, 1.0]","[0, 0, 0.0, 1.0, 0, 1.0]","[0, 1, 6.3, 1.2, 7.0, 1.0]","[0, 0, 4.7368421052631575, 1.2894736842105263, 0.8695652173913043, 5.428571428571429]"
45,2020-06-27,20200627LGSK0,"[0, 0, 0, 0, 0, 0]","[0, 0, 3.8571428571428568, 1.1428571428571428, 2.0, 7.0]","[1, 0, 4.263157894736842, 1.6973684210526316, 1.1481481481481481, 5.62962962962963]","[0, 0, 0, 0, 0, 0]","[0, 1, 5.4, 1.7999999999999998, 3.0, 1.1111111111111112]","[0, 0, 4.4, 1.3111111111111111, 2.823529411764706, 5.625]","[0, 1, 5.311475409836065, 1.278688524590164, 2.5555555555555554, 0.9682539682539681]","[0, 0, 6.230769230769231, 1.5, 1.75, 0.7878787878787878]","[0, 0, 3.717391304347826, 1.173913043478261, 4.5, 5.75]","[0, 0, 0.0, 0.796875, 3.5714285714285716, 1.0158730158730158]","[0, 0, 4.846153846153846, 1.9230769230769231, 1.0, 1.1818181818181819]","[0, 0, 3.417721518987342, 1.3670886075949367, 1.2666666666666666, 3.761904761904762]","[0, 0, 2.4923076923076923, 1.1538461538461537, 2.142857142857143, 0.9848484848484849]","[0, 0, 13.5, 2.6666666666666665, 1.0, 0.6666666666666666]","[0, 0, 5.785714285714286, 1.7142857142857142, 0.6666666666666666, 1.0370370370370372]","[0, 0, 0, 0, 0, 0]","[0, 0, 0, 0, 0, 0]","[0, 0, 45.0, 8.0, 0.0, 0.3333333333333333]","[0, 0, 0, 0, 0, 0]","[0, 0, 6.096774193548387, 2.129032258064516, 1.1111111111111112, 1.1481481481481481]","[0, 0, 0, 0, 0, 0]","[0, 0, 6.394736842105263, 1.8947368421052633, 1.5, 0.9047619047619048]","[0, 0, 6.75, 2.1, 1.0, 3.3333333333333335]","[0, 0, 0, 0, 0, 0]","[0, 0, 0, 0, 0, 0]","[0, 0, 0.0, 1.0, 2.0, 1.0]","[0, 0, 0.0, 1.0, 0, 1.0]","[0, 1, 5.7272727272727275, 1.1818181818181819, 7.0, 1.0]","[0, 0, 4.7368421052631575, 1.2894736842105263, 0.8695652173913043, 5.428571428571429]"
46,2020-06-28,20200628LGSK0,"[0, 0, 0, 0, 0, 0]","[0, 0, 3.8571428571428568, 1.1428571428571428, 2.0, 7.0]","[0, 0, 4.263157894736842, 1.6973684210526316, 1.1481481481481481, 5.62962962962963]","[0, 0, 0, 0, 0, 0]","[0, 1, 3.6, 1.6, 4.0, 1.25]","[0, 0, 4.4, 1.3111111111111111, 2.823529411764706, 5.625]","[0, 1, 5.571428571428571, 1.380952380952381, 2.4, 0.9545454545454546]","[0, 0, 6.230769230769231, 1.5, 1.75, 0.7878787878787878]","[0, 0, 3.717391304347826, 1.173913043478261, 4.5, 5.75]","[0, 1, 0.0, 0.923076923076923, 2.7777777777777777, 0.9848484848484849]","[0, 0, 4.846153846153846, 1.9230769230769231, 1.0, 1.1818181818181819]","[0, 0, 3.417721518987342, 1.3670886075949367, 1.2666666666666666, 3.761904761904762]","[0, 0, 2.4923076923076923, 1.1538461538461537, 2.142857142857143, 0.9848484848484849]","[0, 0, 13.5, 2.6666666666666665, 1.0, 0.6666666666666666]","[0, 0, 5.785714285714286, 1.7142857142857142, 0.6666666666666666, 1.0370370370370372]","[0, 0, 0, 0, 0, 0]","[0, 0, 0, 0, 0, 0]","[1, 0, 10.8, 2.6, 0.25, 1.25]","[0, 0, 0, 0, 0, 0]","[0, 0, 6.096774193548387, 2.129032258064516, 1.1111111111111112, 1.1481481481481481]","[0, 0, 0, 0, 0, 0]","[0, 0, 6.394736842105263, 1.8947368421052633, 1.5, 0.9047619047619048]","[0, 0, 6.75, 2.1, 1.0, 3.3333333333333335]","[0, 0, 0, 0, 0, 0]","[0, 0, 0, 0, 0, 0]","[0, 0, 0.0, 1.0, 2.0, 1.0]","[0, 0, 0.0, 1.0, 0, 1.0]","[0, 0, 5.7272727272727275, 1.1818181818181819, 7.0, 1.0]","[0, 0, 4.7368421052631575, 1.2894736842105263, 0.8695652173913043, 5.428571428571429]"
47,2020-06-30,20200630SKSS0,"[0, 0, 0, 0, 0, 0]","[0, 0, 3.8571428571428568, 1.1428571428571428, 2.0, 7.0]","[0, 0, 4.263157894736842, 1.6973684210526316, 1.1481481481481481, 5.62962962962963]","[0, 0, 0, 0, 0, 0]","[0, 0, 3.6, 1.6, 4.0, 1.25]","[1, 0, 5.8125, 1.4791666666666667, 2.4, 5.333333333333333]","[0, 0, 5.571428571428571, 1.380952380952381, 2.4, 0.9545454545454546]","[0, 0, 6.230769230769231, 1.5, 1.75, 0.7878787878787878]","[0, 0, 3.717391304347826, 1.173913043478261, 4.5, 5.75]","[0, 0, 0.0, 0.923076923076923, 2.7777777777777777, 0.9848484848484849]","[0, 0, 4.846153846153846, 1.9230769230769231, 1.0, 1.1818181818181819]","[0, 0, 3.417721518987342, 1.3670886075949367, 1.2666666666666666, 3.761904761904762]","[0, 1, 2.417910447761194, 1.119402985074627, 2.2857142857142856, 0.9710144927536232]","[0, 1, 11.571428571428571, 2.4285714285714284, 1.0, 0.7]","[0, 0, 5.785714285714286, 1.7142857142857142, 0.6666666666666666, 1.0370370370370372]","[0, 0, 0, 0, 0, 0]","[0, 0, 0, 0, 0, 0]","[0, 0, 10.8, 2.6, 0.25, 1.25]","[0, 0, 0, 0, 0, 0]","[0, 0, 6.096774193548387, 2.129032258064516, 1.1111111111111112, 1.1481481481481481]","[0, 0, 0, 0, 0, 0]","[0, 0, 6.394736842105263, 1.8947368421052633, 1.5, 0.9047619047619048]","[0, 0, 6.75, 2.1, 1.0, 3.3333333333333335]","[0, 0, 0, 0, 0, 0]","[0, 0, 0, 0, 0, 0]","[0, 0, 0.0, 1.0, 2.0, 1.0]","[0, 0, 0.0, 1.0, 0, 1.0]","[0, 0, 5.7272727272727275, 1.1818181818181819, 7.0, 1.0]","[0, 1, 5.441860465116279, 1.372093023255814, 0.96, 5.375]"
48,2020-07-01,20200701SKSS0,"[0, 0, 0, 0, 0, 0]","[0, 0, 3.8571428571428568, 1.1428571428571428, 2.0, 7.0]","[0, 0, 4.263157894736842, 1.6973684210526316, 1.1481481481481481, 5.62962962962963]","[0, 0, 0, 0, 0, 0]","[0, 0, 3.6, 1.6, 4.0, 1.25]","[0, 0, 5.8125, 1.4791666666666667, 2.4, 5.333333333333333]","[0, 0, 5.571428571428571, 1.380952380952381, 2.4, 0.9545454545454546]","[0, 0, 6.230769230769231, 1.5, 1.75, 0.7878787878787878]","[1, 0, 3.2264150943396226, 1.1320754716981132, 4.333333333333333, 5.888888888888889]","[0, 0, 0.0, 0.923076923076923, 2.7777777777777777, 0.9848484848484849]","[0, 1, 5.4, 2.0, 1.0, 1.25]","[0, 0, 3.417721518987342, 1.3670886075949367, 1.2666666666666666, 3.761904761904762]","[0, 0, 2.417910447761194, 1.119402985074627, 2.2857142857142856, 0.9710144927536232]","[0, 0, 11.571428571428571, 2.4285714285714284, 1.0, 0.7]","[0, 0, 5.785714285714286, 1.7142857142857142, 0.6666666666666666, 1.0370370370370372]","[0, 0, 0, 0, 0, 0]","[0, 0, 0, 0, 0, 0]","[0, 0, 10.8, 2.6, 0.25, 1.25]","[0, 0, 0, 0, 0, 0]","[0, 1, 6.171428571428571, 2.0571428571428574, 1.1111111111111112, 1.1666666666666665]","[0, 0, 0, 0, 0, 0]","[0, 0, 6.394736842105263, 1.8947368421052633, 1.5, 0.9047619047619048]","[0, 0, 6.75, 2.1, 1.0, 3.3333333333333335]","[0, 0, 0, 0, 0, 0]","[0, 0, 0, 0, 0, 0]","[0, 0, 0.0, 1.0, 2.0, 1.0]","[0, 0, 0.0, 1.0, 0, 1.0]","[0, 1, 5.108108108108109, 1.135135135135135, 7.5, 1.027777777777778]","[0, 0, 5.441860465116279, 1.372093023255814, 0.96, 5.375]"
49,2020-07-02,20200702SKSS0,"[0, 0, 0, 0, 0, 0]","[0, 0, 3.8571428571428568, 1.1428571428571428, 2.0, 7.0]","[0, 0, 4.263157894736842, 1.6973684210526316, 1.1481481481481481, 5.62962962962963]","[0, 0, 0, 0, 0, 0]","[0, 1, 4.5, 1.8333333333333333, 6.0, 1.2]","[0, 0, 5.8125, 1.4791666666666667, 2.4, 5.333333333333333]","[0, 1, 5.318181818181818, 1.3636363636363635, 2.5, 0.9565217391304348]","[0, 0, 6.230769230769231, 1.5, 1.75, 0.7878787878787878]","[0, 0, 3.2264150943396226, 1.1320754716981132, 4.333333333333333, 5.888888888888889]","[0, 1, 0.39705882352941174, 0.9705882352941176, 2.7777777777777777, 0.9855072463768116]","[0, 0, 5.4, 2.0, 1.0, 1.25]","[1, 0, 2.783505154639175, 1.2061855670103092, 1.2222222222222223, 4.041666666666667]","[0, 0, 2.417910447761194, 1.119402985074627, 2.2857142857142856, 0.9710144927536232]","[0, 0, 11.571428571428571, 2.4285714285714284, 1.0, 0.7]","[0, 0, 5.785714285714286, 1.7142857142857142, 0.6666666666666666, 1.0370370370370372]","[0, 0, 0, 0, 0, 0]","[0, 0, 0, 0, 0, 0]","[0, 0, 10.8, 2.6, 0.25, 1.25]","[0, 0, 0, 0, 0, 0]","[0, 1, 5.684210526315789, 1.8947368421052633, 1.2222222222222223, 1.1515151515151514]","[0, 0, 0, 0, 0, 0]","[0, 0, 6.394736842105263, 1.8947368421052633, 1.5, 0.9047619047619048]","[0, 0, 6.75, 2.1, 1.0, 3.3333333333333335]","[0, 0, 0, 0, 0, 0]","[0, 0, 0, 0, 0, 0]","[0, 0, 0.0, 1.0, 2.0, 1.0]","[0, 0, 0.0, 1.0, 0, 1.0]","[0, 0, 5.108108108108109, 1.135135135135135, 7.5, 1.027777777777778]","[0, 0, 5.441860465116279, 1.372093023255814, 0.96, 5.375]"
50,2020-07-03,20200703SKLT0,"[0, 0, 0, 0, 0, 0]","[0, 0, 3.8571428571428568, 1.1428571428571428, 2.0, 7.0]","[1, 0, 4.017857142857143, 1.6607142857142858, 1.25, 5.6]","[0, 0, 0, 0, 0, 0]","[0, 1, 4.05, 1.65, 6.0, 1.1111111111111112]","[0, 0, 5.8125, 1.4791666666666667, 2.4, 5.333333333333333]","[0, 1, 5.478260869565218, 1.3478260869565217, 2.6, 0.9583333333333334]","[0, 0, 6.230769230769231, 1.5, 1.75, 0.7878787878787878]","[0, 0, 3.2264150943396226, 1.1320754716981132, 4.333333333333333, 5.888888888888889]","[0, 1, 1.1911764705882353, 1.0588235294117647, 2.5, 0.9444444444444445]","[0, 0, 5.4, 2.0, 1.0, 1.25]","[0, 0, 2.783505154639175, 1.2061855670103092, 1.2222222222222223, 4.041666666666667]","[0, 1, 2.3142857142857145, 1.0714285714285714, 2.4285714285714284, 0.9722222222222222]","[0, 0, 11.571428571428571, 2.4285714285714284, 1.0, 0.7]","[0, 0, 5.785714285714286, 1.7142857142857142, 0.6666666666666666, 1.0370370370370372]","[0, 0, 0, 0, 0, 0]","[0, 0, 0, 0, 0, 0]","[0, 0, 10.8, 2.6, 0.25, 1.25]","[0, 0, 0, 0, 0, 0]","[0, 0, 5.684210526315789, 1.8947368421052633, 1.2222222222222223, 1.1515151515151514]","[0, 0, 0, 0, 0, 0]","[0, 0, 6.394736842105263, 1.8947368421052633, 1.5, 0.9047619047619048]","[0, 0, 6.75, 2.1, 1.0, 3.3333333333333335]","[0, 0, 0, 0, 0, 0]","[0, 0, 0, 0, 0, 0]","[0, 0, 0.0, 1.0, 2.0, 1.0]","[0, 0, 0.0, 1.0, 0, 1.0]","[0, 0, 5.108108108108109, 1.135135135135135, 7.5, 1.027777777777778]","[0, 1, 5.7272727272727275, 1.4090909090909092, 0.96, 4.888888888888889]"
51,2020-07-04,20200704SKLT0,"[0, 0, 0, 0, 0, 0]","[0, 0, 3.8571428571428568, 1.1428571428571428, 2.0, 7.0]","[0, 0, 4.017857142857143, 1.6607142857142858, 1.25, 5.6]","[0, 0, 0, 0, 0, 0]","[0, 0, 4.05, 1.65, 6.0, 1.1111111111111112]","[0, 0, 5.8125, 1.4791666666666667, 2.4, 5.333333333333333]","[0, 0, 5.478260869565218, 1.3478260869565217, 2.6, 0.9583333333333334]","[0, 0, 6.230769230769231, 1.5, 1.75, 0.7878787878787878]","[0, 0, 3.2264150943396226, 1.1320754716981132, 4.333333333333333, 5.888888888888889]","[0, 0, 1.1911764705882353, 1.0588235294117647, 2.5, 0.9444444444444445]","[0, 0, 5.4, 2.0, 1.0, 1.25]","[0, 0, 2.783505154639175, 1.2061855670103092, 1.2222222222222223, 4.041666666666667]","[0, 0, 2.3142857142857145, 1.0714285714285714, 2.4285714285714284, 0.9722222222222222]","[0, 1, 9.719999999999999, 2.28, 1.0, 0.7575757575757577]","[0, 0, 5.785714285714286, 1.7142857142857142, 0.6666666666666666, 1.0370370370370372]","[0, 0, 0, 0, 0, 0]","[0, 0, 0, 0, 0, 0]","[1, 0, 5.7272727272727275, 1.7272727272727273, 0.3333333333333333, 2.2]","[0, 0, 0, 0, 0, 0]","[0, 1, 4.909090909090909, 1.7727272727272727, 1.3, 1.222222222222222]","[0, 0, 0, 0, 0, 0]","[0, 0, 6.394736842105263, 1.8947368421052633, 1.5, 0.9047619047619048]","[0, 0, 6.75, 2.1, 1.0, 3.3333333333333335]","[0, 0, 0, 0, 0, 0]","[0, 0, 0, 0, 0, 0]","[0, 0, 0.0, 1.0, 2.0, 1.0]","[0, 0, 0.0, 1.0, 0, 1.0]","[0, 1, 4.725, 1.125, 8.0, 1.0256410256410258]","[0, 1, 5.684210526315789, 1.4661654135338344, 0.8888888888888888, 4.433333333333334]"
52,2020-07-05,20200705SKLT0,"[0, 0, 0, 0, 0, 0]","[0, 0, 3.8571428571428568, 1.1428571428571428, 2.0, 7.0]","[0, 0, 4.017857142857143, 1.6607142857142858, 1.25, 5.6]","[0, 0, 0, 0, 0, 0]","[0, 0, 4.05, 1.65, 6.0, 1.1111111111111112]","[1, 0, 5.639240506329114, 1.4620253164556962, 2.5454545454545454, 5.266666666666667]","[0, 1, 5.4, 1.3714285714285714, 2.6, 0.9333333333333332]","[0, 0, 6.230769230769231, 1.5, 1.75, 0.7878787878787878]","[0, 0, 3.2264150943396226, 1.1320754716981132, 4.333333333333333, 5.888888888888889]","[0, 1, 1.1408450704225352, 1.056338028169014, 2.272727272727273, 0.9466666666666668]","[0, 0, 5.4, 2.0, 1.0, 1.25]","[0, 0, 2.783505154639175, 1.2061855670103092, 1.2222222222222223, 4.041666666666667]","[0, 1, 2.25, 1.0833333333333333, 2.125, 0.96]","[0, 0, 9.719999999999999, 2.28, 1.0, 0.7575757575757577]","[0, 0, 5.785714285714286, 1.7142857142857142, 0.6666666666666666, 1.0370370370370372]","[0, 0, 0, 0, 0, 0]","[0, 0, 0, 0, 0, 0]","[0, 0, 5.7272727272727275, 1.7272727272727273, 0.3333333333333333, 2.2]","[0, 0, 0, 0, 0, 0]","[0, 0, 4.909090909090909, 1.7727272727272727, 1.3, 1.222222222222222]","[0, 0, 0, 0, 0, 0]","[0, 0, 6.394736842105263, 1.8947368421052633, 1.5, 0.9047619047619048]","[0, 0, 6.75, 2.1, 1.0, 3.3333333333333335]","[0, 0, 0, 0, 0, 0]","[0, 0, 0, 0, 0, 0]","[0, 0, 0.0, 1.0, 2.0, 1.0]","[0, 0, 0.0, 1.0, 0, 1.0]","[0, 0, 4.725, 1.125, 8.0, 1.0256410256410258]","[0, 0, 5.684210526315789, 1.4661654135338344, 0.8888888888888888, 4.433333333333334]"
53,2020-07-07,20200707NCSK0,"[0, 0, 0, 0, 0, 0]","[0, 0, 3.8571428571428568, 1.1428571428571428, 2.0, 7.0]","[0, 0, 4.017857142857143, 1.6607142857142858, 1.25, 5.6]","[0, 0, 0, 0, 0, 0]","[0, 1, 3.6818181818181817, 1.5, 6.0, 1.0476190476190477]","[0, 0, 5.639240506329114, 1.4620253164556962, 2.5454545454545454, 5.266666666666667]","[0, 0, 5.4, 1.3714285714285714, 2.6, 0.9333333333333332]","[0, 0, 6.230769230769231, 1.5, 1.75, 0.7878787878787878]","[1, 0, 3.2586206896551726, 1.1724137931034482, 3.7333333333333334, 5.8]","[0, 0, 1.1408450704225352, 1.056338028169014, 2.272727272727273, 0.9466666666666668]","[0, 0, 5.4, 2.0, 1.0, 1.25]","[0, 0, 2.783505154639175, 1.2061855670103092, 1.2222222222222223, 4.041666666666667]","[0, 0, 2.25, 1.0833333333333333, 2.125, 0.96]","[0, 1, 9.642857142857142, 2.142857142857143, 1.125, 0.7777777777777778]","[0, 0, 5.785714285714286, 1.7142857142857142, 0.6666666666666666, 1.0370370370370372]","[0, 0, 0, 0, 0, 0]","[0, 0, 0, 0, 0, 0]","[0, 0, 5.7272727272727275, 1.7272727272727273, 0.3333333333333333, 2.2]","[0, 0, 0, 0, 0, 0]","[0, 0, 4.909090909090909, 1.7727272727272727, 1.3, 1.222222222222222]","[0, 0, 0, 0, 0, 0]","[0, 0, 6.394736842105263, 1.8947368421052633, 1.5, 0.9047619047619048]","[0, 0, 6.75, 2.1, 1.0, 3.3333333333333335]","[0, 0, 0, 0, 0, 0]","[0, 0, 0, 0, 0, 0]","[0, 0, 0.0, 1.0, 2.0, 1.0]","[0, 0, 0.0, 1.0, 0, 1.0]","[0, 0, 4.725, 1.125, 8.0, 1.0256410256410258]","[0, 0, 5.684210526315789, 1.4661654135338344, 0.8888888888888888, 4.433333333333334]"
54,2020-07-08,20200708NCSK0,"[0, 0, 0, 0, 0, 0]","[0, 0, 3.8571428571428568, 1.1428571428571428, 2.0, 7.0]","[0, 0, 4.017857142857143, 1.6607142857142858, 1.25, 5.6]","[0, 0, 0, 0, 0, 0]","[0, 0, 3.6818181818181817, 1.5, 6.0, 1.0476190476190477]","[0, 0, 5.639240506329114, 1.4620253164556962, 2.5454545454545454, 5.266666666666667]","[0, 1, 5.178082191780821, 1.315068493150685, 2.7, 0.9358974358974359]","[0, 0, 6.230769230769231, 1.5, 1.75, 0.7878787878787878]","[0, 0, 3.2586206896551726, 1.1724137931034482, 3.7333333333333334, 5.8]","[0, 1, 1.4594594594594597, 1.0945945945945945, 2.0833333333333335, 0.9487179487179488]","[0, 0, 5.4, 2.0, 1.0, 1.25]","[1, 0, 3.190909090909091, 1.390909090909091, 1.2727272727272727, 4.0740740740740735]","[0, 1, 2.16, 1.08, 2.25, 0.9615384615384616]","[0, 1, 8.709677419354838, 2.032258064516129, 1.3333333333333333, 0.7948717948717949]","[0, 0, 5.785714285714286, 1.7142857142857142, 0.6666666666666666, 1.0370370370370372]","[0, 0, 0, 0, 0, 0]","[0, 0, 0, 0, 0, 0]","[0, 0, 5.7272727272727275, 1.7272727272727273, 0.3333333333333333, 2.2]","[0, 0, 0, 0, 0, 0]","[0, 0, 4.909090909090909, 1.7727272727272727, 1.3, 1.222222222222222]","[0, 0, 0, 0, 0, 0]","[0, 0, 6.394736842105263, 1.8947368421052633, 1.5, 0.9047619047619048]","[0, 0, 6.75, 2.1, 1.0, 3.3333333333333335]","[0, 0, 0, 0, 0, 0]","[0, 0, 0, 0, 0, 0]","[0, 0, 0.0, 1.0, 2.0, 1.0]","[0, 0, 0.0, 1.0, 0, 1.0]","[0, 0, 4.725, 1.125, 8.0, 1.0256410256410258]","[0, 0, 5.684210526315789, 1.4661654135338344, 0.8888888888888888, 4.433333333333334]"
55,2020-07-09,20200709NCSK0,"[0, 0, 0, 0, 0, 0]","[0, 0, 3.8571428571428568, 1.1428571428571428, 2.0, 7.0]","[1, 0, 4.255434782608696, 1.7119565217391304, 1.121212121212121, 5.575757575757576]","[0, 0, 0, 0, 0, 0]","[0, 1, 6.4799999999999995, 1.68, 6.0, 1.0416666666666667]","[0, 0, 5.639240506329114, 1.4620253164556962, 2.5454545454545454, 5.266666666666667]","[0, 0, 5.178082191780821, 1.315068493150685, 2.7, 0.9358974358974359]","[0, 0, 6.230769230769231, 1.5, 1.75, 0.7878787878787878]","[0, 0, 3.2586206896551726, 1.1724137931034482, 3.7333333333333334, 5.8]","[0, 0, 1.4594594594594597, 1.0945945945945945, 2.0833333333333335, 0.9487179487179488]","[0, 0, 5.4, 2.0, 1.0, 1.25]","[0, 0, 3.190909090909091, 1.390909090909091, 1.2727272727272727, 4.0740740740740735]","[0, 0, 2.16, 1.08, 2.25, 0.9615384615384616]","[0, 0, 8.709677419354838, 2.032258064516129, 1.3333333333333333, 0.7948717948717949]","[0, 0, 5.785714285714286, 1.7142857142857142, 0.6666666666666666, 1.0370370370370372]","[0, 0, 0, 0, 0, 0]","[0, 0, 0, 0, 0, 0]","[0, 0, 5.7272727272727275, 1.7272727272727273, 0.3333333333333333, 2.2]","[0, 0, 0, 0, 0, 0]","[0, 1, 4.595744680851063, 1.723404255319149, 1.2727272727272727, 1.205128205128205]","[0, 0, 0, 0, 0, 0]","[0, 0, 6.394736842105263, 1.8947368421052633, 1.5, 0.9047619047619048]","[0, 0, 6.75, 2.1, 1.0, 3.3333333333333335]","[0, 0, 0, 0, 0, 0]","[0, 0, 0, 0, 0, 0]","[0, 0, 0.0, 1.0, 2.0, 1.0]","[0, 0, 0.0, 1.0, 0, 1.0]","[0, 1, 6.27906976744186, 1.4651162790697674, 4.0, 1.023809523809524]","[0, 1, 5.5588235294117645, 1.477941176470588, 0.8571428571428571, 4.121212121212121]"
56,2020-07-10,20200710SKHH0,"[0, 0, 0, 0, 0, 0]","[0, 0, 3.8571428571428568, 1.1428571428571428, 2.0, 7.0]","[0, 0, 4.255434782608696, 1.7119565217391304, 1.121212121212121, 5.575757575757576]","[0, 0, 0, 0, 0, 0]","[0, 1, 5.785714285714286, 1.7142857142857142, 8.0, 1.0370370370370372]","[0, 0, 5.639240506329114, 1.4620253164556962, 2.5454545454545454, 5.266666666666667]","[0, 0, 5.178082191780821, 1.315068493150685, 2.7, 0.9358974358974359]","[0, 0, 6.230769230769231, 1.5, 1.75, 0.7878787878787878]","[0, 0, 3.2586206896551726, 1.1724137931034482, 3.7333333333333334, 5.8]","[0, 1, 1.4025974025974026, 1.051948051948052, 2.1666666666666665, 0.9506172839506173]","[0, 0, 5.4, 2.0, 1.0, 1.25]","[0, 0, 3.190909090909091, 1.390909090909091, 1.2727272727272727, 4.0740740740740735]","[0, 0, 2.16, 1.08, 2.25, 0.9615384615384616]","[0, 0, 8.709677419354838, 2.032258064516129, 1.3333333333333333, 0.7948717948717949]","[0, 1, 5.225806451612903, 1.7419354838709677, 0.8333333333333334, 1.0333333333333334]","[0, 0, 0, 0, 0, 0]","[0, 0, 0, 0, 0, 0]","[1, 0, 7.2, 1.8666666666666667, 0.42857142857142855, 2.5]","[0, 0, 0, 0, 0, 0]","[0, 0, 4.595744680851063, 1.723404255319149, 1.2727272727272727, 1.205128205128205]","[0, 0, 0, 0, 0, 0]","[0, 0, 6.394736842105263, 1.8947368421052633, 1.5, 0.9047619047619048]","[0, 0, 6.75, 2.1, 1.0, 3.3333333333333335]","[0, 0, 0, 0, 0, 0]","[0, 0, 0, 0, 0, 0]","[0, 0, 0.0, 1.0, 2.0, 1.0]","[0, 0, 0.0, 1.0, 0, 1.0]","[0, 1, 5.74468085106383, 1.4042553191489362, 4.25, 1.0444444444444445]","[0, 0, 5.5588235294117645, 1.477941176470588, 0.8571428571428571, 4.121212121212121]"
57,2020-07-11,20200711SKHH0,"[0, 0, 0, 0, 0, 0]","[0, 0, 3.8571428571428568, 1.1428571428571428, 2.0, 7.0]","[0, 0, 4.255434782608696, 1.7119565217391304, 1.121212121212121, 5.575757575757576]","[0, 0, 0, 0, 0, 0]","[0, 0, 5.785714285714286, 1.7142857142857142, 8.0, 1.0370370370370372]","[1, 0, 5.369318181818182, 1.4318181818181819, 2.6666666666666665, 5.333333333333333]","[0, 1, 4.973684210526316, 1.3026315789473686, 2.7, 0.9382716049382716]","[0, 0, 6.230769230769231, 1.5, 1.75, 0.7878787878787878]","[0, 0, 3.2586206896551726, 1.1724137931034482, 3.7333333333333334, 5.8]","[0, 1, 1.3670886075949367, 1.1772151898734178, 1.6875, 0.9404761904761905]","[0, 0, 5.4, 2.0, 1.0, 1.25]","[0, 0, 3.190909090909091, 1.390909090909091, 1.2727272727272727, 4.0740740740740735]","[0, 0, 2.16, 1.08, 2.25, 0.9615384615384616]","[0, 1, 9.0, 2.1818181818181817, 1.3333333333333333, 0.7857142857142857]","[0, 0, 5.225806451612903, 1.7419354838709677, 0.8333333333333334, 1.0333333333333334]","[0, 0, 0, 0, 0, 0]","[0, 0, 0, 0, 0, 0]","[0, 0, 7.2, 1.8666666666666667, 0.42857142857142855, 2.5]","[0, 0, 0, 0, 0, 0]","[0, 0, 4.595744680851063, 1.723404255319149, 1.2727272727272727, 1.205128205128205]","[0, 0, 0, 0, 0, 0]","[0, 0, 6.394736842105263, 1.8947368421052633, 1.5, 0.9047619047619048]","[0, 0, 6.75, 2.1, 1.0, 3.3333333333333335]","[0, 0, 0, 0, 0, 0]","[0, 0, 0, 0, 0, 0]","[0, 0, 0.0, 1.0, 2.0, 1.0]","[0, 1, 9.0, 4.0, 0.0, 0.5]","[0, 0, 5.74468085106383, 1.4042553191489362, 4.25, 1.0444444444444445]","[0, 0, 5.5588235294117645, 1.477941176470588, 0.8571428571428571, 4.121212121212121]"
58,2020-07-13,20200713SKHH0,"[0, 0, 0, 0, 0, 0]","[0, 0, 3.8571428571428568, 1.1428571428571428, 2.0, 7.0]","[0, 0, 4.255434782608696, 1.7119565217391304, 1.121212121212121, 5.575757575757576]","[0, 0, 0, 0, 0, 0]","[0, 0, 5.785714285714286, 1.7142857142857142, 8.0, 1.0370370370370372]","[0, 0, 5.369318181818182, 1.4318181818181819, 2.6666666666666665, 5.333333333333333]","[0, 1, 4.784810126582278, 1.2911392405063291, 2.6363636363636362, 0.9404761904761905]","[0, 0, 6.230769230769231, 1.5, 1.75, 0.7878787878787878]","[1, 0, 3.1846153846153844, 1.1384615384615384, 3.875, 5.909090909090909]","[0, 0, 1.3670886075949367, 1.1772151898734178, 1.6875, 0.9404761904761905]","[0, 0, 5.4, 2.0, 1.0, 1.25]","[0, 0, 3.190909090909091, 1.390909090909091, 1.2727272727272727, 4.0740740740740735]","[0, 0, 2.16, 1.08, 2.25, 0.9615384615384616]","[0, 0, 9.0, 2.1818181818181817, 1.3333333333333333, 0.7857142857142857]","[0, 0, 5.225806451612903, 1.7419354838709677, 0.8333333333333334, 1.0333333333333334]","[0, 0, 0, 0, 0, 0]","[0, 0, 0, 0, 0, 0]","[0, 0, 7.2, 1.8666666666666667, 0.42857142857142855, 2.5]","[0, 0, 0, 0, 0, 0]","[0, 0, 4.595744680851063, 1.723404255319149, 1.2727272727272727, 1.205128205128205]","[0, 0, 0, 0, 0, 0]","[0, 0, 6.394736842105263, 1.8947368421052633, 1.5, 0.9047619047619048]","[0, 0, 6.75, 2.1, 1.0, 3.3333333333333335]","[0, 0, 0, 0, 0, 0]","[0, 0, 0, 0, 0, 0]","[0, 0, 0.0, 1.0, 2.0, 1.0]","[0, 1, 9.0, 3.0, 1.0, 0.6666666666666666]","[0, 1, 5.625, 1.375, 4.5, 1.0]","[0, 0, 5.5588235294117645, 1.477941176470588, 0.8571428571428571, 4.121212121212121]"
59,2020-07-14,20200714SKOB0,"[0, 0, 0, 0, 0, 0]","[0, 0, 3.8571428571428568, 1.1428571428571428, 2.0, 7.0]","[0, 0, 4.255434782608696, 1.7119565217391304, 1.121212121212121, 5.575757575757576]","[0, 0, 0, 0, 0, 0]","[0, 0, 5.785714285714286, 1.7142857142857142, 8.0, 1.0370370370370372]","[0, 0, 5.369318181818182, 1.4318181818181819, 2.6666666666666665, 5.333333333333333]","[0, 0, 4.784810126582278, 1.2911392405063291, 2.6363636363636362, 0.9404761904761905]","[0, 1, 7.448275862068965, 1.5517241379310345, 1.75, 0.8055555555555555]","[0, 0, 3.1846153846153844, 1.1384615384615384, 3.875, 5.909090909090909]","[0, 0, 1.3670886075949367, 1.1772151898734178, 1.6875, 0.9404761904761905]","[0, 0, 5.4, 2.0, 1.0, 1.25]","[1, 0, 2.953125, 1.2890625, 1.434782608695652, 4.266666666666667]","[0, 1, 2.131578947368421, 1.0657894736842106, 2.25, 0.9382716049382716]","[0, 0, 9.0, 2.1818181818181817, 1.3333333333333333, 0.7857142857142857]","[0, 0, 5.225806451612903, 1.7419354838709677, 0.8333333333333334, 1.0333333333333334]","[0, 0, 0, 0, 0, 0]","[0, 0, 0, 0, 0, 0]","[0, 0, 7.2, 1.8666666666666667, 0.42857142857142855, 2.5]","[0, 0, 0, 0, 0, 0]","[0, 1, 6.612244897959184, 1.959183673469388, 1.0714285714285714, 1.1666666666666665]","[0, 0, 0, 0, 0, 0]","[0, 0, 6.394736842105263, 1.8947368421052633, 1.5, 0.9047619047619048]","[0, 0, 6.75, 2.1, 1.0, 3.3333333333333335]","[0, 0, 0, 0, 0, 0]","[0, 0, 0, 0, 0, 0]","[0, 0, 0.0, 1.0, 2.0, 1.0]","[0, 0, 9.0, 3.0, 1.0, 0.6666666666666666]","[0, 0, 5.625, 1.375, 4.5, 1.0]","[0, 0, 5.5588235294117645, 1.477941176470588, 0.8571428571428571, 4.121212121212121]"
60,2020-07-15,20200715SKOB0,"[0, 0, 0, 0, 0, 0]","[0, 0, 3.8571428571428568, 1.1428571428571428, 2.0, 7.0]","[1, 0, 4.143564356435643, 1.6782178217821784, 1.1428571428571428, 5.611111111111111]","[0, 0, 0, 0, 0, 0]","[0, 0, 5.785714285714286, 1.7142857142857142, 8.0, 1.0370370370370372]","[0, 0, 5.369318181818182, 1.4318181818181819, 2.6666666666666665, 5.333333333333333]","[0, 0, 4.784810126582278, 1.2911392405063291, 2.6363636363636362, 0.9404761904761905]","[0, 0, 7.448275862068965, 1.5517241379310345, 1.75, 0.8055555555555555]","[0, 0, 3.1846153846153844, 1.1384615384615384, 3.875, 5.909090909090909]","[0, 0, 1.3670886075949367, 1.1772151898734178, 1.6875, 0.9404761904761905]","[0, 1, 6.75, 2.1875, 1.125, 1.2307692307692308]","[0, 0, 2.953125, 1.2890625, 1.434782608695652, 4.266666666666667]","[0, 0, 2.131578947368421, 1.0657894736842106, 2.25, 0.9382716049382716]","[0, 0, 9.0, 2.1818181818181817, 1.3333333333333333, 0.7857142857142857]","[0, 1, 4.764705882352941, 1.588235294117647, 0.8333333333333334, 1.0303030303030303]","[0, 0, 0, 0, 0, 0]","[0, 0, 0, 0, 0, 0]","[0, 0, 7.2, 1.8666666666666667, 0.42857142857142855, 2.5]","[0, 0, 0, 0, 0, 0]","[0, 0, 6.612244897959184, 1.959183673469388, 1.0714285714285714, 1.1666666666666665]","[0, 0, 0, 0, 0, 0]","[0, 0, 6.394736842105263, 1.8947368421052633, 1.5, 0.9047619047619048]","[0, 0, 6.75, 2.1, 1.0, 3.3333333333333335]","[0, 0, 0, 0, 0, 0]","[0, 0, 0, 0, 0, 0]","[0, 0, 0.0, 1.0, 2.0, 1.0]","[0, 0, 9.0, 3.0, 1.0, 0.6666666666666666]","[0, 1, 5.625, 1.4375, 4.5, 0.9411764705882353]","[0, 0, 5.5588235294117645, 1.477941176470588, 0.8571428571428571, 4.121212121212121]"
61,2020-07-16,20200716SKOB0,"[0, 0, 0, 0, 0, 0]","[0, 0, 3.8571428571428568, 1.1428571428571428, 2.0, 7.0]","[0, 0, 4.143564356435643, 1.6782178217821784, 1.1428571428571428, 5.611111111111111]","[0, 0, 0, 0, 0, 0]","[0, 0, 5.785714285714286, 1.7142857142857142, 8.0, 1.0370370370370372]","[0, 0, 5.369318181818182, 1.4318181818181819, 2.6666666666666665, 5.333333333333333]","[0, 0, 4.784810126582278, 1.2911392405063291, 2.6363636363636362, 0.9404761904761905]","[0, 1, 7.59375, 1.59375, 2.0, 0.8205128205128205]","[0, 0, 3.1846153846153844, 1.1384615384615384, 3.875, 5.909090909090909]","[0, 0, 1.3670886075949367, 1.1772151898734178, 1.6875, 0.9404761904761905]","[0, 0, 6.75, 2.1875, 1.125, 1.2307692307692308]","[0, 0, 2.953125, 1.2890625, 1.434782608695652, 4.266666666666667]","[0, 0, 2.131578947368421, 1.0657894736842106, 2.25, 0.9382716049382716]","[0, 0, 9.0, 2.1818181818181817, 1.3333333333333333, 0.7857142857142857]","[0, 1, 4.378378378378379, 1.7027027027027026, 1.0, 1.027777777777778]","[0, 0, 0, 0, 0, 0]","[0, 0, 0, 0, 0, 0]","[0, 0, 7.2, 1.8666666666666667, 0.42857142857142855, 2.5]","[0, 0, 0, 0, 0, 0]","[0, 0, 6.612244897959184, 1.959183673469388, 1.0714285714285714, 1.1666666666666665]","[0, 0, 0, 0, 0, 0]","[0, 0, 6.394736842105263, 1.8947368421052633, 1.5, 0.9047619047619048]","[1, 0, 7.0, 2.3333333333333335, 1.0, 3.0]","[0, 0, 0, 0, 0, 0]","[0, 0, 0, 0, 0, 0]","[0, 1, 18.0, 3.0, 2.0, 0.5]","[0, 1, 10.125, 2.625, 1.0, 0.6666666666666666]","[0, 0, 5.625, 1.4375, 4.5, 0.9411764705882353]","[0, 0, 5.5588235294117645, 1.477941176470588, 0.8571428571428571, 4.121212121212121]"
62,2020-07-17,20200717WOSK0,"[0, 0, 0, 0, 0, 0]","[0, 0, 3.8571428571428568, 1.1428571428571428, 2.0, 7.0]","[0, 0, 4.143564356435643, 1.6782178217821784, 1.1428571428571428, 5.611111111111111]","[0, 0, 0, 0, 0, 0]","[0, 0, 5.785714285714286, 1.7142857142857142, 8.0, 1.0370370370370372]","[0, 0, 5.369318181818182, 1.4318181818181819, 2.6666666666666665, 5.333333333333333]","[0, 1, 4.725, 1.3125, 2.727272727272727, 0.9195402298850575]","[0, 1, 6.942857142857142, 1.542857142857143, 2.0, 0.8333333333333333]","[0, 0, 3.1846153846153844, 1.1384615384615384, 3.875, 5.909090909090909]","[0, 1, 1.3170731707317074, 1.1707317073170733, 1.7058823529411764, 0.9425287356321839]","[0, 0, 6.75, 2.1875, 1.125, 1.2307692307692308]","[0, 0, 2.953125, 1.2890625, 1.434782608695652, 4.266666666666667]","[0, 1, 2.103896103896104, 1.051948051948052, 2.375, 0.9166666666666667]","[0, 0, 9.0, 2.1818181818181817, 1.3333333333333333, 0.7857142857142857]","[0, 0, 4.378378378378379, 1.7027027027027026, 1.0, 1.027777777777778]","[0, 0, 0, 0, 0, 0]","[0, 0, 0, 0, 0, 0]","[1, 0, 6.532258064516129, 1.7419354838709677, 0.5, 2.9523809523809526]","[0, 0, 0, 0, 0, 0]","[0, 0, 6.612244897959184, 1.959183673469388, 1.0714285714285714, 1.1666666666666665]","[0, 0, 0, 0, 0, 0]","[0, 0, 6.394736842105263, 1.8947368421052633, 1.5, 0.9047619047619048]","[0, 0, 7.0, 2.3333333333333335, 1.0, 3.0]","[0, 0, 0, 0, 0, 0]","[0, 0, 0, 0, 0, 0]","[0, 1, 9.0, 2.5, 2.0, 0.6666666666666666]","[0, 1, 7.363636363636363, 1.9090909090909092, 1.0, 0.7333333333333333]","[0, 0, 5.625, 1.4375, 4.5, 0.9411764705882353]","[0, 0, 5.5588235294117645, 1.477941176470588, 0.8571428571428571, 4.121212121212121]"
63,2020-07-18,20200718WOSK0,"[0, 0, 0, 0, 0, 0]","[0, 0, 3.8571428571428568, 1.1428571428571428, 2.0, 7.0]","[0, 0, 4.143564356435643, 1.6782178217821784, 1.1428571428571428, 5.611111111111111]","[0, 0, 0, 0, 0, 0]","[0, 0, 5.785714285714286, 1.7142857142857142, 8.0, 1.0370370370370372]","[1, 0, 5.203125, 1.46875, 2.2, 5.333333333333333]","[0, 1, 4.554216867469879, 1.2650602409638554, 2.909090909090909, 0.9222222222222223]","[0, 0, 6.942857142857142, 1.542857142857143, 2.0, 0.8333333333333333]","[0, 0, 3.1846153846153844, 1.1384615384615384, 3.875, 5.909090909090909]","[0, 0, 1.3170731707317074, 1.1707317073170733, 1.7058823529411764, 0.9425287356321839]","[0, 1, 6.230769230769231, 2.019230769230769, 1.125, 1.238095238095238]","[0, 0, 2.953125, 1.2890625, 1.434782608695652, 4.266666666666667]","[0, 0, 2.103896103896104, 1.051948051948052, 2.375, 0.9166666666666667]","[0, 0, 9.0, 2.1818181818181817, 1.3333333333333333, 0.7857142857142857]","[0, 0, 4.378378378378379, 1.7027027027027026, 1.0, 1.027777777777778]","[0, 0, 0, 0, 0, 0]","[0, 0, 0, 0, 0, 0]","[0, 0, 6.532258064516129, 1.7419354838709677, 0.5, 2.9523809523809526]","[0, 0, 0, 0, 0, 0]","[0, 0, 6.612244897959184, 1.959183673469388, 1.0714285714285714, 1.1666666666666665]","[0, 0, 0, 0, 0, 0]","[0, 0, 6.394736842105263, 1.8947368421052633, 1.5, 0.9047619047619048]","[0, 0, 7.0, 2.3333333333333335, 1.0, 3.0]","[0, 0, 0, 0, 0, 0]","[0, 0, 0, 0, 0, 0]","[0, 0, 9.0, 2.5, 2.0, 0.6666666666666666]","[0, 1, 11.571428571428571, 2.357142857142857, 1.0, 0.7777777777777778]","[0, 0, 5.625, 1.4375, 4.5, 0.9411764705882353]","[0, 0, 5.5588235294117645, 1.477941176470588, 0.8571428571428571, 4.121212121212121]"
64,2020-07-19,20200719WOSK0,"[0, 0, 0, 0, 0, 0]","[0, 0, 3.8571428571428568, 1.1428571428571428, 2.0, 7.0]","[0, 0, 4.143564356435643, 1.6782178217821784, 1.1428571428571428, 5.611111111111111]","[0, 0, 0, 0, 0, 0]","[0, 0, 5.785714285714286, 1.7142857142857142, 8.0, 1.0370370370370372]","[0, 0, 5.203125, 1.46875, 2.2, 5.333333333333333]","[0, 1, 5.023255813953488, 1.2906976744186045, 2.6666666666666665, 0.924731182795699]","[0, 0, 6.942857142857142, 1.542857142857143, 2.0, 0.8333333333333333]","[1, 0, 3.25, 1.1527777777777777, 3.4210526315789473, 6.0]","[0, 0, 1.3170731707317074, 1.1707317073170733, 1.7058823529411764, 0.9425287356321839]","[0, 0, 6.230769230769231, 2.019230769230769, 1.125, 1.238095238095238]","[0, 0, 2.953125, 1.2890625, 1.434782608695652, 4.266666666666667]","[0, 1, 2.0506329113924053, 1.139240506329114, 2.0, 0.9080459770114943]","[0, 0, 9.0, 2.1818181818181817, 1.3333333333333333, 0.7857142857142857]","[0, 0, 4.378378378378379, 1.7027027027027026, 1.0, 1.027777777777778]","[0, 0, 0, 0, 0, 0]","[0, 0, 0, 0, 0, 0]","[0, 0, 6.532258064516129, 1.7419354838709677, 0.5, 2.9523809523809526]","[0, 0, 0, 0, 0, 0]","[0, 0, 6.612244897959184, 1.959183673469388, 1.0714285714285714, 1.1666666666666665]","[0, 0, 0, 0, 0, 0]","[0, 0, 6.394736842105263, 1.8947368421052633, 1.5, 0.9047619047619048]","[0, 0, 7.0, 2.3333333333333335, 1.0, 3.0]","[0, 0, 0, 0, 0, 0]","[0, 0, 0, 0, 0, 0]","[0, 1, 6.0, 2.0, 1.0, 0.75]","[0, 0, 11.571428571428571, 2.357142857142857, 1.0, 0.7777777777777778]","[0, 0, 5.625, 1.4375, 4.5, 0.9411764705882353]","[0, 0, 5.5588235294117645, 1.477941176470588, 0.8571428571428571, 4.121212121212121]"
