,date,game_key,소형준,이강준,데스파이네,조근종,류희운,안현준,조현우,강장산,김민수,이창재,정성곤,주권,김재윤,배제성,조한욱,한승지,박세진,장현우,이대은,조병욱,이정현,김민,쿠에바스,이정훈,손동현,이상동,이선우,김성훈,금민철,전유수,이보근,유원상,이상화,하준호
0,2020-05-05,20200505LTKT0,"[0, 0, 0, 0, 0, 0]","[0, 0, 0, 0, 0, 0]","[1, 0, 0, 0, 0, 0]","[0, 0, 0, 0, 0, 0]","[0, 0, 0, 0, 0, 0]","[0, 0, 0, 0, 0, 0]","[0, 0, 0, 0, 0, 0]","[0, 0, 0, 0, 0, 0]","[0, 1, 0, 0, 0, 0]","[0, 0, 0, 0, 0, 0]","[0, 0, 0, 0, 0, 0]","[0, 0, 0, 0, 0, 0]","[0, 1, 0, 0, 0, 0]","[0, 0, 0, 0, 0, 0]","[0, 0, 0, 0, 0, 0]","[0, 0, 0, 0, 0, 0]","[0, 0, 0, 0, 0, 0]","[0, 0, 0, 0, 0, 0]","[0, 0, 0, 0, 0, 0]","[0, 0, 0, 0, 0, 0]","[0, 0, 0, 0, 0, 0]","[0, 0, 0, 0, 0, 0]","[0, 0, 0, 0, 0, 0]","[0, 0, 0, 0, 0, 0]","[0, 0, 0, 0, 0, 0]","[0, 0, 0, 0, 0, 0]","[0, 0, 0, 0, 0, 0]","[0, 0, 0, 0, 0, 0]","[0, 0, 0, 0, 0, 0]","[0, 0, 0, 0, 0, 0]","[0, 0, 0, 0, 0, 0]","[0, 0, 0, 0, 0, 0]","[0, 1, 0, 0, 0, 0]","[0, 1, 0, 0, 0, 0]"
1,2020-05-06,20200506LTKT0,"[0, 0, 0, 0, 0, 0]","[0, 0, 0, 0, 0, 0]","[0, 0, 0, 0, 0, 0]","[0, 0, 0, 0, 0, 0]","[0, 0, 0, 0, 0, 0]","[0, 0, 0, 0, 0, 0]","[0, 0, 0, 0, 0, 0]","[0, 0, 0, 0, 0, 0]","[0, 0, 0, 0, 0, 0]","[0, 0, 0, 0, 0, 0]","[0, 0, 0, 0, 0, 0]","[0, 1, 0, 0, 0, 0]","[0, 0, 0, 0, 0, 0]","[0, 0, 0, 0, 0, 0]","[0, 0, 0, 0, 0, 0]","[0, 0, 0, 0, 0, 0]","[0, 0, 0, 0, 0, 0]","[0, 0, 0, 0, 0, 0]","[0, 1, 0, 0, 0, 0]","[0, 0, 0, 0, 0, 0]","[0, 0, 0, 0, 0, 0]","[0, 0, 0, 0, 0, 0]","[1, 0, 0, 0, 0, 0]","[0, 0, 0, 0, 0, 0]","[0, 1, 0, 0, 0, 0]","[0, 0, 0, 0, 0, 0]","[0, 0, 0, 0, 0, 0]","[0, 0, 0, 0, 0, 0]","[0, 0, 0, 0, 0, 0]","[0, 1, 0, 0, 0, 0]","[0, 0, 0, 0, 0, 0]","[0, 0, 0, 0, 0, 0]","[0, 0, 0, 0, 0, 0]","[0, 0, 0, 0, 0, 0]"
2,2020-05-07,20200507LTKT0,"[0, 0, 0, 0, 0, 0]","[0, 0, 0, 0, 0, 0]","[0, 0, 0, 0, 0, 0]","[0, 0, 0, 0, 0, 0]","[0, 0, 0, 0, 0, 0]","[0, 0, 0, 0, 0, 0]","[0, 0, 0, 0, 0, 0]","[0, 0, 0, 0, 0, 0]","[0, 1, 0.0, 0.0, 0, 1.0]","[0, 0, 0, 0, 0, 0]","[0, 0, 0, 0, 0, 0]","[0, 0, 0, 0, 0, 0]","[0, 1, 27.0, 3.0, 0.0, 1.0]","[1, 0, 0, 0, 0, 0]","[0, 0, 0, 0, 0, 0]","[0, 0, 0, 0, 0, 0]","[0, 0, 0, 0, 0, 0]","[0, 0, 0, 0, 0, 0]","[0, 0, 0, 0, 0, 0]","[0, 0, 0, 0, 0, 0]","[0, 0, 0, 0, 0, 0]","[0, 0, 0, 0, 0, 0]","[0, 0, 0, 0, 0, 0]","[0, 0, 0, 0, 0, 0]","[0, 0, 0, 0, 0, 0]","[0, 0, 0, 0, 0, 0]","[0, 0, 0, 0, 0, 0]","[0, 0, 0, 0, 0, 0]","[0, 0, 0, 0, 0, 0]","[0, 0, 0, 0, 0, 0]","[0, 0, 0, 0, 0, 0]","[0, 0, 0, 0, 0, 0]","[0, 0, 0, 0, 0, 0]","[0, 1, 0.0, 0.0, 1, 1.0]"
3,2020-05-08,20200508KTOB0,"[1, 0, 0, 0, 0, 0]","[0, 0, 0, 0, 0, 0]","[0, 0, 0, 0, 0, 0]","[0, 0, 0, 0, 0, 0]","[0, 0, 0, 0, 0, 0]","[0, 0, 0, 0, 0, 0]","[0, 0, 0, 0, 0, 0]","[0, 0, 0, 0, 0, 0]","[0, 0, 0.0, 0.0, 0, 1.0]","[0, 0, 0, 0, 0, 0]","[0, 0, 0, 0, 0, 0]","[0, 1, 0.0, 2.0, 0, 1.0]","[0, 0, 27.0, 3.0, 0.0, 1.0]","[0, 0, 0, 0, 0, 0]","[0, 0, 0, 0, 0, 0]","[0, 0, 0, 0, 0, 0]","[0, 0, 0, 0, 0, 0]","[0, 0, 0, 0, 0, 0]","[0, 1, 18.0, 2.0, 0, 1.0]","[0, 0, 0, 0, 0, 0]","[0, 0, 0, 0, 0, 0]","[0, 0, 0, 0, 0, 0]","[0, 0, 0, 0, 0, 0]","[0, 0, 0, 0, 0, 0]","[0, 0, 0, 0, 0, 0]","[0, 0, 0, 0, 0, 0]","[0, 0, 0, 0, 0, 0]","[0, 0, 0, 0, 0, 0]","[0, 0, 0, 0, 0, 0]","[0, 1, 9.0, 2.0, 0.0, 1.0]","[0, 0, 0, 0, 0, 0]","[0, 0, 0, 0, 0, 0]","[0, 0, 0, 0, 0, 0]","[0, 0, 0.0, 0.0, 1, 1.0]"
4,2020-05-10,20200510KTOB0,"[0, 0, 0, 0, 0, 0]","[0, 0, 0, 0, 0, 0]","[0, 0, 0, 0, 0, 0]","[0, 0, 0, 0, 0, 0]","[0, 0, 0, 0, 0, 0]","[0, 0, 0, 0, 0, 0]","[0, 0, 0, 0, 0, 0]","[0, 0, 0, 0, 0, 0]","[0, 1, 10.8, 1.7999999999999998, 1, 0.8333333333333334]","[0, 0, 0, 0, 0, 0]","[0, 0, 0, 0, 0, 0]","[0, 1, 0.0, 1.7142857142857142, 1, 1.1666666666666667]","[0, 1, 18.0, 3.0, 0.0, 1.0]","[0, 0, 0, 0, 0, 0]","[0, 0, 0, 0, 0, 0]","[0, 0, 0, 0, 0, 0]","[0, 0, 0, 0, 0, 0]","[0, 0, 0, 0, 0, 0]","[0, 1, 9.0, 1.0, 0, 1.0]","[0, 0, 0, 0, 0, 0]","[0, 0, 0, 0, 0, 0]","[1, 0, 0, 0, 0, 0]","[0, 0, 0, 0, 0, 0]","[0, 0, 0, 0, 0, 0]","[0, 1, 0.0, 1.0, 1, 1.0]","[0, 0, 0, 0, 0, 0]","[0, 0, 0, 0, 0, 0]","[0, 0, 0, 0, 0, 0]","[0, 0, 0, 0, 0, 0]","[0, 1, 6.75, 1.875, 0.0, 1.3333333333333333]","[0, 0, 0, 0, 0, 0]","[0, 0, 0, 0, 0, 0]","[0, 1, 10, 10, 0.0, 0.0]","[0, 0, 0.0, 0.0, 1, 1.0]"
5,2020-05-12,20200512KTNC0,"[0, 0, 0, 0, 0, 0]","[0, 0, 0, 0, 0, 0]","[1, 0, 1.5, 0.6666666666666666, 8, 6.0]","[0, 0, 0, 0, 0, 0]","[0, 1, 0, 0, 0, 0]","[0, 0, 0, 0, 0, 0]","[0, 0, 0, 0, 0, 0]","[0, 0, 0, 0, 0, 0]","[0, 0, 10.8, 1.7999999999999998, 1, 0.8333333333333334]","[0, 0, 0, 0, 0, 0]","[0, 0, 0, 0, 0, 0]","[0, 1, 0.0, 1.3636363636363638, 2, 1.222222222222222]","[0, 0, 18.0, 3.0, 0.0, 1.0]","[0, 0, 0, 0, 0, 0]","[0, 0, 0, 0, 0, 0]","[0, 0, 0, 0, 0, 0]","[0, 0, 0, 0, 0, 0]","[0, 0, 0, 0, 0, 0]","[0, 1, 8.1, 1.2, 1, 1.1111111111111112]","[0, 0, 0, 0, 0, 0]","[0, 0, 0, 0, 0, 0]","[0, 0, 0, 0, 0, 0]","[0, 0, 0, 0, 0, 0]","[0, 0, 0, 0, 0, 0]","[0, 0, 0.0, 1.0, 1, 1.0]","[0, 0, 0, 0, 0, 0]","[0, 0, 0, 0, 0, 0]","[0, 0, 0, 0, 0, 0]","[0, 0, 0, 0, 0, 0]","[0, 1, 4.909090909090909, 1.3636363636363638, 0.0, 1.222222222222222]","[0, 0, 0, 0, 0, 0]","[0, 0, 0, 0, 0, 0]","[0, 1, 27.0, 5.0, 0.3333333333333333, 0.5]","[0, 0, 0.0, 0.0, 1, 1.0]"
6,2020-05-13,20200513KTNC0,"[0, 0, 0, 0, 0, 0]","[0, 0, 0, 0, 0, 0]","[0, 0, 1.5, 0.6666666666666666, 8, 6.0]","[0, 0, 0, 0, 0, 0]","[0, 0, 0, 0, 0, 0]","[0, 0, 0, 0, 0, 0]","[0, 0, 0, 0, 0, 0]","[0, 0, 0, 0, 0, 0]","[0, 0, 10.8, 1.7999999999999998, 1, 0.8333333333333334]","[0, 0, 0, 0, 0, 0]","[0, 0, 0, 0, 0, 0]","[0, 1, 0.0, 1.2, 4, 1.25]","[0, 0, 18.0, 3.0, 0.0, 1.0]","[0, 0, 0, 0, 0, 0]","[0, 0, 0, 0, 0, 0]","[0, 0, 0, 0, 0, 0]","[0, 0, 0, 0, 0, 0]","[0, 0, 0, 0, 0, 0]","[0, 1, 10.384615384615385, 1.3846153846153848, 2, 1.0833333333333333]","[0, 0, 0, 0, 0, 0]","[0, 0, 0, 0, 0, 0]","[0, 0, 0, 0, 0, 0]","[1, 0, 10.8, 1.2, 5, 5.0]","[0, 0, 0, 0, 0, 0]","[0, 0, 0.0, 1.0, 1, 1.0]","[0, 0, 0, 0, 0, 0]","[0, 0, 0, 0, 0, 0]","[0, 0, 0, 0, 0, 0]","[0, 0, 0, 0, 0, 0]","[0, 0, 4.909090909090909, 1.3636363636363638, 0.0, 1.222222222222222]","[0, 0, 0, 0, 0, 0]","[0, 0, 0, 0, 0, 0]","[0, 0, 27.0, 5.0, 0.3333333333333333, 0.5]","[0, 0, 0.0, 0.0, 1, 1.0]"
7,2020-05-14,20200514KTNC0,"[0, 0, 0, 0, 0, 0]","[0, 0, 0, 0, 0, 0]","[0, 0, 1.5, 0.6666666666666666, 8, 6.0]","[0, 0, 0, 0, 0, 0]","[0, 0, 0, 0, 0, 0]","[0, 0, 0, 0, 0, 0]","[0, 0, 0, 0, 0, 0]","[0, 0, 0, 0, 0, 0]","[0, 0, 10.8, 1.7999999999999998, 1, 0.8333333333333334]","[0, 0, 0, 0, 0, 0]","[0, 0, 0, 0, 0, 0]","[0, 0, 0.0, 1.2, 4, 1.25]","[0, 0, 18.0, 3.0, 0.0, 1.0]","[1, 0, 2.8421052631578947, 1.4210526315789473, 1.0, 6.333333333333333]","[0, 0, 0, 0, 0, 0]","[0, 0, 0, 0, 0, 0]","[0, 0, 0, 0, 0, 0]","[0, 0, 0, 0, 0, 0]","[0, 0, 10.384615384615385, 1.3846153846153848, 2, 1.0833333333333333]","[0, 0, 0, 0, 0, 0]","[0, 0, 0, 0, 0, 0]","[0, 0, 0, 0, 0, 0]","[0, 0, 10.8, 1.2, 5, 5.0]","[0, 0, 0, 0, 0, 0]","[0, 0, 0.0, 1.0, 1, 1.0]","[0, 0, 0, 0, 0, 0]","[0, 0, 0, 0, 0, 0]","[0, 0, 0, 0, 0, 0]","[0, 0, 0, 0, 0, 0]","[0, 0, 4.909090909090909, 1.3636363636363638, 0.0, 1.222222222222222]","[0, 0, 0, 0, 0, 0]","[0, 0, 0, 0, 0, 0]","[0, 1, 16.2, 3.5999999999999996, 0.3333333333333333, 0.5555555555555556]","[0, 1, 4.5, 1.5, 1.0, 1.0]"
8,2020-05-15,20200515SSKT0,"[1, 0, 3.6, 1.2, 2.0, 5.0]","[0, 0, 0, 0, 0, 0]","[0, 0, 1.5, 0.6666666666666666, 8, 6.0]","[0, 0, 0, 0, 0, 0]","[0, 0, 0, 0, 0, 0]","[0, 0, 0, 0, 0, 0]","[0, 0, 0, 0, 0, 0]","[0, 0, 0, 0, 0, 0]","[0, 0, 10.8, 1.7999999999999998, 1, 0.8333333333333334]","[0, 0, 0, 0, 0, 0]","[0, 0, 0, 0, 0, 0]","[0, 1, 2.571428571428571, 1.2857142857142858, 4, 1.4]","[0, 0, 18.0, 3.0, 0.0, 1.0]","[0, 0, 2.8421052631578947, 1.4210526315789473, 1.0, 6.333333333333333]","[0, 0, 0, 0, 0, 0]","[0, 0, 0, 0, 0, 0]","[0, 0, 0, 0, 0, 0]","[0, 0, 0, 0, 0, 0]","[0, 0, 10.384615384615385, 1.3846153846153848, 2, 1.0833333333333333]","[0, 0, 0, 0, 0, 0]","[0, 0, 0, 0, 0, 0]","[0, 0, 0, 0, 0, 0]","[0, 0, 10.8, 1.2, 5, 5.0]","[0, 0, 0, 0, 0, 0]","[0, 0, 0.0, 1.0, 1, 1.0]","[0, 0, 0, 0, 0, 0]","[0, 1, 0, 0, 0, 0]","[0, 0, 0, 0, 0, 0]","[0, 0, 0, 0, 0, 0]","[0, 0, 4.909090909090909, 1.3636363636363638, 0.0, 1.222222222222222]","[0, 0, 0, 0, 0, 0]","[0, 0, 0, 0, 0, 0]","[0, 0, 16.2, 3.5999999999999996, 0.3333333333333333, 0.5555555555555556]","[0, 0, 4.5, 1.5, 1.0, 1.0]"
9,2020-05-16,20200516SSKT0,"[0, 0, 3.6, 1.2, 2.0, 5.0]","[0, 0, 0, 0, 0, 0]","[0, 0, 1.5, 0.6666666666666666, 8, 6.0]","[0, 0, 0, 0, 0, 0]","[0, 0, 0, 0, 0, 0]","[0, 0, 0, 0, 0, 0]","[0, 0, 0, 0, 0, 0]","[0, 0, 0, 0, 0, 0]","[0, 0, 10.8, 1.7999999999999998, 1, 0.8333333333333334]","[0, 0, 0, 0, 0, 0]","[0, 0, 0, 0, 0, 0]","[0, 0, 2.571428571428571, 1.2857142857142858, 4, 1.4]","[0, 0, 18.0, 3.0, 0.0, 1.0]","[0, 0, 2.8421052631578947, 1.4210526315789473, 1.0, 6.333333333333333]","[0, 0, 0, 0, 0, 0]","[0, 0, 0, 0, 0, 0]","[0, 0, 0, 0, 0, 0]","[0, 0, 0, 0, 0, 0]","[0, 1, 9.0, 1.8333333333333333, 3.0, 1.2]","[0, 0, 0, 0, 0, 0]","[0, 0, 0, 0, 0, 0]","[1, 0, 15.750000000000002, 2.75, 1.0, 4.0]","[0, 0, 10.8, 1.2, 5, 5.0]","[0, 0, 0, 0, 0, 0]","[0, 0, 0.0, 1.0, 1, 1.0]","[0, 0, 0, 0, 0, 0]","[0, 0, 0, 0, 0, 0]","[0, 0, 0, 0, 0, 0]","[0, 0, 0, 0, 0, 0]","[0, 1, 5.785714285714286, 1.2857142857142856, 0.3333333333333333, 1.1666666666666667]","[0, 0, 0, 0, 0, 0]","[0, 0, 0, 0, 0, 0]","[0, 0, 16.2, 3.5999999999999996, 0.3333333333333333, 0.5555555555555556]","[0, 1, 3.0, 1.3333333333333333, 1.6666666666666667, 1.0]"
10,2020-05-17,20200517SSKT0,"[0, 0, 3.6, 1.2, 2.0, 5.0]","[0, 0, 0, 0, 0, 0]","[1, 0, 3.272727272727273, 1.0, 14.0, 5.5]","[0, 0, 0, 0, 0, 0]","[0, 1, 10, 10, 0, 0.0]","[0, 0, 0, 0, 0, 0]","[0, 0, 0, 0, 0, 0]","[0, 0, 0, 0, 0, 0]","[0, 0, 10.8, 1.7999999999999998, 1, 0.8333333333333334]","[0, 0, 0, 0, 0, 0]","[0, 0, 0, 0, 0, 0]","[0, 0, 2.571428571428571, 1.2857142857142858, 4, 1.4]","[0, 0, 18.0, 3.0, 0.0, 1.0]","[0, 0, 2.8421052631578947, 1.4210526315789473, 1.0, 6.333333333333333]","[0, 0, 0, 0, 0, 0]","[0, 0, 0, 0, 0, 0]","[0, 0, 0, 0, 0, 0]","[0, 0, 0, 0, 0, 0]","[0, 0, 9.0, 1.8333333333333333, 3.0, 1.2]","[0, 0, 0, 0, 0, 0]","[0, 0, 0, 0, 0, 0]","[0, 0, 15.750000000000002, 2.75, 1.0, 4.0]","[0, 0, 10.8, 1.2, 5, 5.0]","[0, 0, 0, 0, 0, 0]","[0, 0, 0.0, 1.0, 1, 1.0]","[0, 0, 0, 0, 0, 0]","[0, 0, 0, 0, 0, 0]","[0, 0, 0, 0, 0, 0]","[0, 0, 0, 0, 0, 0]","[0, 1, 4.764705882352941, 1.2352941176470587, 0.6666666666666666, 1.1333333333333333]","[0, 0, 0, 0, 0, 0]","[0, 0, 0, 0, 0, 0]","[0, 0, 16.2, 3.5999999999999996, 0.3333333333333333, 0.5555555555555556]","[0, 1, 2.25, 1.5, 1.6666666666666667, 1.0]"
11,2020-05-19,20200519HHKT0,"[0, 0, 3.6, 1.2, 2.0, 5.0]","[0, 0, 0, 0, 0, 0]","[0, 0, 3.272727272727273, 1.0, 14.0, 5.5]","[0, 0, 0, 0, 0, 0]","[0, 0, 10, 10, 0, 0.0]","[0, 0, 0, 0, 0, 0]","[0, 0, 0, 0, 0, 0]","[0, 0, 0, 0, 0, 0]","[0, 0, 10.8, 1.7999999999999998, 1, 0.8333333333333334]","[0, 0, 0, 0, 0, 0]","[0, 0, 0, 0, 0, 0]","[0, 1, 2.3478260869565215, 1.1739130434782608, 6, 1.277777777777778]","[0, 0, 18.0, 3.0, 0.0, 1.0]","[0, 0, 2.8421052631578947, 1.4210526315789473, 1.0, 6.333333333333333]","[0, 0, 0, 0, 0, 0]","[0, 0, 0, 0, 0, 0]","[0, 1, 0, 0, 0, 0]","[0, 0, 0, 0, 0, 0]","[0, 1, 7.7142857142857135, 1.7142857142857142, 3.0, 1.1666666666666667]","[0, 0, 0, 0, 0, 0]","[0, 0, 0, 0, 0, 0]","[0, 0, 15.750000000000002, 2.75, 1.0, 4.0]","[1, 0, 5.7272727272727275, 1.0909090909090908, 4.5, 5.5]","[0, 0, 0, 0, 0, 0]","[0, 0, 0.0, 1.0, 1, 1.0]","[0, 0, 0, 0, 0, 0]","[0, 1, 4.5, 2.0, 1.0, 2.0]","[0, 0, 0, 0, 0, 0]","[0, 0, 0, 0, 0, 0]","[0, 0, 4.764705882352941, 1.2352941176470587, 0.6666666666666666, 1.1333333333333333]","[0, 0, 0, 0, 0, 0]","[0, 0, 0, 0, 0, 0]","[0, 0, 16.2, 3.5999999999999996, 0.3333333333333333, 0.5555555555555556]","[0, 0, 2.25, 1.5, 1.6666666666666667, 1.0]"
12,2020-05-20,20200520HHKT0,"[0, 0, 3.6, 1.2, 2.0, 5.0]","[0, 0, 0, 0, 0, 0]","[0, 0, 3.272727272727273, 1.0, 14.0, 5.5]","[0, 0, 0, 0, 0, 0]","[0, 0, 10, 10, 0, 0.0]","[0, 0, 0, 0, 0, 0]","[0, 0, 0, 0, 0, 0]","[0, 0, 0, 0, 0, 0]","[0, 0, 10.8, 1.7999999999999998, 1, 0.8333333333333334]","[0, 0, 0, 0, 0, 0]","[0, 0, 0, 0, 0, 0]","[0, 0, 2.3478260869565215, 1.1739130434782608, 6, 1.277777777777778]","[0, 0, 18.0, 3.0, 0.0, 1.0]","[1, 0, 1.35, 1.275, 4.0, 6.666666666666667]","[0, 0, 0, 0, 0, 0]","[0, 0, 0, 0, 0, 0]","[0, 0, 0, 0, 0, 0]","[0, 0, 0, 0, 0, 0]","[0, 0, 7.7142857142857135, 1.7142857142857142, 3.0, 1.1666666666666667]","[0, 0, 0, 0, 0, 0]","[0, 0, 0, 0, 0, 0]","[0, 0, 15.750000000000002, 2.75, 1.0, 4.0]","[0, 0, 5.7272727272727275, 1.0909090909090908, 4.5, 5.5]","[0, 0, 0, 0, 0, 0]","[0, 0, 0.0, 1.0, 1, 1.0]","[0, 0, 0, 0, 0, 0]","[0, 0, 4.5, 2.0, 1.0, 2.0]","[0, 1, 0, 0, 0, 0]","[0, 0, 0, 0, 0, 0]","[0, 0, 4.764705882352941, 1.2352941176470587, 0.6666666666666666, 1.1333333333333333]","[0, 0, 0, 0, 0, 0]","[0, 0, 0, 0, 0, 0]","[0, 0, 16.2, 3.5999999999999996, 0.3333333333333333, 0.5555555555555556]","[0, 1, 1.8, 1.2, 1.6666666666666667, 1.0]"
13,2020-05-21,20200521HHKT0,"[1, 0, 3.176470588235294, 1.3235294117647058, 4.0, 5.666666666666667]","[0, 0, 0, 0, 0, 0]","[0, 0, 3.272727272727273, 1.0, 14.0, 5.5]","[0, 0, 0, 0, 0, 0]","[0, 1, 9.0, 3.0, 1, 0.5]","[0, 0, 0, 0, 0, 0]","[0, 0, 0, 0, 0, 0]","[0, 0, 0, 0, 0, 0]","[0, 1, 18.0, 3.0, 1.0, 0.6666666666666666]","[0, 0, 0, 0, 0, 0]","[0, 0, 0, 0, 0, 0]","[0, 0, 2.3478260869565215, 1.1739130434782608, 6, 1.277777777777778]","[0, 0, 18.0, 3.0, 0.0, 1.0]","[0, 0, 1.35, 1.275, 4.0, 6.666666666666667]","[0, 0, 0, 0, 0, 0]","[0, 0, 0, 0, 0, 0]","[0, 0, 0, 0, 0, 0]","[0, 0, 0, 0, 0, 0]","[0, 0, 7.7142857142857135, 1.7142857142857142, 3.0, 1.1666666666666667]","[0, 0, 0, 0, 0, 0]","[0, 0, 0, 0, 0, 0]","[0, 0, 15.750000000000002, 2.75, 1.0, 4.0]","[0, 0, 5.7272727272727275, 1.0909090909090908, 4.5, 5.5]","[0, 0, 0, 0, 0, 0]","[0, 0, 0.0, 1.0, 1, 1.0]","[0, 0, 0, 0, 0, 0]","[0, 0, 4.5, 2.0, 1.0, 2.0]","[0, 1, 0.0, 1.0, 1.0, 1.0]","[0, 0, 0, 0, 0, 0]","[0, 1, 4.05, 1.05, 0.6666666666666666, 1.1111111111111112]","[0, 0, 0, 0, 0, 0]","[0, 0, 0, 0, 0, 0]","[0, 0, 16.2, 3.5999999999999996, 0.3333333333333333, 0.5555555555555556]","[0, 0, 1.8, 1.2, 1.6666666666666667, 1.0]"
14,2020-05-22,20200522KTLG0,"[0, 0, 3.176470588235294, 1.3235294117647058, 4.0, 5.666666666666667]","[0, 0, 0, 0, 0, 0]","[1, 0, 2.6470588235294117, 1.0, 9.0, 5.666666666666667]","[0, 0, 0, 0, 0, 0]","[0, 0, 9.0, 3.0, 1, 0.5]","[0, 0, 0, 0, 0, 0]","[0, 0, 0, 0, 0, 0]","[0, 0, 0, 0, 0, 0]","[0, 0, 18.0, 3.0, 1.0, 0.6666666666666666]","[0, 0, 0, 0, 0, 0]","[0, 0, 0, 0, 0, 0]","[0, 1, 2.0, 1.0, 8, 1.2857142857142858]","[0, 1, 16.875, 3.375, 0.0, 0.8888888888888888]","[0, 0, 1.35, 1.275, 4.0, 6.666666666666667]","[0, 0, 0, 0, 0, 0]","[0, 0, 0, 0, 0, 0]","[0, 0, 0, 0, 0, 0]","[0, 0, 0, 0, 0, 0]","[0, 1, 7.875000000000001, 1.625, 4.0, 1.1428571428571428]","[0, 0, 0, 0, 0, 0]","[0, 0, 0, 0, 0, 0]","[0, 0, 15.750000000000002, 2.75, 1.0, 4.0]","[0, 0, 5.7272727272727275, 1.0909090909090908, 4.5, 5.5]","[0, 0, 0, 0, 0, 0]","[0, 0, 0.0, 1.0, 1, 1.0]","[0, 0, 0, 0, 0, 0]","[0, 0, 4.5, 2.0, 1.0, 2.0]","[0, 0, 0.0, 1.0, 1.0, 1.0]","[0, 0, 0, 0, 0, 0]","[0, 0, 4.05, 1.05, 0.6666666666666666, 1.1111111111111112]","[0, 0, 0, 0, 0, 0]","[0, 0, 0, 0, 0, 0]","[0, 0, 16.2, 3.5999999999999996, 0.3333333333333333, 0.5555555555555556]","[0, 0, 1.8, 1.2, 1.6666666666666667, 1.0]"
15,2020-05-23,20200523KTLG0,"[0, 0, 3.176470588235294, 1.3235294117647058, 4.0, 5.666666666666667]","[0, 0, 0, 0, 0, 0]","[0, 0, 2.6470588235294117, 1.0, 9.0, 5.666666666666667]","[0, 0, 0, 0, 0, 0]","[0, 0, 9.0, 3.0, 1, 0.5]","[0, 0, 0, 0, 0, 0]","[0, 0, 0, 0, 0, 0]","[0, 0, 0, 0, 0, 0]","[0, 1, 9.818181818181818, 1.9090909090909092, 5.0, 0.9166666666666666]","[0, 0, 0, 0, 0, 0]","[0, 0, 0, 0, 0, 0]","[0, 1, 3.6, 1.1, 9.0, 1.25]","[0, 1, 15.0, 3.6666666666666665, 0.25, 0.75]","[0, 0, 1.35, 1.275, 4.0, 6.666666666666667]","[0, 0, 0, 0, 0, 0]","[0, 0, 0, 0, 0, 0]","[0, 0, 0, 0, 0, 0]","[0, 0, 0, 0, 0, 0]","[0, 0, 7.875000000000001, 1.625, 4.0, 1.1428571428571428]","[0, 0, 0, 0, 0, 0]","[0, 0, 0, 0, 0, 0]","[1, 0, 9.0, 1.8, 1.75, 5.0]","[0, 0, 5.7272727272727275, 1.0909090909090908, 4.5, 5.5]","[0, 0, 0, 0, 0, 0]","[0, 0, 0.0, 1.0, 1, 1.0]","[0, 0, 0, 0, 0, 0]","[0, 0, 4.5, 2.0, 1.0, 2.0]","[0, 0, 0.0, 1.0, 1.0, 1.0]","[0, 0, 0, 0, 0, 0]","[0, 0, 4.05, 1.05, 0.6666666666666666, 1.1111111111111112]","[0, 0, 0, 0, 0, 0]","[0, 0, 0, 0, 0, 0]","[0, 0, 16.2, 3.5999999999999996, 0.3333333333333333, 0.5555555555555556]","[0, 1, 3.0, 1.3333333333333333, 1.5, 1.0]"
16,2020-05-24,20200524KTLG0,"[0, 0, 3.176470588235294, 1.3235294117647058, 4.0, 5.666666666666667]","[0, 0, 0, 0, 0, 0]","[0, 0, 2.6470588235294117, 1.0, 9.0, 5.666666666666667]","[0, 0, 0, 0, 0, 0]","[0, 0, 9.0, 3.0, 1, 0.5]","[0, 0, 0, 0, 0, 0]","[0, 0, 0, 0, 0, 0]","[0, 0, 0, 0, 0, 0]","[0, 1, 11.25, 2.5, 5.0, 0.8]","[0, 0, 0, 0, 0, 0]","[0, 0, 0, 0, 0, 0]","[0, 0, 3.6, 1.1, 9.0, 1.25]","[0, 0, 15.0, 3.6666666666666665, 0.25, 0.75]","[0, 0, 1.35, 1.275, 4.0, 6.666666666666667]","[0, 0, 0, 0, 0, 0]","[0, 0, 0, 0, 0, 0]","[0, 0, 0, 0, 0, 0]","[0, 0, 0, 0, 0, 0]","[0, 0, 7.875000000000001, 1.625, 4.0, 1.1428571428571428]","[0, 0, 0, 0, 0, 0]","[0, 0, 0, 0, 0, 0]","[0, 0, 9.0, 1.8, 1.75, 5.0]","[1, 0, 5.711538461538462, 1.0384615384615385, 5.333333333333333, 5.777777777777778]","[0, 0, 0, 0, 0, 0]","[0, 0, 0.0, 1.0, 1, 1.0]","[0, 0, 0, 0, 0, 0]","[0, 0, 4.5, 2.0, 1.0, 2.0]","[0, 0, 0.0, 1.0, 1.0, 1.0]","[0, 0, 0, 0, 0, 0]","[0, 0, 4.05, 1.05, 0.6666666666666666, 1.1111111111111112]","[0, 0, 0, 0, 0, 0]","[0, 0, 0, 0, 0, 0]","[0, 0, 16.2, 3.5999999999999996, 0.3333333333333333, 0.5555555555555556]","[0, 1, 2.571428571428571, 1.1428571428571428, 1.5, 1.0]"
17,2020-05-26,20200526HTKT0,"[0, 0, 3.176470588235294, 1.3235294117647058, 4.0, 5.666666666666667]","[0, 1, 0, 0, 0, 0]","[0, 0, 2.6470588235294117, 1.0, 9.0, 5.666666666666667]","[0, 0, 0, 0, 0, 0]","[0, 0, 9.0, 3.0, 1, 0.5]","[0, 0, 0, 0, 0, 0]","[0, 0, 0, 0, 0, 0]","[0, 0, 0, 0, 0, 0]","[0, 1, 16.615384615384617, 3.0, 5.0, 0.7222222222222222]","[0, 0, 0, 0, 0, 0]","[0, 0, 0, 0, 0, 0]","[0, 1, 3.272727272727273, 1.0909090909090908, 9.0, 1.2222222222222223]","[0, 0, 15.0, 3.6666666666666665, 0.25, 0.75]","[1, 0, 0.8852459016393444, 1.2295081967213115, 2.75, 6.777777777777778]","[0, 0, 0, 0, 0, 0]","[0, 0, 0, 0, 0, 0]","[0, 0, 0, 0, 0, 0]","[0, 0, 0, 0, 0, 0]","[0, 0, 7.875000000000001, 1.625, 4.0, 1.1428571428571428]","[0, 0, 0, 0, 0, 0]","[0, 0, 0, 0, 0, 0]","[0, 0, 9.0, 1.8, 1.75, 5.0]","[0, 0, 5.711538461538462, 1.0384615384615385, 5.333333333333333, 5.777777777777778]","[0, 0, 0, 0, 0, 0]","[0, 0, 0.0, 1.0, 1, 1.0]","[0, 0, 0, 0, 0, 0]","[0, 0, 4.5, 2.0, 1.0, 2.0]","[0, 1, 0.0, 1.0, 1.0, 1.0]","[0, 0, 0, 0, 0, 0]","[0, 0, 4.05, 1.05, 0.6666666666666666, 1.1111111111111112]","[0, 0, 0, 0, 0, 0]","[0, 1, 0, 0, 0, 0]","[0, 0, 16.2, 3.5999999999999996, 0.3333333333333333, 0.5555555555555556]","[0, 0, 2.571428571428571, 1.1428571428571428, 1.5, 1.0]"
18,2020-05-27,20200527HTKT0,"[0, 0, 3.176470588235294, 1.3235294117647058, 4.0, 5.666666666666667]","[0, 0, 0, 0, 0, 0]","[1, 0, 2.25, 0.9583333333333334, 10.5, 6.0]","[0, 0, 0, 0, 0, 0]","[0, 0, 9.0, 3.0, 1, 0.5]","[0, 0, 0, 0, 0, 0]","[0, 0, 0, 0, 0, 0]","[0, 0, 0, 0, 0, 0]","[0, 0, 16.615384615384617, 3.0, 5.0, 0.7222222222222222]","[0, 0, 0, 0, 0, 0]","[0, 0, 0, 0, 0, 0]","[0, 0, 3.272727272727273, 1.0909090909090908, 9.0, 1.2222222222222223]","[0, 1, 11.25, 3.25, 0.4, 0.8]","[0, 0, 0.8852459016393444, 1.2295081967213115, 2.75, 6.777777777777778]","[0, 0, 0, 0, 0, 0]","[0, 0, 0, 0, 0, 0]","[0, 0, 0, 0, 0, 0]","[0, 0, 0, 0, 0, 0]","[0, 0, 7.875000000000001, 1.625, 4.0, 1.1428571428571428]","[0, 0, 0, 0, 0, 0]","[0, 0, 0, 0, 0, 0]","[0, 0, 9.0, 1.8, 1.75, 5.0]","[0, 0, 5.711538461538462, 1.0384615384615385, 5.333333333333333, 5.777777777777778]","[0, 0, 0, 0, 0, 0]","[0, 0, 0.0, 1.0, 1, 1.0]","[0, 0, 0, 0, 0, 0]","[0, 0, 4.5, 2.0, 1.0, 2.0]","[0, 0, 0.0, 1.0, 1.0, 1.0]","[0, 0, 0, 0, 0, 0]","[0, 0, 4.05, 1.05, 0.6666666666666666, 1.1111111111111112]","[0, 0, 0, 0, 0, 0]","[0, 0, 0, 0, 0, 0]","[0, 0, 16.2, 3.5999999999999996, 0.3333333333333333, 0.5555555555555556]","[0, 0, 2.571428571428571, 1.1428571428571428, 1.5, 1.0]"
19,2020-05-28,20200528HTKT0,"[1, 0, 6.4799999999999995, 1.5599999999999998, 2.0, 5.555555555555556]","[0, 0, 0, 0, 0, 0]","[0, 0, 2.25, 0.9583333333333334, 10.5, 6.0]","[0, 0, 0, 0, 0, 0]","[0, 0, 9.0, 3.0, 1, 0.5]","[0, 0, 0, 0, 0, 0]","[0, 0, 0, 0, 0, 0]","[0, 0, 0, 0, 0, 0]","[0, 0, 16.615384615384617, 3.0, 5.0, 0.7222222222222222]","[0, 0, 0, 0, 0, 0]","[0, 0, 0, 0, 0, 0]","[0, 1, 3.272727272727273, 1.1818181818181819, 9.0, 1.1]","[0, 1, 9.0, 2.8, 0.6, 0.8333333333333334]","[0, 0, 0.8852459016393444, 1.2295081967213115, 2.75, 6.777777777777778]","[0, 0, 0, 0, 0, 0]","[0, 0, 0, 0, 0, 0]","[0, 0, 0, 0, 0, 0]","[0, 0, 0, 0, 0, 0]","[0, 0, 7.875000000000001, 1.625, 4.0, 1.1428571428571428]","[0, 0, 0, 0, 0, 0]","[0, 0, 0, 0, 0, 0]","[0, 0, 9.0, 1.8, 1.75, 5.0]","[0, 0, 5.711538461538462, 1.0384615384615385, 5.333333333333333, 5.777777777777778]","[0, 0, 0, 0, 0, 0]","[0, 0, 0.0, 1.0, 1, 1.0]","[0, 0, 0, 0, 0, 0]","[0, 0, 4.5, 2.0, 1.0, 2.0]","[0, 0, 0.0, 1.0, 1.0, 1.0]","[0, 0, 0, 0, 0, 0]","[0, 0, 4.05, 1.05, 0.6666666666666666, 1.1111111111111112]","[0, 0, 0, 0, 0, 0]","[0, 0, 0, 0, 0, 0]","[0, 0, 16.2, 3.5999999999999996, 0.3333333333333333, 0.5555555555555556]","[0, 1, 4.5, 1.375, 0.8571428571428571, 1.0]"
20,2020-05-29,20200529KTWO0,"[0, 0, 6.4799999999999995, 1.5599999999999998, 2.0, 5.555555555555556]","[0, 0, 0, 0, 0, 0]","[0, 0, 2.25, 0.9583333333333334, 10.5, 6.0]","[0, 0, 0, 0, 0, 0]","[0, 0, 9.0, 3.0, 1, 0.5]","[0, 0, 0, 0, 0, 0]","[0, 0, 0, 0, 0, 0]","[0, 0, 0, 0, 0, 0]","[0, 1, 16.875, 3.1875, 6.0, 0.7619047619047619]","[0, 0, 0, 0, 0, 0]","[0, 0, 0, 0, 0, 0]","[0, 0, 3.272727272727273, 1.1818181818181819, 9.0, 1.1]","[0, 0, 9.0, 2.8, 0.6, 0.8333333333333334]","[0, 0, 0.8852459016393444, 1.2295081967213115, 2.75, 6.777777777777778]","[0, 0, 0, 0, 0, 0]","[0, 0, 0, 0, 0, 0]","[0, 0, 0, 0, 0, 0]","[0, 0, 0, 0, 0, 0]","[0, 0, 7.875000000000001, 1.625, 4.0, 1.1428571428571428]","[0, 0, 0, 0, 0, 0]","[0, 0, 0, 0, 0, 0]","[1, 0, 6.319148936170213, 1.723404255319149, 0.8181818181818182, 5.222222222222222]","[0, 0, 5.711538461538462, 1.0384615384615385, 5.333333333333333, 5.777777777777778]","[0, 0, 0, 0, 0, 0]","[0, 1, 5.4, 2.4, 0.5, 0.8333333333333334]","[0, 0, 0, 0, 0, 0]","[0, 0, 4.5, 2.0, 1.0, 2.0]","[0, 0, 0.0, 1.0, 1.0, 1.0]","[0, 0, 0, 0, 0, 0]","[0, 0, 4.05, 1.05, 0.6666666666666666, 1.1111111111111112]","[0, 0, 0, 0, 0, 0]","[0, 1, 0.0, 1.0, 0, 1.0]","[0, 0, 16.2, 3.5999999999999996, 0.3333333333333333, 0.5555555555555556]","[0, 0, 4.5, 1.375, 0.8571428571428571, 1.0]"
21,2020-05-30,20200530KTWO0,"[0, 0, 6.4799999999999995, 1.5599999999999998, 2.0, 5.555555555555556]","[0, 1, 0.0, 1.0, 0, 1.0]","[0, 0, 2.25, 0.9583333333333334, 10.5, 6.0]","[0, 0, 0, 0, 0, 0]","[0, 1, 4.5, 1.5, 3, 0.6666666666666666]","[0, 0, 0, 0, 0, 0]","[0, 0, 0, 0, 0, 0]","[0, 0, 0, 0, 0, 0]","[0, 0, 16.875, 3.1875, 6.0, 0.7619047619047619]","[0, 0, 0, 0, 0, 0]","[0, 0, 0, 0, 0, 0]","[0, 0, 3.272727272727273, 1.1818181818181819, 9.0, 1.1]","[0, 0, 9.0, 2.8, 0.6, 0.8333333333333334]","[0, 0, 0.8852459016393444, 1.2295081967213115, 2.75, 6.777777777777778]","[0, 0, 0, 0, 0, 0]","[0, 0, 0, 0, 0, 0]","[0, 0, 0, 0, 0, 0]","[0, 0, 0, 0, 0, 0]","[0, 0, 7.875000000000001, 1.625, 4.0, 1.1428571428571428]","[0, 0, 0, 0, 0, 0]","[0, 0, 0, 0, 0, 0]","[0, 0, 6.319148936170213, 1.723404255319149, 0.8181818181818182, 5.222222222222222]","[1, 0, 5.547945205479452, 1.1506849315068495, 3.5, 6.083333333333333]","[0, 0, 0, 0, 0, 0]","[0, 0, 5.4, 2.4, 0.5, 0.8333333333333334]","[0, 0, 0, 0, 0, 0]","[0, 0, 4.5, 2.0, 1.0, 2.0]","[0, 0, 0.0, 1.0, 1.0, 1.0]","[0, 0, 0, 0, 0, 0]","[0, 0, 4.05, 1.05, 0.6666666666666666, 1.1111111111111112]","[0, 0, 0, 0, 0, 0]","[0, 0, 0.0, 1.0, 0, 1.0]","[0, 0, 16.2, 3.5999999999999996, 0.3333333333333333, 0.5555555555555556]","[0, 1, 4.0, 1.2222222222222223, 1.1428571428571428, 1.0]"
22,2020-05-31,20200531KTWO0,"[0, 0, 6.4799999999999995, 1.5599999999999998, 2.0, 5.555555555555556]","[0, 0, 0.0, 1.0, 0, 1.0]","[0, 0, 2.25, 0.9583333333333334, 10.5, 6.0]","[0, 0, 0, 0, 0, 0]","[0, 0, 4.5, 1.5, 3, 0.6666666666666666]","[0, 0, 0, 0, 0, 0]","[0, 0, 0, 0, 0, 0]","[0, 0, 0, 0, 0, 0]","[0, 0, 16.875, 3.1875, 6.0, 0.7619047619047619]","[0, 0, 0, 0, 0, 0]","[0, 0, 0, 0, 0, 0]","[0, 1, 2.9189189189189193, 1.2972972972972971, 2.5, 1.1212121212121213]","[0, 1, 6.75, 2.1, 0.8, 0.9523809523809524]","[1, 0, 1.0657894736842104, 1.3026315789473686, 1.75, 6.333333333333333]","[0, 0, 0, 0, 0, 0]","[0, 0, 0, 0, 0, 0]","[0, 0, 0, 0, 0, 0]","[0, 0, 0, 0, 0, 0]","[0, 0, 7.875000000000001, 1.625, 4.0, 1.1428571428571428]","[0, 0, 0, 0, 0, 0]","[0, 0, 0, 0, 0, 0]","[0, 0, 6.319148936170213, 1.723404255319149, 0.8181818181818182, 5.222222222222222]","[0, 0, 5.547945205479452, 1.1506849315068495, 3.5, 6.083333333333333]","[0, 0, 0, 0, 0, 0]","[0, 1, 3.375, 1.875, 0.5, 0.8888888888888888]","[0, 0, 0, 0, 0, 0]","[0, 0, 4.5, 2.0, 1.0, 2.0]","[0, 0, 0.0, 1.0, 1.0, 1.0]","[0, 0, 0, 0, 0, 0]","[0, 0, 4.05, 1.05, 0.6666666666666666, 1.1111111111111112]","[0, 0, 0, 0, 0, 0]","[0, 1, 11.571428571428571, 1.7142857142857142, 1.0, 1.1666666666666667]","[0, 0, 16.2, 3.5999999999999996, 0.3333333333333333, 0.5555555555555556]","[0, 0, 4.0, 1.2222222222222223, 1.1428571428571428, 1.0]"
23,2020-06-02,20200602OBKT0,"[0, 0, 6.4799999999999995, 1.5599999999999998, 2.0, 5.555555555555556]","[0, 0, 0.0, 1.0, 0, 1.0]","[1, 0, 1.6875, 0.9375, 5.6, 6.4]","[0, 0, 0, 0, 0, 0]","[0, 0, 4.5, 1.5, 3, 0.6666666666666666]","[0, 0, 0, 0, 0, 0]","[0, 0, 0, 0, 0, 0]","[0, 0, 0, 0, 0, 0]","[0, 1, 15.0, 3.1666666666666665, 6.0, 0.75]","[0, 0, 0, 0, 0, 0]","[0, 0, 0, 0, 0, 0]","[0, 0, 2.9189189189189193, 1.2972972972972971, 2.5, 1.1212121212121213]","[0, 0, 6.75, 2.1, 0.8, 0.9523809523809524]","[0, 0, 1.0657894736842104, 1.3026315789473686, 1.75, 6.333333333333333]","[0, 0, 0, 0, 0, 0]","[0, 0, 0, 0, 0, 0]","[0, 0, 0, 0, 0, 0]","[0, 0, 0, 0, 0, 0]","[0, 0, 7.875000000000001, 1.625, 4.0, 1.1428571428571428]","[0, 0, 0, 0, 0, 0]","[0, 0, 0, 0, 0, 0]","[0, 0, 6.319148936170213, 1.723404255319149, 0.8181818181818182, 5.222222222222222]","[0, 0, 5.547945205479452, 1.1506849315068495, 3.5, 6.083333333333333]","[0, 0, 0, 0, 0, 0]","[0, 0, 3.375, 1.875, 0.5, 0.8888888888888888]","[0, 0, 0, 0, 0, 0]","[0, 0, 4.5, 2.0, 1.0, 2.0]","[0, 0, 0.0, 1.0, 1.0, 1.0]","[0, 0, 0, 0, 0, 0]","[0, 1, 5.4, 1.5, 0.5, 0.9523809523809524]","[0, 0, 0, 0, 0, 0]","[0, 1, 13.5, 2.25, 0.5, 0.8888888888888888]","[0, 1, 21.6, 4.8, 0.3333333333333333, 0.4166666666666667]","[0, 0, 4.0, 1.2222222222222223, 1.1428571428571428, 1.0]"
24,2020-06-03,20200603OBKT0,"[1, 0, 7.061538461538462, 1.6615384615384614, 2.0, 5.416666666666667]","[0, 0, 0.0, 1.0, 0, 1.0]","[0, 0, 1.6875, 0.9375, 5.6, 6.4]","[0, 0, 0, 0, 0, 0]","[0, 0, 4.5, 1.5, 3, 0.6666666666666666]","[0, 0, 0, 0, 0, 0]","[0, 0, 0, 0, 0, 0]","[0, 0, 0, 0, 0, 0]","[0, 0, 15.0, 3.1666666666666665, 6.0, 0.75]","[0, 0, 0, 0, 0, 0]","[0, 0, 0, 0, 0, 0]","[0, 0, 2.9189189189189193, 1.2972972972972971, 2.5, 1.1212121212121213]","[0, 0, 6.75, 2.1, 0.8, 0.9523809523809524]","[0, 0, 1.0657894736842104, 1.3026315789473686, 1.75, 6.333333333333333]","[0, 0, 0, 0, 0, 0]","[0, 0, 0, 0, 0, 0]","[0, 0, 0, 0, 0, 0]","[0, 0, 0, 0, 0, 0]","[0, 0, 7.875000000000001, 1.625, 4.0, 1.1428571428571428]","[0, 0, 0, 0, 0, 0]","[0, 0, 0, 0, 0, 0]","[0, 0, 6.319148936170213, 1.723404255319149, 0.8181818181818182, 5.222222222222222]","[0, 0, 5.547945205479452, 1.1506849315068495, 3.5, 6.083333333333333]","[0, 0, 0, 0, 0, 0]","[0, 1, 2.4545454545454546, 1.6363636363636365, 1.0, 0.9166666666666666]","[0, 0, 0, 0, 0, 0]","[0, 0, 4.5, 2.0, 1.0, 2.0]","[0, 0, 0.0, 1.0, 1.0, 1.0]","[0, 0, 0, 0, 0, 0]","[0, 1, 4.695652173913043, 1.434782608695652, 0.75, 0.9583333333333334]","[0, 0, 0, 0, 0, 0]","[0, 0, 13.5, 2.25, 0.5, 0.8888888888888888]","[0, 0, 21.6, 4.8, 0.3333333333333333, 0.4166666666666667]","[0, 0, 4.0, 1.2222222222222223, 1.1428571428571428, 1.0]"
25,2020-06-04,20200604OBKT0,"[0, 0, 7.061538461538462, 1.6615384615384614, 2.0, 5.416666666666667]","[0, 1, 6.0, 1.3333333333333333, 2, 1.5]","[0, 0, 1.6875, 0.9375, 5.6, 6.4]","[0, 0, 0, 0, 0, 0]","[0, 1, 9.0, 2.0, 4, 0.75]","[0, 0, 0, 0, 0, 0]","[0, 0, 0, 0, 0, 0]","[0, 0, 0, 0, 0, 0]","[0, 0, 15.0, 3.1666666666666665, 6.0, 0.75]","[0, 0, 0, 0, 0, 0]","[0, 0, 0, 0, 0, 0]","[0, 0, 2.9189189189189193, 1.2972972972972971, 2.5, 1.1212121212121213]","[0, 0, 6.75, 2.1, 0.8, 0.9523809523809524]","[0, 0, 1.0657894736842104, 1.3026315789473686, 1.75, 6.333333333333333]","[0, 0, 0, 0, 0, 0]","[0, 0, 0, 0, 0, 0]","[0, 0, 0, 0, 0, 0]","[0, 0, 0, 0, 0, 0]","[0, 0, 7.875000000000001, 1.625, 4.0, 1.1428571428571428]","[0, 0, 0, 0, 0, 0]","[0, 0, 0, 0, 0, 0]","[1, 0, 5.225806451612903, 1.596774193548387, 0.8, 5.166666666666667]","[0, 0, 5.547945205479452, 1.1506849315068495, 3.5, 6.083333333333333]","[0, 0, 0, 0, 0, 0]","[0, 0, 2.4545454545454546, 1.6363636363636365, 1.0, 0.9166666666666666]","[0, 0, 0, 0, 0, 0]","[0, 0, 4.5, 2.0, 1.0, 2.0]","[0, 0, 0.0, 1.0, 1.0, 1.0]","[0, 0, 0, 0, 0, 0]","[0, 0, 4.695652173913043, 1.434782608695652, 0.75, 0.9583333333333334]","[0, 0, 0, 0, 0, 0]","[0, 1, 9.818181818181818, 1.9090909090909092, 0.6666666666666666, 0.9166666666666666]","[0, 1, 13.5, 3.375, 0.5, 0.5333333333333333]","[0, 0, 4.0, 1.2222222222222223, 1.1428571428571428, 1.0]"
26,2020-06-05,20200605KTLT0,"[0, 0, 7.061538461538462, 1.6615384615384614, 2.0, 5.416666666666667]","[0, 0, 6.0, 1.3333333333333333, 2, 1.5]","[0, 0, 1.6875, 0.9375, 5.6, 6.4]","[0, 0, 0, 0, 0, 0]","[0, 0, 9.0, 2.0, 4, 0.75]","[0, 0, 0, 0, 0, 0]","[0, 0, 0, 0, 0, 0]","[0, 0, 0, 0, 0, 0]","[1, 0, 14.142857142857144, 3.142857142857143, 3.0, 0.7777777777777778]","[0, 0, 0, 0, 0, 0]","[0, 0, 0, 0, 0, 0]","[0, 1, 2.7, 1.275, 2.5, 1.1111111111111112]","[0, 0, 6.75, 2.1, 0.8, 0.9523809523809524]","[0, 0, 1.0657894736842104, 1.3026315789473686, 1.75, 6.333333333333333]","[0, 0, 0, 0, 0, 0]","[0, 0, 0, 0, 0, 0]","[0, 0, 0, 0, 0, 0]","[0, 0, 0, 0, 0, 0]","[0, 0, 7.875000000000001, 1.625, 4.0, 1.1428571428571428]","[0, 0, 0, 0, 0, 0]","[0, 0, 0, 0, 0, 0]","[0, 0, 5.225806451612903, 1.596774193548387, 0.8, 5.166666666666667]","[0, 0, 5.547945205479452, 1.1506849315068495, 3.5, 6.083333333333333]","[0, 0, 0, 0, 0, 0]","[0, 1, 2.25, 1.75, 1.5, 0.8]","[0, 0, 0, 0, 0, 0]","[0, 0, 4.5, 2.0, 1.0, 2.0]","[0, 0, 0.0, 1.0, 1.0, 1.0]","[0, 0, 0, 0, 0, 0]","[0, 1, 5.785714285714286, 1.607142857142857, 0.8, 1.0370370370370372]","[0, 0, 0, 0, 0, 0]","[0, 1, 7.5, 1.5, 1.3333333333333333, 1.2]","[0, 0, 13.5, 3.375, 0.5, 0.5333333333333333]","[0, 0, 4.0, 1.2222222222222223, 1.1428571428571428, 1.0]"
27,2020-06-06,20200606KTLT0,"[0, 0, 7.061538461538462, 1.6615384615384614, 2.0, 5.416666666666667]","[0, 0, 6.0, 1.3333333333333333, 2, 1.5]","[0, 0, 1.6875, 0.9375, 5.6, 6.4]","[0, 0, 0, 0, 0, 0]","[0, 0, 9.0, 2.0, 4, 0.75]","[0, 0, 0, 0, 0, 0]","[0, 0, 0, 0, 0, 0]","[0, 0, 0, 0, 0, 0]","[0, 0, 14.142857142857144, 3.142857142857143, 3.0, 0.7777777777777778]","[0, 0, 0, 0, 0, 0]","[0, 0, 0, 0, 0, 0]","[0, 0, 2.7, 1.275, 2.5, 1.1111111111111112]","[0, 1, 5.4, 1.68, 0.8, 1.0416666666666667]","[1, 0, 2.67032967032967, 1.4505494505494505, 1.6666666666666667, 6.066666666666666]","[0, 0, 0, 0, 0, 0]","[0, 0, 0, 0, 0, 0]","[0, 0, 0, 0, 0, 0]","[0, 0, 0, 0, 0, 0]","[0, 0, 7.875000000000001, 1.625, 4.0, 1.1428571428571428]","[0, 0, 0, 0, 0, 0]","[0, 0, 0, 0, 0, 0]","[0, 0, 5.225806451612903, 1.596774193548387, 0.8, 5.166666666666667]","[0, 0, 5.547945205479452, 1.1506849315068495, 3.5, 6.083333333333333]","[0, 0, 0, 0, 0, 0]","[0, 0, 2.25, 1.75, 1.5, 0.8]","[0, 0, 0, 0, 0, 0]","[0, 0, 4.5, 2.0, 1.0, 2.0]","[0, 0, 0.0, 1.0, 1.0, 1.0]","[0, 0, 0, 0, 0, 0]","[0, 0, 5.785714285714286, 1.607142857142857, 0.8, 1.0370370370370372]","[0, 0, 0, 0, 0, 0]","[0, 0, 7.5, 1.5, 1.3333333333333333, 1.2]","[0, 0, 13.5, 3.375, 0.5, 0.5333333333333333]","[0, 0, 4.0, 1.2222222222222223, 1.1428571428571428, 1.0]"
28,2020-06-07,20200607KTLT0,"[0, 0, 7.061538461538462, 1.6615384615384614, 2.0, 5.416666666666667]","[0, 0, 6.0, 1.3333333333333333, 2, 1.5]","[1, 0, 3.8918918918918917, 1.2162162162162162, 6.0, 6.166666666666667]","[0, 0, 0, 0, 0, 0]","[0, 0, 9.0, 2.0, 4, 0.75]","[0, 0, 0, 0, 0, 0]","[0, 0, 0, 0, 0, 0]","[0, 0, 0, 0, 0, 0]","[0, 0, 14.142857142857144, 3.142857142857143, 3.0, 0.7777777777777778]","[0, 0, 0, 0, 0, 0]","[0, 0, 0, 0, 0, 0]","[0, 1, 3.7674418604651163, 1.3255813953488371, 2.75, 1.1025641025641026]","[0, 1, 6.230769230769231, 1.9615384615384617, 0.6666666666666666, 0.9629629629629629]","[0, 0, 2.67032967032967, 1.4505494505494505, 1.6666666666666667, 6.066666666666666]","[0, 0, 0, 0, 0, 0]","[0, 0, 0, 0, 0, 0]","[0, 0, 0, 0, 0, 0]","[0, 0, 0, 0, 0, 0]","[0, 0, 7.875000000000001, 1.625, 4.0, 1.1428571428571428]","[0, 0, 0, 0, 0, 0]","[0, 0, 0, 0, 0, 0]","[0, 0, 5.225806451612903, 1.596774193548387, 0.8, 5.166666666666667]","[0, 0, 5.547945205479452, 1.1506849315068495, 3.5, 6.083333333333333]","[0, 0, 0, 0, 0, 0]","[0, 1, 1.588235294117647, 1.2352941176470587, 2.5, 0.9444444444444445]","[0, 0, 0, 0, 0, 0]","[0, 0, 4.5, 2.0, 1.0, 2.0]","[0, 0, 0.0, 1.0, 1.0, 1.0]","[0, 0, 0, 0, 0, 0]","[0, 1, 6.096774193548387, 1.6451612903225805, 1.0, 1.0333333333333334]","[0, 0, 0, 0, 0, 0]","[0, 0, 7.5, 1.5, 1.3333333333333333, 1.2]","[0, 0, 13.5, 3.375, 0.5, 0.5333333333333333]","[0, 0, 4.0, 1.2222222222222223, 1.1428571428571428, 1.0]"
29,2020-06-09,20200609HTKT0,"[1, 0, 5.337209302325581, 1.4302325581395348, 1.4285714285714286, 5.733333333333333]","[0, 0, 6.0, 1.3333333333333333, 2, 1.5]","[0, 0, 3.8918918918918917, 1.2162162162162162, 6.0, 6.166666666666667]","[0, 0, 0, 0, 0, 0]","[0, 0, 9.0, 2.0, 4, 0.75]","[0, 0, 0, 0, 0, 0]","[0, 0, 0, 0, 0, 0]","[0, 0, 0, 0, 0, 0]","[0, 0, 14.142857142857144, 3.142857142857143, 3.0, 0.7777777777777778]","[0, 0, 0, 0, 0, 0]","[0, 0, 0, 0, 0, 0]","[0, 1, 3.5217391304347827, 1.2391304347826086, 3.25, 1.0952380952380953]","[0, 0, 6.230769230769231, 1.9615384615384617, 0.6666666666666666, 0.9629629629629629]","[0, 0, 2.67032967032967, 1.4505494505494505, 1.6666666666666667, 6.066666666666666]","[0, 0, 0, 0, 0, 0]","[0, 0, 0, 0, 0, 0]","[0, 0, 0, 0, 0, 0]","[0, 0, 0, 0, 0, 0]","[0, 0, 7.875000000000001, 1.625, 4.0, 1.1428571428571428]","[0, 0, 0, 0, 0, 0]","[0, 0, 0, 0, 0, 0]","[0, 0, 5.225806451612903, 1.596774193548387, 0.8, 5.166666666666667]","[0, 0, 5.547945205479452, 1.1506849315068495, 3.5, 6.083333333333333]","[0, 0, 0, 0, 0, 0]","[0, 1, 1.35, 1.05, 2.5, 0.9523809523809524]","[0, 0, 0, 0, 0, 0]","[0, 0, 4.5, 2.0, 1.0, 2.0]","[0, 0, 0.0, 1.0, 1.0, 1.0]","[0, 0, 0, 0, 0, 0]","[0, 0, 6.096774193548387, 1.6451612903225805, 1.0, 1.0333333333333334]","[0, 0, 0, 0, 0, 0]","[0, 1, 6.428571428571428, 1.4285714285714286, 1.6666666666666667, 1.1666666666666667]","[0, 1, 9.0, 2.25, 0.75, 0.6666666666666666]","[0, 0, 4.0, 1.2222222222222223, 1.1428571428571428, 1.0]"
30,2020-06-10,20200610HTKT0,"[0, 0, 5.337209302325581, 1.4302325581395348, 1.4285714285714286, 5.733333333333333]","[0, 1, 5.4, 2.0, 1.5, 1.6666666666666667]","[0, 0, 3.8918918918918917, 1.2162162162162162, 6.0, 6.166666666666667]","[0, 0, 0, 0, 0, 0]","[0, 0, 9.0, 2.0, 4, 0.75]","[0, 0, 0, 0, 0, 0]","[0, 1, 0, 0, 0, 0]","[0, 0, 0, 0, 0, 0]","[0, 0, 14.142857142857144, 3.142857142857143, 3.0, 0.7777777777777778]","[0, 0, 0, 0, 0, 0]","[0, 0, 0, 0, 0, 0]","[0, 0, 3.5217391304347827, 1.2391304347826086, 3.25, 1.0952380952380953]","[0, 0, 6.230769230769231, 1.9615384615384617, 0.6666666666666666, 0.9629629629629629]","[0, 0, 2.67032967032967, 1.4505494505494505, 1.6666666666666667, 6.066666666666666]","[0, 0, 0, 0, 0, 0]","[0, 0, 0, 0, 0, 0]","[0, 0, 0, 0, 0, 0]","[0, 0, 0, 0, 0, 0]","[0, 0, 7.875000000000001, 1.625, 4.0, 1.1428571428571428]","[0, 1, 0, 0, 0, 0]","[0, 0, 0, 0, 0, 0]","[1, 0, 7.826086956521739, 1.826086956521739, 0.875, 4.6]","[0, 0, 5.547945205479452, 1.1506849315068495, 3.5, 6.083333333333333]","[0, 0, 0, 0, 0, 0]","[0, 0, 1.35, 1.05, 2.5, 0.9523809523809524]","[0, 0, 0, 0, 0, 0]","[0, 0, 4.5, 2.0, 1.0, 2.0]","[0, 0, 0.0, 1.0, 1.0, 1.0]","[0, 0, 0, 0, 0, 0]","[0, 0, 6.096774193548387, 1.6451612903225805, 1.0, 1.0333333333333334]","[0, 0, 0, 0, 0, 0]","[0, 0, 6.428571428571428, 1.4285714285714286, 1.6666666666666667, 1.1666666666666667]","[0, 0, 9.0, 2.25, 0.75, 0.6666666666666666]","[0, 0, 4.0, 1.2222222222222223, 1.1428571428571428, 1.0]"
31,2020-06-11,20200611HTKT0,"[0, 0, 5.337209302325581, 1.4302325581395348, 1.4285714285714286, 5.733333333333333]","[0, 0, 5.4, 2.0, 1.5, 1.6666666666666667]","[0, 0, 3.8918918918918917, 1.2162162162162162, 6.0, 6.166666666666667]","[0, 0, 0, 0, 0, 0]","[0, 0, 9.0, 2.0, 4, 0.75]","[0, 0, 0, 0, 0, 0]","[0, 0, 0, 0, 0, 0]","[0, 0, 0, 0, 0, 0]","[1, 0, 12.193548387096774, 2.8064516129032255, 2.0, 1.0333333333333334]","[0, 0, 0, 0, 0, 0]","[0, 0, 0, 0, 0, 0]","[0, 1, 3.306122448979592, 1.1632653061224492, 3.25, 1.0888888888888888]","[0, 1, 6.0, 1.8888888888888888, 0.6666666666666666, 0.9]","[0, 0, 2.67032967032967, 1.4505494505494505, 1.6666666666666667, 6.066666666666666]","[0, 0, 0, 0, 0, 0]","[0, 0, 0, 0, 0, 0]","[0, 0, 0, 0, 0, 0]","[0, 0, 0, 0, 0, 0]","[0, 0, 7.875000000000001, 1.625, 4.0, 1.1428571428571428]","[0, 0, 0, 0, 0, 0]","[0, 0, 0, 0, 0, 0]","[0, 0, 7.826086956521739, 1.826086956521739, 0.875, 4.6]","[0, 0, 5.547945205479452, 1.1506849315068495, 3.5, 6.083333333333333]","[0, 0, 0, 0, 0, 0]","[0, 1, 1.1739130434782608, 0.9130434782608695, 3.5, 0.9583333333333334]","[0, 0, 0, 0, 0, 0]","[0, 0, 4.5, 2.0, 1.0, 2.0]","[0, 0, 0.0, 1.0, 1.0, 1.0]","[0, 0, 0, 0, 0, 0]","[0, 0, 6.096774193548387, 1.6451612903225805, 1.0, 1.0333333333333334]","[0, 0, 0, 0, 0, 0]","[0, 1, 5.625, 1.25, 2.0, 1.1428571428571428]","[0, 1, 7.2, 2.0, 1.0, 0.7142857142857143]","[0, 0, 4.0, 1.2222222222222223, 1.1428571428571428, 1.0]"
32,2020-06-13,20200613KTSS1,"[0, 0, 5.337209302325581, 1.4302325581395348, 1.4285714285714286, 5.733333333333333]","[0, 0, 5.4, 2.0, 1.5, 1.6666666666666667]","[1, 0, 4.285714285714286, 1.3095238095238095, 4.25, 6.0]","[0, 0, 0, 0, 0, 0]","[0, 0, 9.0, 2.0, 4, 0.75]","[0, 0, 0, 0, 0, 0]","[0, 0, 0, 0, 0, 0]","[0, 0, 0, 0, 0, 0]","[0, 0, 12.193548387096774, 2.8064516129032255, 2.0, 1.0333333333333334]","[0, 0, 0, 0, 0, 0]","[0, 0, 0, 0, 0, 0]","[0, 1, 3.1153846153846154, 1.0961538461538463, 3.5, 1.0833333333333333]","[0, 0, 6.0, 1.8888888888888888, 0.6666666666666666, 0.9]","[0, 0, 2.67032967032967, 1.4505494505494505, 1.6666666666666667, 6.066666666666666]","[0, 0, 0, 0, 0, 0]","[0, 0, 0, 0, 0, 0]","[0, 0, 0, 0, 0, 0]","[0, 0, 0, 0, 0, 0]","[0, 0, 7.875000000000001, 1.625, 4.0, 1.1428571428571428]","[0, 0, 0, 0, 0, 0]","[0, 0, 0, 0, 0, 0]","[0, 0, 7.826086956521739, 1.826086956521739, 0.875, 4.6]","[0, 0, 5.547945205479452, 1.1506849315068495, 3.5, 6.083333333333333]","[0, 0, 0, 0, 0, 0]","[0, 0, 1.1739130434782608, 0.9130434782608695, 3.5, 0.9583333333333334]","[0, 0, 0, 0, 0, 0]","[0, 0, 4.5, 2.0, 1.0, 2.0]","[0, 0, 0.0, 1.0, 1.0, 1.0]","[0, 0, 0, 0, 0, 0]","[0, 0, 6.096774193548387, 1.6451612903225805, 1.0, 1.0333333333333334]","[0, 1, 0, 0, 0, 0]","[0, 1, 5.0, 1.3333333333333333, 2.3333333333333335, 1.125]","[0, 0, 7.2, 2.0, 1.0, 0.7142857142857143]","[0, 0, 4.0, 1.2222222222222223, 1.1428571428571428, 1.0]"
33,2020-06-13,20200613KTSS2,"[0, 0, 5.337209302325581, 1.4302325581395348, 1.4285714285714286, 5.733333333333333]","[0, 0, 5.4, 2.0, 1.5, 1.6666666666666667]","[0, 0, 4.285714285714286, 1.3095238095238095, 4.25, 6.0]","[0, 0, 0, 0, 0, 0]","[0, 0, 9.0, 2.0, 4, 0.75]","[0, 0, 0, 0, 0, 0]","[0, 0, 0, 0, 0, 0]","[0, 0, 0, 0, 0, 0]","[0, 0, 12.193548387096774, 2.8064516129032255, 2.0, 1.0333333333333334]","[0, 0, 0, 0, 0, 0]","[0, 0, 0, 0, 0, 0]","[0, 1, 3.436363636363636, 1.090909090909091, 3.75, 1.0784313725490196]","[0, 1, 6.3, 1.9, 0.6666666666666666, 0.9090909090909091]","[1, 0, 2.11304347826087, 1.3043478260869565, 1.6, 6.388888888888889]","[0, 0, 0, 0, 0, 0]","[0, 0, 0, 0, 0, 0]","[0, 0, 0, 0, 0, 0]","[0, 0, 0, 0, 0, 0]","[0, 0, 7.875000000000001, 1.625, 4.0, 1.1428571428571428]","[0, 0, 0, 0, 0, 0]","[0, 0, 0, 0, 0, 0]","[0, 0, 7.826086956521739, 1.826086956521739, 0.875, 4.6]","[0, 0, 5.547945205479452, 1.1506849315068495, 3.5, 6.083333333333333]","[0, 0, 0, 0, 0, 0]","[0, 0, 1.1739130434782608, 0.9130434782608695, 3.5, 0.9583333333333334]","[0, 0, 0, 0, 0, 0]","[0, 0, 4.5, 2.0, 1.0, 2.0]","[0, 0, 0.0, 1.0, 1.0, 1.0]","[0, 0, 0, 0, 0, 0]","[0, 0, 6.096774193548387, 1.6451612903225805, 1.0, 1.0333333333333334]","[0, 0, 0, 0, 0, 0]","[0, 1, 4.5, 1.2, 2.3333333333333335, 1.1111111111111112]","[0, 0, 7.2, 2.0, 1.0, 0.7142857142857143]","[0, 0, 4.0, 1.2222222222222223, 1.1428571428571428, 1.0]"
34,2020-06-14,20200614KTSS0,"[1, 0, 5.346534653465347, 1.3960396039603962, 1.4444444444444444, 5.611111111111111]","[0, 0, 5.4, 2.0, 1.5, 1.6666666666666667]","[0, 0, 4.285714285714286, 1.3095238095238095, 4.25, 6.0]","[0, 0, 0, 0, 0, 0]","[0, 0, 9.0, 2.0, 4, 0.75]","[0, 0, 0, 0, 0, 0]","[0, 1, 0.0, 0.0, 2, 1.0]","[0, 0, 0, 0, 0, 0]","[0, 0, 12.193548387096774, 2.8064516129032255, 2.0, 1.0333333333333334]","[0, 0, 0, 0, 0, 0]","[0, 0, 0, 0, 0, 0]","[0, 0, 3.436363636363636, 1.090909090909091, 3.75, 1.0784313725490196]","[0, 0, 6.3, 1.9, 0.6666666666666666, 0.9090909090909091]","[0, 0, 2.11304347826087, 1.3043478260869565, 1.6, 6.388888888888889]","[0, 0, 0, 0, 0, 0]","[0, 0, 0, 0, 0, 0]","[0, 0, 0, 0, 0, 0]","[0, 0, 0, 0, 0, 0]","[0, 0, 7.875000000000001, 1.625, 4.0, 1.1428571428571428]","[0, 0, 0, 0, 0, 0]","[0, 0, 0, 0, 0, 0]","[0, 0, 7.826086956521739, 1.826086956521739, 0.875, 4.6]","[0, 0, 5.547945205479452, 1.1506849315068495, 3.5, 6.083333333333333]","[0, 0, 0, 0, 0, 0]","[0, 0, 1.1739130434782608, 0.9130434782608695, 3.5, 0.9583333333333334]","[0, 1, 0, 0, 0, 0]","[0, 0, 4.5, 2.0, 1.0, 2.0]","[0, 0, 0.0, 1.0, 1.0, 1.0]","[0, 0, 0, 0, 0, 0]","[0, 0, 6.096774193548387, 1.6451612903225805, 1.0, 1.0333333333333334]","[0, 1, 0.0, 1.0, 0.0, 1.0]","[0, 0, 4.5, 1.2, 2.3333333333333335, 1.1111111111111112]","[0, 0, 7.2, 2.0, 1.0, 0.7142857142857143]","[0, 0, 4.0, 1.2222222222222223, 1.1428571428571428, 1.0]"
35,2020-06-16,20200616KTSK0,"[0, 0, 5.346534653465347, 1.3960396039603962, 1.4444444444444444, 5.611111111111111]","[0, 0, 5.4, 2.0, 1.5, 1.6666666666666667]","[0, 0, 4.285714285714286, 1.3095238095238095, 4.25, 6.0]","[0, 0, 0, 0, 0, 0]","[0, 0, 9.0, 2.0, 4, 0.75]","[0, 0, 0, 0, 0, 0]","[0, 1, 3.8571428571428568, 0.8571428571428571, 3, 1.1666666666666667]","[0, 0, 0, 0, 0, 0]","[1, 0, 9.978260869565217, 2.3478260869565215, 2.8, 1.393939393939394]","[0, 0, 0, 0, 0, 0]","[0, 0, 0, 0, 0, 0]","[0, 1, 3.2586206896551726, 1.1379310344827587, 3.2, 1.074074074074074]","[0, 1, 5.5588235294117645, 1.7647058823529411, 0.6666666666666666, 0.9444444444444445]","[0, 0, 2.11304347826087, 1.3043478260869565, 1.6, 6.388888888888889]","[0, 0, 0, 0, 0, 0]","[0, 0, 0, 0, 0, 0]","[0, 0, 0, 0, 0, 0]","[0, 0, 0, 0, 0, 0]","[0, 0, 7.875000000000001, 1.625, 4.0, 1.1428571428571428]","[0, 0, 0, 0, 0, 0]","[0, 0, 0, 0, 0, 0]","[0, 0, 7.826086956521739, 1.826086956521739, 0.875, 4.6]","[0, 0, 5.547945205479452, 1.1506849315068495, 3.5, 6.083333333333333]","[0, 0, 0, 0, 0, 0]","[0, 0, 1.1739130434782608, 0.9130434782608695, 3.5, 0.9583333333333334]","[0, 0, 0, 0, 0, 0]","[0, 0, 4.5, 2.0, 1.0, 2.0]","[0, 0, 0.0, 1.0, 1.0, 1.0]","[0, 0, 0, 0, 0, 0]","[0, 0, 6.096774193548387, 1.6451612903225805, 1.0, 1.0333333333333334]","[0, 0, 0.0, 1.0, 0.0, 1.0]","[0, 1, 4.090909090909091, 1.0909090909090908, 2.3333333333333335, 1.1]","[0, 0, 7.2, 2.0, 1.0, 0.7142857142857143]","[0, 0, 4.0, 1.2222222222222223, 1.1428571428571428, 1.0]"
36,2020-06-17,20200617KTSK0,"[0, 0, 5.346534653465347, 1.3960396039603962, 1.4444444444444444, 5.611111111111111]","[0, 0, 5.4, 2.0, 1.5, 1.6666666666666667]","[0, 0, 4.285714285714286, 1.3095238095238095, 4.25, 6.0]","[0, 0, 0, 0, 0, 0]","[0, 0, 9.0, 2.0, 4, 0.75]","[0, 0, 0, 0, 0, 0]","[0, 1, 2.7, 1.2, 1.5, 1.1111111111111112]","[0, 0, 0, 0, 0, 0]","[0, 0, 9.978260869565217, 2.3478260869565215, 2.8, 1.393939393939394]","[0, 0, 0, 0, 0, 0]","[0, 0, 0, 0, 0, 0]","[0, 1, 3.098360655737705, 1.1311475409836067, 2.8333333333333335, 1.0701754385964912]","[0, 1, 6.9230769230769225, 1.9230769230769231, 0.8333333333333334, 1.0]","[0, 0, 2.11304347826087, 1.3043478260869565, 1.6, 6.388888888888889]","[0, 0, 0, 0, 0, 0]","[0, 0, 0, 0, 0, 0]","[0, 0, 0, 0, 0, 0]","[0, 0, 0, 0, 0, 0]","[0, 0, 7.875000000000001, 1.625, 4.0, 1.1428571428571428]","[1, 0, 4.5, 2.0, 0, 2.0]","[0, 0, 0, 0, 0, 0]","[0, 0, 7.826086956521739, 1.826086956521739, 0.875, 4.6]","[0, 0, 5.547945205479452, 1.1506849315068495, 3.5, 6.083333333333333]","[0, 0, 0, 0, 0, 0]","[0, 0, 1.1739130434782608, 0.9130434782608695, 3.5, 0.9583333333333334]","[0, 0, 0, 0, 0, 0]","[0, 0, 4.5, 2.0, 1.0, 2.0]","[0, 0, 0.0, 1.0, 1.0, 1.0]","[0, 0, 0, 0, 0, 0]","[0, 0, 6.096774193548387, 1.6451612903225805, 1.0, 1.0333333333333334]","[0, 0, 0.0, 1.0, 0.0, 1.0]","[0, 1, 4.378378378378379, 1.135135135135135, 2.3333333333333335, 1.1212121212121213]","[0, 1, 6.0, 1.8333333333333333, 1.25, 0.75]","[0, 0, 4.0, 1.2222222222222223, 1.1428571428571428, 1.0]"
37,2020-06-18,20200618KTSK0,"[0, 0, 5.346534653465347, 1.3960396039603962, 1.4444444444444444, 5.611111111111111]","[0, 0, 5.4, 2.0, 1.5, 1.6666666666666667]","[1, 0, 4.595744680851063, 1.3191489361702127, 4.333333333333333, 5.875]","[0, 0, 0, 0, 0, 0]","[0, 0, 9.0, 2.0, 4, 0.75]","[0, 0, 0, 0, 0, 0]","[0, 0, 2.7, 1.2, 1.5, 1.1111111111111112]","[0, 0, 0, 0, 0, 0]","[0, 0, 9.978260869565217, 2.3478260869565215, 2.8, 1.393939393939394]","[0, 0, 0, 0, 0, 0]","[0, 0, 0, 0, 0, 0]","[0, 0, 3.098360655737705, 1.1311475409836067, 2.8333333333333335, 1.0701754385964912]","[0, 1, 6.428571428571428, 1.8571428571428572, 1.1666666666666667, 1.0]","[0, 0, 2.11304347826087, 1.3043478260869565, 1.6, 6.388888888888889]","[0, 0, 0, 0, 0, 0]","[0, 0, 0, 0, 0, 0]","[0, 0, 0, 0, 0, 0]","[0, 0, 0, 0, 0, 0]","[0, 0, 7.875000000000001, 1.625, 4.0, 1.1428571428571428]","[0, 0, 4.5, 2.0, 0, 2.0]","[0, 0, 0, 0, 0, 0]","[0, 0, 7.826086956521739, 1.826086956521739, 0.875, 4.6]","[0, 0, 5.547945205479452, 1.1506849315068495, 3.5, 6.083333333333333]","[0, 0, 0, 0, 0, 0]","[0, 0, 1.1739130434782608, 0.9130434782608695, 3.5, 0.9583333333333334]","[0, 0, 0, 0, 0, 0]","[0, 0, 4.5, 2.0, 1.0, 2.0]","[0, 0, 0.0, 1.0, 1.0, 1.0]","[0, 0, 0, 0, 0, 0]","[0, 0, 6.096774193548387, 1.6451612903225805, 1.0, 1.0333333333333334]","[0, 0, 0.0, 1.0, 0.0, 1.0]","[0, 1, 4.153846153846154, 1.2307692307692308, 2.25, 1.0833333333333333]","[0, 0, 6.0, 1.8333333333333333, 1.25, 0.75]","[0, 0, 4.0, 1.2222222222222223, 1.1428571428571428, 1.0]"
38,2020-06-19,20200619LTKT0,"[0, 0, 5.346534653465347, 1.3960396039603962, 1.4444444444444444, 5.611111111111111]","[0, 0, 5.4, 2.0, 1.5, 1.6666666666666667]","[0, 0, 4.595744680851063, 1.3191489361702127, 4.333333333333333, 5.875]","[0, 0, 0, 0, 0, 0]","[0, 0, 9.0, 2.0, 4, 0.75]","[0, 0, 0, 0, 0, 0]","[0, 1, 4.153846153846154, 1.3846153846153848, 1.5, 1.0833333333333333]","[0, 0, 0, 0, 0, 0]","[0, 0, 9.978260869565217, 2.3478260869565215, 2.8, 1.393939393939394]","[0, 0, 0, 0, 0, 0]","[0, 0, 0, 0, 0, 0]","[0, 1, 3.0, 1.0952380952380953, 2.8333333333333335, 1.05]","[0, 0, 6.428571428571428, 1.8571428571428572, 1.1666666666666667, 1.0]","[1, 0, 2.659090909090909, 1.3409090909090908, 1.5, 6.285714285714286]","[0, 0, 0, 0, 0, 0]","[0, 0, 0, 0, 0, 0]","[0, 0, 0, 0, 0, 0]","[0, 0, 0, 0, 0, 0]","[0, 0, 7.875000000000001, 1.625, 4.0, 1.1428571428571428]","[0, 0, 4.5, 2.0, 0, 2.0]","[0, 0, 0, 0, 0, 0]","[0, 0, 7.826086956521739, 1.826086956521739, 0.875, 4.6]","[0, 0, 5.547945205479452, 1.1506849315068495, 3.5, 6.083333333333333]","[0, 0, 0, 0, 0, 0]","[0, 1, 5.869565217391304, 1.434782608695652, 3.5, 0.8518518518518519]","[0, 0, 0, 0, 0, 0]","[0, 0, 4.5, 2.0, 1.0, 2.0]","[0, 0, 0.0, 1.0, 1.0, 1.0]","[0, 0, 0, 0, 0, 0]","[0, 0, 6.096774193548387, 1.6451612903225805, 1.0, 1.0333333333333334]","[0, 1, 0.0, 1.0, 0.0, 1.0]","[0, 0, 4.153846153846154, 1.2307692307692308, 2.25, 1.0833333333333333]","[0, 1, 4.909090909090909, 1.5, 1.5, 0.8148148148148148]","[0, 0, 4.0, 1.2222222222222223, 1.1428571428571428, 1.0]"
39,2020-06-20,20200620LTKT0,"[1, 0, 6.339130434782609, 1.4608695652173913, 1.5, 5.476190476190476]","[0, 0, 5.4, 2.0, 1.5, 1.6666666666666667]","[0, 0, 4.595744680851063, 1.3191489361702127, 4.333333333333333, 5.875]","[0, 0, 0, 0, 0, 0]","[0, 0, 9.0, 2.0, 4, 0.75]","[0, 0, 0, 0, 0, 0]","[0, 0, 4.153846153846154, 1.3846153846153848, 1.5, 1.0833333333333333]","[0, 0, 0, 0, 0, 0]","[0, 0, 9.978260869565217, 2.3478260869565215, 2.8, 1.393939393939394]","[0, 0, 0, 0, 0, 0]","[0, 0, 0, 0, 0, 0]","[0, 0, 3.0, 1.0952380952380953, 2.8333333333333335, 1.05]","[0, 0, 6.428571428571428, 1.8571428571428572, 1.1666666666666667, 1.0]","[0, 0, 2.659090909090909, 1.3409090909090908, 1.5, 6.285714285714286]","[0, 0, 0, 0, 0, 0]","[0, 0, 0, 0, 0, 0]","[0, 0, 0, 0, 0, 0]","[0, 0, 0, 0, 0, 0]","[0, 0, 7.875000000000001, 1.625, 4.0, 1.1428571428571428]","[0, 0, 4.5, 2.0, 0, 2.0]","[0, 0, 0, 0, 0, 0]","[0, 0, 7.826086956521739, 1.826086956521739, 0.875, 4.6]","[0, 0, 5.547945205479452, 1.1506849315068495, 3.5, 6.083333333333333]","[0, 0, 0, 0, 0, 0]","[0, 0, 5.869565217391304, 1.434782608695652, 3.5, 0.8518518518518519]","[0, 1, 36.0, 5.0, 1, 1.0]","[0, 0, 4.5, 2.0, 1.0, 2.0]","[0, 0, 0.0, 1.0, 1.0, 1.0]","[0, 0, 0, 0, 0, 0]","[0, 0, 6.096774193548387, 1.6451612903225805, 1.0, 1.0333333333333334]","[0, 1, 0.0, 1.0, 0.0, 1.3333333333333333]","[0, 0, 4.153846153846154, 1.2307692307692308, 2.25, 1.0833333333333333]","[0, 0, 4.909090909090909, 1.5, 1.5, 0.8148148148148148]","[0, 0, 4.0, 1.2222222222222223, 1.1428571428571428, 1.0]"
40,2020-06-21,20200621LTKT0,"[0, 0, 6.339130434782609, 1.4608695652173913, 1.5, 5.476190476190476]","[0, 0, 5.4, 2.0, 1.5, 1.6666666666666667]","[0, 0, 4.595744680851063, 1.3191489361702127, 4.333333333333333, 5.875]","[0, 0, 0, 0, 0, 0]","[0, 0, 9.0, 2.0, 4, 0.75]","[0, 0, 0, 0, 0, 0]","[0, 0, 4.153846153846154, 1.3846153846153848, 1.5, 1.0833333333333333]","[0, 0, 0, 0, 0, 0]","[0, 0, 9.978260869565217, 2.3478260869565215, 2.8, 1.393939393939394]","[0, 0, 0, 0, 0, 0]","[0, 0, 0, 0, 0, 0]","[0, 1, 2.7794117647058822, 1.0588235294117647, 2.7142857142857144, 1.0793650793650795]","[0, 1, 6.0, 1.7333333333333334, 1.3333333333333333, 1.0]","[0, 0, 2.659090909090909, 1.3409090909090908, 1.5, 6.285714285714286]","[0, 0, 0, 0, 0, 0]","[0, 0, 0, 0, 0, 0]","[0, 0, 0, 0, 0, 0]","[0, 0, 0, 0, 0, 0]","[0, 0, 7.875000000000001, 1.625, 4.0, 1.1428571428571428]","[0, 0, 4.5, 2.0, 0, 2.0]","[0, 0, 0, 0, 0, 0]","[0, 0, 7.826086956521739, 1.826086956521739, 0.875, 4.6]","[1, 0, 6.27906976744186, 1.3255813953488371, 2.875, 5.733333333333333]","[0, 0, 0, 0, 0, 0]","[0, 0, 5.869565217391304, 1.434782608695652, 3.5, 0.8518518518518519]","[0, 0, 36.0, 5.0, 1, 1.0]","[0, 0, 4.5, 2.0, 1.0, 2.0]","[0, 0, 0.0, 1.0, 1.0, 1.0]","[0, 0, 0, 0, 0, 0]","[0, 0, 6.096774193548387, 1.6451612903225805, 1.0, 1.0333333333333334]","[0, 0, 0.0, 1.0, 0.0, 1.3333333333333333]","[0, 0, 4.153846153846154, 1.2307692307692308, 2.25, 1.0833333333333333]","[0, 0, 4.909090909090909, 1.5, 1.5, 0.8148148148148148]","[0, 0, 4.0, 1.2222222222222223, 1.1428571428571428, 1.0]"
41,2020-06-23,20200623NCKT0,"[0, 0, 6.339130434782609, 1.4608695652173913, 1.5, 5.476190476190476]","[0, 0, 5.4, 2.0, 1.5, 1.6666666666666667]","[1, 0, 4.333333333333333, 1.3333333333333333, 3.230769230769231, 6.0]","[0, 0, 0, 0, 0, 0]","[0, 0, 9.0, 2.0, 4, 0.75]","[0, 0, 0, 0, 0, 0]","[0, 1, 3.176470588235294, 1.4117647058823528, 1.5, 1.1333333333333333]","[0, 0, 0, 0, 0, 0]","[0, 0, 9.978260869565217, 2.3478260869565215, 2.8, 1.393939393939394]","[0, 0, 0, 0, 0, 0]","[0, 0, 0, 0, 0, 0]","[0, 1, 2.6619718309859155, 1.056338028169014, 2.5, 1.075757575757576]","[0, 0, 6.0, 1.7333333333333334, 1.3333333333333333, 1.0]","[0, 0, 2.659090909090909, 1.3409090909090908, 1.5, 6.285714285714286]","[0, 0, 0, 0, 0, 0]","[0, 0, 0, 0, 0, 0]","[0, 0, 0, 0, 0, 0]","[0, 0, 0, 0, 0, 0]","[0, 0, 7.875000000000001, 1.625, 4.0, 1.1428571428571428]","[0, 0, 4.5, 2.0, 0, 2.0]","[0, 0, 0, 0, 0, 0]","[0, 0, 7.826086956521739, 1.826086956521739, 0.875, 4.6]","[0, 0, 6.27906976744186, 1.3255813953488371, 2.875, 5.733333333333333]","[0, 0, 0, 0, 0, 0]","[0, 0, 5.869565217391304, 1.434782608695652, 3.5, 0.8518518518518519]","[0, 0, 36.0, 5.0, 1, 1.0]","[0, 0, 4.5, 2.0, 1.0, 2.0]","[0, 0, 0.0, 1.0, 1.0, 1.0]","[0, 0, 0, 0, 0, 0]","[0, 0, 6.096774193548387, 1.6451612903225805, 1.0, 1.0333333333333334]","[0, 0, 0.0, 1.0, 0.0, 1.3333333333333333]","[0, 1, 4.5, 1.2857142857142858, 1.8, 1.0769230769230769]","[0, 0, 4.909090909090909, 1.5, 1.5, 0.8148148148148148]","[0, 0, 4.0, 1.2222222222222223, 1.1428571428571428, 1.0]"
42,2020-06-25,20200625NCKT1,"[0, 0, 6.339130434782609, 1.4608695652173913, 1.5, 5.476190476190476]","[0, 0, 5.4, 2.0, 1.5, 1.6666666666666667]","[0, 0, 4.333333333333333, 1.3333333333333333, 3.230769230769231, 6.0]","[0, 0, 0, 0, 0, 0]","[0, 0, 9.0, 2.0, 4, 0.75]","[0, 0, 0, 0, 0, 0]","[0, 1, 2.7, 1.2, 2.0, 1.1111111111111112]","[0, 0, 0, 0, 0, 0]","[0, 0, 9.978260869565217, 2.3478260869565215, 2.8, 1.393939393939394]","[0, 0, 0, 0, 0, 0]","[0, 0, 0, 0, 0, 0]","[0, 1, 2.5540540540540544, 1.054054054054054, 2.625, 1.0724637681159421]","[0, 0, 6.0, 1.7333333333333334, 1.3333333333333333, 1.0]","[1, 0, 4.0212765957446805, 1.4893617021276595, 1.35, 5.875]","[0, 0, 0, 0, 0, 0]","[0, 0, 0, 0, 0, 0]","[0, 0, 0, 0, 0, 0]","[0, 0, 0, 0, 0, 0]","[0, 0, 7.875000000000001, 1.625, 4.0, 1.1428571428571428]","[0, 0, 4.5, 2.0, 0, 2.0]","[0, 0, 0, 0, 0, 0]","[0, 0, 7.826086956521739, 1.826086956521739, 0.875, 4.6]","[0, 0, 6.27906976744186, 1.3255813953488371, 2.875, 5.733333333333333]","[0, 0, 0, 0, 0, 0]","[0, 0, 5.869565217391304, 1.434782608695652, 3.5, 0.8518518518518519]","[0, 0, 36.0, 5.0, 1, 1.0]","[0, 0, 4.5, 2.0, 1.0, 2.0]","[0, 0, 0.0, 1.0, 1.0, 1.0]","[0, 0, 0, 0, 0, 0]","[0, 0, 6.096774193548387, 1.6451612903225805, 1.0, 1.0333333333333334]","[0, 0, 0.0, 1.0, 0.0, 1.3333333333333333]","[0, 1, 4.2, 1.2, 1.8, 1.0714285714285714]","[0, 0, 4.909090909090909, 1.5, 1.5, 0.8148148148148148]","[0, 0, 4.0, 1.2222222222222223, 1.1428571428571428, 1.0]"
43,2020-06-25,20200625NCKT2,"[0, 0, 6.339130434782609, 1.4608695652173913, 1.5, 5.476190476190476]","[0, 0, 5.4, 2.0, 1.5, 1.6666666666666667]","[0, 0, 4.333333333333333, 1.3333333333333333, 3.230769230769231, 6.0]","[0, 0, 0, 0, 0, 0]","[0, 0, 9.0, 2.0, 4, 0.75]","[0, 0, 0, 0, 0, 0]","[0, 0, 2.7, 1.2, 2.0, 1.1111111111111112]","[0, 0, 0, 0, 0, 0]","[1, 0, 7.967213114754098, 2.016393442622951, 3.2, 1.6944444444444444]","[0, 0, 0, 0, 0, 0]","[0, 0, 0, 0, 0, 0]","[0, 1, 2.4545454545454546, 1.0129870129870129, 2.625, 1.0694444444444444]","[0, 0, 6.0, 1.7333333333333334, 1.3333333333333333, 1.0]","[0, 0, 4.0212765957446805, 1.4893617021276595, 1.35, 5.875]","[0, 0, 0, 0, 0, 0]","[0, 0, 0, 0, 0, 0]","[0, 0, 0, 0, 0, 0]","[0, 0, 0, 0, 0, 0]","[0, 0, 7.875000000000001, 1.625, 4.0, 1.1428571428571428]","[0, 0, 4.5, 2.0, 0, 2.0]","[0, 0, 0, 0, 0, 0]","[0, 0, 7.826086956521739, 1.826086956521739, 0.875, 4.6]","[0, 0, 6.27906976744186, 1.3255813953488371, 2.875, 5.733333333333333]","[0, 0, 0, 0, 0, 0]","[0, 0, 5.869565217391304, 1.434782608695652, 3.5, 0.8518518518518519]","[0, 0, 36.0, 5.0, 1, 1.0]","[0, 0, 4.5, 2.0, 1.0, 2.0]","[0, 0, 0.0, 1.0, 1.0, 1.0]","[0, 0, 0, 0, 0, 0]","[0, 0, 6.096774193548387, 1.6451612903225805, 1.0, 1.0333333333333334]","[0, 0, 0.0, 1.0, 0.0, 1.3333333333333333]","[0, 1, 3.9375000000000004, 1.125, 2.0, 1.0666666666666667]","[0, 1, 4.0, 1.3333333333333333, 1.2, 0.9]","[0, 0, 4.0, 1.2222222222222223, 1.1428571428571428, 1.0]"
44,2020-06-26,20200626KTHH0,"[1, 0, 6.023076923076923, 1.4538461538461538, 1.6666666666666667, 5.416666666666667]","[0, 0, 5.4, 2.0, 1.5, 1.6666666666666667]","[0, 0, 4.333333333333333, 1.3333333333333333, 3.230769230769231, 6.0]","[0, 0, 0, 0, 0, 0]","[0, 0, 9.0, 2.0, 4, 0.75]","[0, 0, 0, 0, 0, 0]","[0, 0, 2.7, 1.2, 2.0, 1.1111111111111112]","[0, 0, 0, 0, 0, 0]","[0, 0, 7.967213114754098, 2.016393442622951, 3.2, 1.6944444444444444]","[0, 0, 0, 0, 0, 0]","[0, 0, 0, 0, 0, 0]","[0, 0, 2.4545454545454546, 1.0129870129870129, 2.625, 1.0694444444444444]","[0, 0, 6.0, 1.7333333333333334, 1.3333333333333333, 1.0]","[0, 0, 4.0212765957446805, 1.4893617021276595, 1.35, 5.875]","[0, 0, 0, 0, 0, 0]","[0, 0, 0, 0, 0, 0]","[0, 0, 0, 0, 0, 0]","[0, 0, 0, 0, 0, 0]","[0, 0, 7.875000000000001, 1.625, 4.0, 1.1428571428571428]","[0, 1, 4.909090909090909, 1.6363636363636365, 1.0, 3.6666666666666665]","[0, 0, 0, 0, 0, 0]","[0, 0, 7.826086956521739, 1.826086956521739, 0.875, 4.6]","[0, 0, 6.27906976744186, 1.3255813953488371, 2.875, 5.733333333333333]","[0, 0, 0, 0, 0, 0]","[0, 0, 5.869565217391304, 1.434782608695652, 3.5, 0.8518518518518519]","[0, 0, 36.0, 5.0, 1, 1.0]","[0, 0, 4.5, 2.0, 1.0, 2.0]","[0, 0, 0.0, 1.0, 1.0, 1.0]","[0, 0, 0, 0, 0, 0]","[0, 0, 6.096774193548387, 1.6451612903225805, 1.0, 1.0333333333333334]","[0, 0, 0.0, 1.0, 0.0, 1.3333333333333333]","[0, 0, 3.9375000000000004, 1.125, 2.0, 1.0666666666666667]","[0, 0, 4.0, 1.3333333333333333, 1.2, 0.9]","[0, 0, 4.0, 1.2222222222222223, 1.1428571428571428, 1.0]"
45,2020-06-27,20200627KTHH0,"[0, 0, 6.023076923076923, 1.4538461538461538, 1.6666666666666667, 5.416666666666667]","[0, 0, 5.4, 2.0, 1.5, 1.6666666666666667]","[0, 0, 4.333333333333333, 1.3333333333333333, 3.230769230769231, 6.0]","[0, 0, 0, 0, 0, 0]","[0, 0, 9.0, 2.0, 4, 0.75]","[0, 0, 0, 0, 0, 0]","[0, 0, 2.7, 1.2, 2.0, 1.1111111111111112]","[0, 0, 0, 0, 0, 0]","[0, 0, 7.967213114754098, 2.016393442622951, 3.2, 1.6944444444444444]","[0, 0, 0, 0, 0, 0]","[0, 0, 0, 0, 0, 0]","[0, 1, 2.7341772151898733, 1.0632911392405064, 2.625, 1.0533333333333332]","[0, 1, 6.75, 1.875, 1.5, 1.0]","[0, 0, 4.0212765957446805, 1.4893617021276595, 1.35, 5.875]","[0, 0, 0, 0, 0, 0]","[0, 0, 0, 0, 0, 0]","[0, 0, 0, 0, 0, 0]","[0, 0, 0, 0, 0, 0]","[0, 0, 7.875000000000001, 1.625, 4.0, 1.1428571428571428]","[0, 0, 4.909090909090909, 1.6363636363636365, 1.0, 3.6666666666666665]","[0, 0, 0, 0, 0, 0]","[0, 0, 7.826086956521739, 1.826086956521739, 0.875, 4.6]","[1, 0, 5.046728971962617, 1.205607476635514, 3.5, 5.944444444444444]","[0, 0, 0, 0, 0, 0]","[0, 0, 5.869565217391304, 1.434782608695652, 3.5, 0.8518518518518519]","[0, 0, 36.0, 5.0, 1, 1.0]","[0, 0, 4.5, 2.0, 1.0, 2.0]","[0, 0, 0.0, 1.0, 1.0, 1.0]","[0, 0, 0, 0, 0, 0]","[0, 0, 6.096774193548387, 1.6451612903225805, 1.0, 1.0333333333333334]","[0, 0, 0.0, 1.0, 0.0, 1.3333333333333333]","[0, 1, 4.235294117647059, 1.1176470588235294, 2.2, 1.0625]","[0, 0, 4.0, 1.3333333333333333, 1.2, 0.9]","[0, 0, 4.0, 1.2222222222222223, 1.1428571428571428, 1.0]"
46,2020-06-28,20200628KTHH0,"[0, 0, 6.023076923076923, 1.4538461538461538, 1.6666666666666667, 5.416666666666667]","[0, 0, 5.4, 2.0, 1.5, 1.6666666666666667]","[1, 0, 4.5, 1.35, 2.75, 6.0]","[0, 0, 0, 0, 0, 0]","[0, 0, 9.0, 2.0, 4, 0.75]","[0, 0, 0, 0, 0, 0]","[0, 1, 3.5217391304347827, 1.3043478260869565, 1.3333333333333333, 1.0952380952380953]","[0, 0, 0, 0, 0, 0]","[0, 0, 7.967213114754098, 2.016393442622951, 3.2, 1.6944444444444444]","[0, 0, 0, 0, 0, 0]","[0, 0, 0, 0, 0, 0]","[0, 0, 2.7341772151898733, 1.0632911392405064, 2.625, 1.0533333333333332]","[0, 1, 6.352941176470588, 1.8235294117647058, 1.6666666666666667, 1.0]","[0, 0, 4.0212765957446805, 1.4893617021276595, 1.35, 5.875]","[0, 0, 0, 0, 0, 0]","[0, 0, 0, 0, 0, 0]","[0, 0, 0, 0, 0, 0]","[0, 0, 0, 0, 0, 0]","[0, 0, 7.875000000000001, 1.625, 4.0, 1.1428571428571428]","[0, 0, 4.909090909090909, 1.6363636363636365, 1.0, 3.6666666666666665]","[0, 0, 0, 0, 0, 0]","[0, 0, 7.826086956521739, 1.826086956521739, 0.875, 4.6]","[0, 0, 5.046728971962617, 1.205607476635514, 3.5, 5.944444444444444]","[0, 0, 0, 0, 0, 0]","[0, 0, 5.869565217391304, 1.434782608695652, 3.5, 0.8518518518518519]","[0, 0, 36.0, 5.0, 1, 1.0]","[0, 0, 4.5, 2.0, 1.0, 2.0]","[0, 0, 0.0, 1.0, 1.0, 1.0]","[0, 0, 0, 0, 0, 0]","[0, 0, 6.096774193548387, 1.6451612903225805, 1.0, 1.0333333333333334]","[0, 0, 0.0, 1.0, 0.0, 1.3333333333333333]","[0, 1, 4.0, 1.0555555555555556, 2.4, 1.0588235294117647]","[0, 0, 4.0, 1.3333333333333333, 1.2, 0.9]","[0, 0, 4.0, 1.2222222222222223, 1.1428571428571428, 1.0]"
47,2020-06-30,20200630KTLG0,"[0, 0, 6.023076923076923, 1.4538461538461538, 1.6666666666666667, 5.416666666666667]","[0, 0, 5.4, 2.0, 1.5, 1.6666666666666667]","[0, 0, 4.5, 1.35, 2.75, 6.0]","[0, 0, 0, 0, 0, 0]","[0, 0, 9.0, 2.0, 4, 0.75]","[0, 0, 0, 0, 0, 0]","[0, 1, 3.1153846153846154, 1.2692307692307694, 1.3333333333333333, 1.0833333333333333]","[0, 0, 0, 0, 0, 0]","[1, 0, 6.4125, 1.8375, 2.8333333333333335, 2.0512820512820515]","[0, 0, 0, 0, 0, 0]","[0, 0, 0, 0, 0, 0]","[0, 1, 2.6341463414634148, 1.0609756097560976, 2.625, 1.0512820512820513]","[0, 1, 6.0, 1.7777777777777777, 2.0, 1.0]","[0, 0, 4.0212765957446805, 1.4893617021276595, 1.35, 5.875]","[0, 0, 0, 0, 0, 0]","[0, 0, 0, 0, 0, 0]","[0, 0, 0, 0, 0, 0]","[0, 0, 0, 0, 0, 0]","[0, 0, 7.875000000000001, 1.625, 4.0, 1.1428571428571428]","[0, 0, 4.909090909090909, 1.6363636363636365, 1.0, 3.6666666666666665]","[0, 0, 0, 0, 0, 0]","[0, 0, 7.826086956521739, 1.826086956521739, 0.875, 4.6]","[0, 0, 5.046728971962617, 1.205607476635514, 3.5, 5.944444444444444]","[0, 0, 0, 0, 0, 0]","[0, 0, 5.869565217391304, 1.434782608695652, 3.5, 0.8518518518518519]","[0, 0, 36.0, 5.0, 1, 1.0]","[0, 0, 4.5, 2.0, 1.0, 2.0]","[0, 0, 0.0, 1.0, 1.0, 1.0]","[0, 0, 0, 0, 0, 0]","[0, 0, 6.096774193548387, 1.6451612903225805, 1.0, 1.0333333333333334]","[0, 0, 0.0, 1.0, 0.0, 1.3333333333333333]","[0, 1, 3.789473684210526, 1.0, 2.4, 1.0555555555555556]","[0, 1, 3.6, 1.2, 1.2, 0.9090909090909091]","[0, 0, 4.0, 1.2222222222222223, 1.1428571428571428, 1.0]"
48,2020-07-01,20200701KTLG0,"[0, 0, 6.023076923076923, 1.4538461538461538, 1.6666666666666667, 5.416666666666667]","[0, 0, 5.4, 2.0, 1.5, 1.6666666666666667]","[0, 0, 4.5, 1.35, 2.75, 6.0]","[0, 0, 0, 0, 0, 0]","[0, 0, 9.0, 2.0, 4, 0.75]","[0, 0, 0, 0, 0, 0]","[0, 0, 3.1153846153846154, 1.2692307692307694, 1.3333333333333333, 1.0833333333333333]","[0, 0, 0, 0, 0, 0]","[0, 0, 6.4125, 1.8375, 2.8333333333333335, 2.0512820512820515]","[0, 0, 0, 0, 0, 0]","[0, 0, 0, 0, 0, 0]","[0, 0, 2.6341463414634148, 1.0609756097560976, 2.625, 1.0512820512820513]","[0, 0, 6.0, 1.7777777777777777, 2.0, 1.0]","[1, 0, 3.9056603773584904, 1.471698113207547, 1.3478260869565217, 5.888888888888889]","[0, 0, 0, 0, 0, 0]","[0, 1, 0, 0, 0, 0]","[0, 0, 0, 0, 0, 0]","[0, 0, 0, 0, 0, 0]","[0, 0, 7.875000000000001, 1.625, 4.0, 1.1428571428571428]","[0, 0, 4.909090909090909, 1.6363636363636365, 1.0, 3.6666666666666665]","[0, 0, 0, 0, 0, 0]","[0, 0, 7.826086956521739, 1.826086956521739, 0.875, 4.6]","[0, 0, 5.046728971962617, 1.205607476635514, 3.5, 5.944444444444444]","[0, 0, 0, 0, 0, 0]","[0, 0, 5.869565217391304, 1.434782608695652, 3.5, 0.8518518518518519]","[0, 0, 36.0, 5.0, 1, 1.0]","[0, 0, 4.5, 2.0, 1.0, 2.0]","[0, 0, 0.0, 1.0, 1.0, 1.0]","[0, 1, 0, 0, 0, 0]","[0, 0, 6.096774193548387, 1.6451612903225805, 1.0, 1.0333333333333334]","[0, 1, 6.352941176470588, 1.4117647058823528, 0.0, 1.4166666666666667]","[0, 0, 3.789473684210526, 1.0, 2.4, 1.0555555555555556]","[0, 1, 3.4838709677419355, 1.161290322580645, 1.2, 0.8611111111111112]","[0, 0, 4.0, 1.2222222222222223, 1.1428571428571428, 1.0]"
49,2020-07-02,20200702KTLG0,"[0, 0, 6.023076923076923, 1.4538461538461538, 1.6666666666666667, 5.416666666666667]","[0, 0, 5.4, 2.0, 1.5, 1.6666666666666667]","[0, 0, 4.5, 1.35, 2.75, 6.0]","[0, 0, 0, 0, 0, 0]","[0, 0, 9.0, 2.0, 4, 0.75]","[0, 0, 0, 0, 0, 0]","[0, 1, 2.892857142857143, 1.2857142857142856, 1.25, 1.0370370370370372]","[0, 0, 0, 0, 0, 0]","[0, 0, 6.4125, 1.8375, 2.8333333333333335, 2.0512820512820515]","[0, 0, 0, 0, 0, 0]","[0, 0, 0, 0, 0, 0]","[0, 1, 2.8588235294117648, 1.0941176470588236, 2.625, 1.0493827160493827]","[0, 1, 6.381818181818182, 1.8, 2.1666666666666665, 0.9649122807017543]","[0, 0, 3.9056603773584904, 1.471698113207547, 1.3478260869565217, 5.888888888888889]","[0, 0, 0, 0, 0, 0]","[0, 0, 0, 0, 0, 0]","[0, 0, 0, 0, 0, 0]","[0, 0, 0, 0, 0, 0]","[0, 0, 7.875000000000001, 1.625, 4.0, 1.1428571428571428]","[1, 0, 3.552631578947368, 1.4210526315789473, 1.0, 4.222222222222222]","[0, 0, 0, 0, 0, 0]","[0, 0, 7.826086956521739, 1.826086956521739, 0.875, 4.6]","[0, 0, 5.046728971962617, 1.205607476635514, 3.5, 5.944444444444444]","[0, 0, 0, 0, 0, 0]","[0, 0, 5.869565217391304, 1.434782608695652, 3.5, 0.8518518518518519]","[0, 0, 36.0, 5.0, 1, 1.0]","[0, 0, 4.5, 2.0, 1.0, 2.0]","[0, 0, 0.0, 1.0, 1.0, 1.0]","[0, 0, 0, 0, 0, 0]","[0, 0, 6.096774193548387, 1.6451612903225805, 1.0, 1.0333333333333334]","[0, 0, 6.352941176470588, 1.4117647058823528, 0.0, 1.4166666666666667]","[0, 1, 3.4285714285714284, 0.9047619047619048, 2.4, 1.105263157894737]","[0, 0, 3.4838709677419355, 1.161290322580645, 1.2, 0.8611111111111112]","[0, 0, 4.0, 1.2222222222222223, 1.1428571428571428, 1.0]"
50,2020-07-03,20200703WOKT0,"[0, 0, 6.023076923076923, 1.4538461538461538, 1.6666666666666667, 5.416666666666667]","[0, 0, 5.4, 2.0, 1.5, 1.6666666666666667]","[1, 0, 4.636363636363637, 1.3484848484848484, 2.7222222222222223, 6.0]","[0, 0, 0, 0, 0, 0]","[0, 0, 9.0, 2.0, 4, 0.75]","[0, 0, 0, 0, 0, 0]","[0, 0, 2.892857142857143, 1.2857142857142856, 1.25, 1.0370370370370372]","[0, 0, 0, 0, 0, 0]","[0, 0, 6.4125, 1.8375, 2.8333333333333335, 2.0512820512820515]","[0, 0, 0, 0, 0, 0]","[0, 0, 0, 0, 0, 0]","[0, 1, 2.7613636363636367, 1.090909090909091, 2.75, 1.0476190476190477]","[0, 0, 6.381818181818182, 1.8, 2.1666666666666665, 0.9649122807017543]","[0, 0, 3.9056603773584904, 1.471698113207547, 1.3478260869565217, 5.888888888888889]","[0, 0, 0, 0, 0, 0]","[0, 0, 0, 0, 0, 0]","[0, 0, 0, 0, 0, 0]","[0, 0, 0, 0, 0, 0]","[0, 0, 7.875000000000001, 1.625, 4.0, 1.1428571428571428]","[0, 0, 3.552631578947368, 1.4210526315789473, 1.0, 4.222222222222222]","[0, 0, 0, 0, 0, 0]","[0, 0, 7.826086956521739, 1.826086956521739, 0.875, 4.6]","[0, 0, 5.046728971962617, 1.205607476635514, 3.5, 5.944444444444444]","[0, 0, 0, 0, 0, 0]","[0, 0, 5.869565217391304, 1.434782608695652, 3.5, 0.8518518518518519]","[0, 0, 36.0, 5.0, 1, 1.0]","[0, 0, 4.5, 2.0, 1.0, 2.0]","[0, 0, 0.0, 1.0, 1.0, 1.0]","[0, 0, 0, 0, 0, 0]","[0, 0, 6.096774193548387, 1.6451612903225805, 1.0, 1.0333333333333334]","[0, 0, 6.352941176470588, 1.4117647058823528, 0.0, 1.4166666666666667]","[0, 1, 3.130434782608696, 0.8260869565217391, 2.6, 1.15]","[0, 0, 3.4838709677419355, 1.161290322580645, 1.2, 0.8611111111111112]","[0, 0, 4.0, 1.2222222222222223, 1.1428571428571428, 1.0]"
51,2020-07-04,20200704WOKT0,"[0, 0, 6.023076923076923, 1.4538461538461538, 1.6666666666666667, 5.416666666666667]","[0, 0, 5.4, 2.0, 1.5, 1.6666666666666667]","[0, 0, 4.636363636363637, 1.3484848484848484, 2.7222222222222223, 6.0]","[0, 0, 0, 0, 0, 0]","[0, 0, 9.0, 2.0, 4, 0.75]","[0, 0, 0, 0, 0, 0]","[0, 1, 2.6129032258064515, 1.2580645161290323, 1.25, 1.0333333333333334]","[0, 0, 0, 0, 0, 0]","[0, 0, 6.4125, 1.8375, 2.8333333333333335, 2.0512820512820515]","[0, 0, 0, 0, 0, 0]","[0, 0, 0, 0, 0, 0]","[0, 0, 2.7613636363636367, 1.090909090909091, 2.75, 1.0476190476190477]","[0, 0, 6.381818181818182, 1.8, 2.1666666666666665, 0.9649122807017543]","[0, 0, 3.9056603773584904, 1.471698113207547, 1.3478260869565217, 5.888888888888889]","[0, 0, 0, 0, 0, 0]","[0, 0, 0, 0, 0, 0]","[0, 0, 0, 0, 0, 0]","[0, 0, 0, 0, 0, 0]","[0, 0, 7.875000000000001, 1.625, 4.0, 1.1428571428571428]","[0, 0, 3.552631578947368, 1.4210526315789473, 1.0, 4.222222222222222]","[0, 0, 0, 0, 0, 0]","[0, 0, 7.826086956521739, 1.826086956521739, 0.875, 4.6]","[1, 0, 4.752, 1.224, 2.909090909090909, 5.952380952380952]","[0, 0, 0, 0, 0, 0]","[0, 0, 5.869565217391304, 1.434782608695652, 3.5, 0.8518518518518519]","[0, 0, 36.0, 5.0, 1, 1.0]","[0, 0, 4.5, 2.0, 1.0, 2.0]","[0, 0, 0.0, 1.0, 1.0, 1.0]","[0, 1, 0.0, 1.0, 2, 1.0]","[0, 1, 6.545454545454546, 1.7272727272727273, 1.2, 1.0]","[0, 1, 5.4, 1.2, 0.0, 1.3333333333333335]","[0, 0, 3.130434782608696, 0.8260869565217391, 2.6, 1.15]","[0, 1, 3.176470588235294, 1.0588235294117647, 1.2, 0.8717948717948718]","[0, 0, 4.0, 1.2222222222222223, 1.1428571428571428, 1.0]"
52,2020-07-05,20200705WOKT0,"[0, 0, 6.023076923076923, 1.4538461538461538, 1.6666666666666667, 5.416666666666667]","[0, 0, 5.4, 2.0, 1.5, 1.6666666666666667]","[0, 0, 4.636363636363637, 1.3484848484848484, 2.7222222222222223, 6.0]","[0, 0, 0, 0, 0, 0]","[0, 0, 9.0, 2.0, 4, 0.75]","[0, 0, 0, 0, 0, 0]","[0, 1, 2.4545454545454546, 1.2727272727272727, 1.0, 1.0]","[0, 0, 0, 0, 0, 0]","[1, 0, 5.785714285714286, 1.7755102040816328, 2.375, 2.333333333333333]","[0, 0, 0, 0, 0, 0]","[0, 0, 0, 0, 0, 0]","[0, 1, 2.67032967032967, 1.054945054945055, 2.75, 1.0459770114942528]","[0, 1, 6.051724137931035, 1.7068965517241381, 2.3333333333333335, 0.9666666666666666]","[0, 0, 3.9056603773584904, 1.471698113207547, 1.3478260869565217, 5.888888888888889]","[0, 0, 0, 0, 0, 0]","[0, 0, 0, 0, 0, 0]","[0, 0, 0, 0, 0, 0]","[0, 0, 0, 0, 0, 0]","[0, 0, 7.875000000000001, 1.625, 4.0, 1.1428571428571428]","[0, 0, 3.552631578947368, 1.4210526315789473, 1.0, 4.222222222222222]","[0, 0, 0, 0, 0, 0]","[0, 0, 7.826086956521739, 1.826086956521739, 0.875, 4.6]","[0, 0, 4.752, 1.224, 2.909090909090909, 5.952380952380952]","[0, 0, 0, 0, 0, 0]","[0, 0, 5.869565217391304, 1.434782608695652, 3.5, 0.8518518518518519]","[0, 0, 36.0, 5.0, 1, 1.0]","[0, 0, 4.5, 2.0, 1.0, 2.0]","[0, 0, 0.0, 1.0, 1.0, 1.0]","[0, 0, 0.0, 1.0, 2, 1.0]","[0, 0, 6.545454545454546, 1.7272727272727273, 1.2, 1.0]","[0, 1, 4.695652173913043, 1.1739130434782608, 0.0, 1.277777777777778]","[0, 1, 3.375, 0.9166666666666666, 1.75, 1.1428571428571428]","[0, 0, 3.176470588235294, 1.0588235294117647, 1.2, 0.8717948717948718]","[0, 0, 4.0, 1.2222222222222223, 1.1428571428571428, 1.0]"
53,2020-07-07,20200707KTHT0,"[0, 0, 6.023076923076923, 1.4538461538461538, 1.6666666666666667, 5.416666666666667]","[0, 0, 5.4, 2.0, 1.5, 1.6666666666666667]","[0, 0, 4.636363636363637, 1.3484848484848484, 2.7222222222222223, 6.0]","[0, 0, 0, 0, 0, 0]","[0, 0, 9.0, 2.0, 4, 0.75]","[0, 0, 0, 0, 0, 0]","[0, 1, 2.3142857142857145, 1.2857142857142858, 0.8333333333333334, 0.9722222222222222]","[0, 0, 0, 0, 0, 0]","[0, 0, 5.785714285714286, 1.7755102040816328, 2.375, 2.333333333333333]","[0, 0, 0, 0, 0, 0]","[0, 0, 0, 0, 0, 0]","[0, 0, 2.67032967032967, 1.054945054945055, 2.75, 1.0459770114942528]","[0, 0, 6.051724137931035, 1.7068965517241381, 2.3333333333333335, 0.9666666666666666]","[1, 0, 3.6610169491525424, 1.4406779661016949, 1.3076923076923077, 5.9]","[0, 0, 0, 0, 0, 0]","[0, 0, 0, 0, 0, 0]","[0, 0, 0, 0, 0, 0]","[0, 0, 0, 0, 0, 0]","[0, 0, 7.875000000000001, 1.625, 4.0, 1.1428571428571428]","[0, 0, 3.552631578947368, 1.4210526315789473, 1.0, 4.222222222222222]","[0, 0, 0, 0, 0, 0]","[0, 0, 7.826086956521739, 1.826086956521739, 0.875, 4.6]","[0, 0, 4.752, 1.224, 2.909090909090909, 5.952380952380952]","[0, 0, 0, 0, 0, 0]","[0, 0, 5.869565217391304, 1.434782608695652, 3.5, 0.8518518518518519]","[0, 0, 36.0, 5.0, 1, 1.0]","[0, 0, 4.5, 2.0, 1.0, 2.0]","[0, 0, 0.0, 1.0, 1.0, 1.0]","[0, 0, 0.0, 1.0, 2, 1.0]","[0, 1, 8.181818181818182, 1.9090909090909092, 1.0, 0.9166666666666666]","[0, 1, 4.5, 1.25, 0.0, 1.1428571428571428]","[0, 0, 3.375, 0.9166666666666666, 1.75, 1.1428571428571428]","[0, 0, 3.176470588235294, 1.0588235294117647, 1.2, 0.8717948717948718]","[0, 0, 4.0, 1.2222222222222223, 1.1428571428571428, 1.0]"
54,2020-07-08,20200708KTHT0,"[0, 0, 6.023076923076923, 1.4538461538461538, 1.6666666666666667, 5.416666666666667]","[0, 0, 5.4, 2.0, 1.5, 1.6666666666666667]","[1, 0, 4.315068493150685, 1.3287671232876712, 2.8, 6.083333333333333]","[0, 0, 0, 0, 0, 0]","[0, 0, 9.0, 2.0, 4, 0.75]","[0, 0, 0, 0, 0, 0]","[0, 0, 2.3142857142857145, 1.2857142857142858, 0.8333333333333334, 0.9722222222222222]","[0, 0, 0, 0, 0, 0]","[0, 0, 5.785714285714286, 1.7755102040816328, 2.375, 2.333333333333333]","[0, 0, 0, 0, 0, 0]","[0, 0, 0, 0, 0, 0]","[0, 1, 2.6129032258064515, 1.064516129032258, 3.0, 1.0333333333333334]","[0, 1, 6.532258064516129, 1.7419354838709677, 2.8333333333333335, 0.9841269841269842]","[0, 0, 3.6610169491525424, 1.4406779661016949, 1.3076923076923077, 5.9]","[0, 0, 0, 0, 0, 0]","[0, 0, 0, 0, 0, 0]","[0, 0, 0, 0, 0, 0]","[0, 0, 0, 0, 0, 0]","[0, 0, 7.875000000000001, 1.625, 4.0, 1.1428571428571428]","[0, 0, 3.552631578947368, 1.4210526315789473, 1.0, 4.222222222222222]","[0, 0, 0, 0, 0, 0]","[0, 0, 7.826086956521739, 1.826086956521739, 0.875, 4.6]","[0, 0, 4.752, 1.224, 2.909090909090909, 5.952380952380952]","[0, 0, 0, 0, 0, 0]","[0, 0, 5.869565217391304, 1.434782608695652, 3.5, 0.8518518518518519]","[0, 0, 36.0, 5.0, 1, 1.0]","[0, 0, 4.5, 2.0, 1.0, 2.0]","[0, 0, 0.0, 1.0, 1.0, 1.0]","[0, 0, 0.0, 1.0, 2, 1.0]","[0, 0, 8.181818181818182, 1.9090909090909092, 1.0, 0.9166666666666666]","[0, 0, 4.5, 1.25, 0.0, 1.1428571428571428]","[0, 0, 3.375, 0.9166666666666666, 1.75, 1.1428571428571428]","[0, 0, 3.176470588235294, 1.0588235294117647, 1.2, 0.8717948717948718]","[0, 0, 4.0, 1.2222222222222223, 1.1428571428571428, 1.0]"
55,2020-07-09,20200709KTHT0,"[0, 0, 6.023076923076923, 1.4538461538461538, 1.6666666666666667, 5.416666666666667]","[0, 0, 5.4, 2.0, 1.5, 1.6666666666666667]","[0, 0, 4.315068493150685, 1.3287671232876712, 2.8, 6.083333333333333]","[0, 0, 0, 0, 0, 0]","[0, 0, 9.0, 2.0, 4, 0.75]","[0, 0, 0, 0, 0, 0]","[0, 1, 2.131578947368421, 1.1842105263157896, 0.8333333333333334, 0.9743589743589743]","[0, 0, 0, 0, 0, 0]","[0, 0, 5.785714285714286, 1.7755102040816328, 2.375, 2.333333333333333]","[0, 0, 0, 0, 0, 0]","[0, 0, 0, 0, 0, 0]","[0, 0, 2.6129032258064515, 1.064516129032258, 3.0, 1.0333333333333334]","[0, 0, 6.532258064516129, 1.7419354838709677, 2.8333333333333335, 0.9841269841269842]","[0, 0, 3.6610169491525424, 1.4406779661016949, 1.3076923076923077, 5.9]","[0, 0, 0, 0, 0, 0]","[0, 0, 0, 0, 0, 0]","[0, 0, 0, 0, 0, 0]","[0, 0, 0, 0, 0, 0]","[0, 0, 7.875000000000001, 1.625, 4.0, 1.1428571428571428]","[1, 0, 4.0754716981132075, 1.3018867924528301, 1.3333333333333333, 4.416666666666667]","[0, 0, 0, 0, 0, 0]","[0, 0, 7.826086956521739, 1.826086956521739, 0.875, 4.6]","[0, 0, 4.752, 1.224, 2.909090909090909, 5.952380952380952]","[0, 0, 0, 0, 0, 0]","[0, 0, 5.869565217391304, 1.434782608695652, 3.5, 0.8518518518518519]","[0, 0, 36.0, 5.0, 1, 1.0]","[0, 0, 4.5, 2.0, 1.0, 2.0]","[0, 0, 0.0, 1.0, 1.0, 1.0]","[0, 0, 0.0, 1.0, 2, 1.0]","[0, 0, 8.181818181818182, 1.9090909090909092, 1.0, 0.9166666666666666]","[0, 1, 4.0, 1.1111111111111112, 0.0, 1.125]","[0, 0, 3.375, 0.9166666666666666, 1.75, 1.1428571428571428]","[0, 1, 3.9705882352941178, 1.1470588235294117, 1.2, 0.8095238095238095]","[0, 0, 4.0, 1.2222222222222223, 1.1428571428571428, 1.0]"
56,2020-07-10,20200710SSKT0,"[0, 0, 6.023076923076923, 1.4538461538461538, 1.6666666666666667, 5.416666666666667]","[0, 0, 5.4, 2.0, 1.5, 1.6666666666666667]","[0, 0, 4.315068493150685, 1.3287671232876712, 2.8, 6.083333333333333]","[0, 0, 0, 0, 0, 0]","[0, 0, 9.0, 2.0, 4, 0.75]","[0, 0, 0, 0, 0, 0]","[0, 0, 2.131578947368421, 1.1842105263157896, 0.8333333333333334, 0.9743589743589743]","[0, 0, 0, 0, 0, 0]","[0, 0, 5.785714285714286, 1.7755102040816328, 2.375, 2.333333333333333]","[0, 0, 0, 0, 0, 0]","[0, 0, 0, 0, 0, 0]","[0, 0, 2.6129032258064515, 1.064516129032258, 3.0, 1.0333333333333334]","[0, 0, 6.532258064516129, 1.7419354838709677, 2.8333333333333335, 0.9841269841269842]","[0, 0, 3.6610169491525424, 1.4406779661016949, 1.3076923076923077, 5.9]","[0, 0, 0, 0, 0, 0]","[0, 0, 0, 0, 0, 0]","[0, 0, 0, 0, 0, 0]","[0, 0, 0, 0, 0, 0]","[0, 0, 7.875000000000001, 1.625, 4.0, 1.1428571428571428]","[0, 0, 4.0754716981132075, 1.3018867924528301, 1.3333333333333333, 4.416666666666667]","[0, 0, 0, 0, 0, 0]","[0, 0, 7.826086956521739, 1.826086956521739, 0.875, 4.6]","[1, 0, 5.0625, 1.2291666666666667, 2.9166666666666665, 6.0]","[0, 0, 0, 0, 0, 0]","[0, 0, 5.869565217391304, 1.434782608695652, 3.5, 0.8518518518518519]","[0, 0, 36.0, 5.0, 1, 1.0]","[0, 0, 4.5, 2.0, 1.0, 2.0]","[0, 0, 0.0, 1.0, 1.0, 1.0]","[0, 1, 9.0, 2.0, 2.0, 1.0]","[0, 1, 7.5, 1.75, 1.0, 0.9230769230769231]","[0, 0, 4.0, 1.1111111111111112, 0.0, 1.125]","[0, 0, 3.375, 0.9166666666666666, 1.75, 1.1428571428571428]","[0, 1, 6.5675675675675675, 1.3783783783783783, 1.0, 0.8222222222222223]","[0, 0, 4.0, 1.2222222222222223, 1.1428571428571428, 1.0]"
57,2020-07-11,20200711SSKT0,"[1, 0, 6.6521739130434785, 1.5869565217391304, 1.6923076923076923, 5.111111111111111]","[0, 0, 5.4, 2.0, 1.5, 1.6666666666666667]","[0, 0, 4.315068493150685, 1.3287671232876712, 2.8, 6.083333333333333]","[0, 0, 0, 0, 0, 0]","[0, 0, 9.0, 2.0, 4, 0.75]","[0, 0, 0, 0, 0, 0]","[0, 0, 2.131578947368421, 1.1842105263157896, 0.8333333333333334, 0.9743589743589743]","[0, 0, 0, 0, 0, 0]","[0, 0, 5.785714285714286, 1.7755102040816328, 2.375, 2.333333333333333]","[0, 0, 0, 0, 0, 0]","[0, 0, 0, 0, 0, 0]","[0, 1, 2.8125, 1.0625, 3.0, 1.032258064516129]","[0, 1, 6.136363636363636, 1.6818181818181819, 3.3333333333333335, 1.0]","[0, 0, 3.6610169491525424, 1.4406779661016949, 1.3076923076923077, 5.9]","[0, 0, 0, 0, 0, 0]","[0, 0, 0, 0, 0, 0]","[0, 0, 0, 0, 0, 0]","[0, 0, 0, 0, 0, 0]","[0, 0, 7.875000000000001, 1.625, 4.0, 1.1428571428571428]","[0, 0, 4.0754716981132075, 1.3018867924528301, 1.3333333333333333, 4.416666666666667]","[0, 0, 0, 0, 0, 0]","[0, 0, 7.826086956521739, 1.826086956521739, 0.875, 4.6]","[0, 0, 5.0625, 1.2291666666666667, 2.9166666666666665, 6.0]","[0, 0, 0, 0, 0, 0]","[0, 0, 5.869565217391304, 1.434782608695652, 3.5, 0.8518518518518519]","[0, 0, 36.0, 5.0, 1, 1.0]","[0, 0, 4.5, 2.0, 1.0, 2.0]","[0, 0, 0.0, 1.0, 1.0, 1.0]","[0, 0, 9.0, 2.0, 2.0, 1.0]","[0, 0, 7.5, 1.75, 1.0, 0.9230769230769231]","[0, 0, 4.0, 1.1111111111111112, 0.0, 1.125]","[0, 1, 3.2399999999999998, 0.92, 2.0, 1.1363636363636365]","[0, 0, 6.5675675675675675, 1.3783783783783783, 1.0, 0.8222222222222223]","[0, 0, 4.0, 1.2222222222222223, 1.1428571428571428, 1.0]"
58,2020-07-14,20200714HHKT0,"[0, 0, 6.6521739130434785, 1.5869565217391304, 1.6923076923076923, 5.111111111111111]","[0, 0, 5.4, 2.0, 1.5, 1.6666666666666667]","[1, 0, 4.2928870292887025, 1.305439330543933, 3.1, 6.128205128205129]","[0, 0, 0, 0, 0, 0]","[0, 0, 9.0, 2.0, 4, 0.75]","[0, 0, 0, 0, 0, 0]","[0, 0, 2.131578947368421, 1.1842105263157896, 0.8333333333333334, 0.9743589743589743]","[0, 0, 0, 0, 0, 0]","[0, 0, 5.785714285714286, 1.7755102040816328, 2.375, 2.333333333333333]","[0, 0, 0, 0, 0, 0]","[0, 0, 0, 0, 0, 0]","[0, 0, 2.8125, 1.0625, 3.0, 1.032258064516129]","[0, 0, 6.136363636363636, 1.6818181818181819, 3.3333333333333335, 1.0]","[0, 0, 3.6610169491525424, 1.4406779661016949, 1.3076923076923077, 5.9]","[0, 0, 0, 0, 0, 0]","[0, 0, 0, 0, 0, 0]","[0, 0, 0, 0, 0, 0]","[0, 0, 0, 0, 0, 0]","[0, 0, 7.875000000000001, 1.625, 4.0, 1.1428571428571428]","[0, 0, 4.0754716981132075, 1.3018867924528301, 1.3333333333333333, 4.416666666666667]","[0, 0, 0, 0, 0, 0]","[0, 0, 7.826086956521739, 1.826086956521739, 0.875, 4.6]","[0, 0, 5.0625, 1.2291666666666667, 2.9166666666666665, 6.0]","[0, 0, 0, 0, 0, 0]","[0, 1, 5.625, 1.5, 3.5, 0.8]","[0, 0, 36.0, 5.0, 1, 1.0]","[0, 0, 4.5, 2.0, 1.0, 2.0]","[0, 0, 0.0, 1.0, 1.0, 1.0]","[0, 0, 9.0, 2.0, 2.0, 1.0]","[0, 0, 7.5, 1.75, 1.0, 0.9230769230769231]","[0, 1, 3.4838709677419355, 1.064516129032258, 0.5, 1.1481481481481481]","[0, 0, 3.2399999999999998, 0.92, 2.0, 1.1363636363636365]","[0, 0, 6.5675675675675675, 1.3783783783783783, 1.0, 0.8222222222222223]","[0, 0, 4.0, 1.2222222222222223, 1.1428571428571428, 1.0]"
59,2020-07-15,20200715HHKT0,"[0, 0, 6.6521739130434785, 1.5869565217391304, 1.6923076923076923, 5.111111111111111]","[0, 0, 5.4, 2.0, 1.5, 1.6666666666666667]","[0, 0, 4.2928870292887025, 1.305439330543933, 3.1, 6.128205128205129]","[0, 0, 0, 0, 0, 0]","[0, 0, 9.0, 2.0, 4, 0.75]","[0, 0, 0, 0, 0, 0]","[0, 1, 3.7674418604651163, 1.3953488372093024, 0.75, 1.023809523809524]","[0, 0, 0, 0, 0, 0]","[1, 0, 5.734513274336283, 1.8318584070796462, 1.6666666666666667, 2.511111111111111]","[0, 0, 0, 0, 0, 0]","[0, 0, 0, 0, 0, 0]","[0, 0, 2.8125, 1.0625, 3.0, 1.032258064516129]","[0, 0, 6.136363636363636, 1.6818181818181819, 3.3333333333333335, 1.0]","[0, 0, 3.6610169491525424, 1.4406779661016949, 1.3076923076923077, 5.9]","[0, 0, 0, 0, 0, 0]","[0, 0, 0, 0, 0, 0]","[0, 0, 0, 0, 0, 0]","[0, 0, 0, 0, 0, 0]","[0, 0, 7.875000000000001, 1.625, 4.0, 1.1428571428571428]","[0, 0, 4.0754716981132075, 1.3018867924528301, 1.3333333333333333, 4.416666666666667]","[0, 0, 0, 0, 0, 0]","[0, 0, 7.826086956521739, 1.826086956521739, 0.875, 4.6]","[0, 0, 5.0625, 1.2291666666666667, 2.9166666666666665, 6.0]","[0, 0, 0, 0, 0, 0]","[0, 0, 5.625, 1.5, 3.5, 0.8]","[0, 0, 36.0, 5.0, 1, 1.0]","[0, 0, 4.5, 2.0, 1.0, 2.0]","[0, 0, 0.0, 1.0, 1.0, 1.0]","[0, 0, 9.0, 2.0, 2.0, 1.0]","[0, 1, 6.428571428571428, 1.5714285714285714, 1.1666666666666667, 1.0]","[0, 0, 3.4838709677419355, 1.064516129032258, 0.5, 1.1481481481481481]","[0, 1, 3.8076923076923075, 0.9615384615384616, 2.0, 1.1304347826086956]","[0, 1, 6.230769230769231, 1.3076923076923077, 1.0, 0.8125]","[0, 0, 4.0, 1.2222222222222223, 1.1428571428571428, 1.0]"
60,2020-07-16,20200716HHKT0,"[0, 0, 6.6521739130434785, 1.5869565217391304, 1.6923076923076923, 5.111111111111111]","[0, 0, 5.4, 2.0, 1.5, 1.6666666666666667]","[0, 0, 4.2928870292887025, 1.305439330543933, 3.1, 6.128205128205129]","[0, 0, 0, 0, 0, 0]","[0, 0, 9.0, 2.0, 4, 0.75]","[0, 0, 0, 0, 0, 0]","[0, 0, 3.7674418604651163, 1.3953488372093024, 0.75, 1.023809523809524]","[0, 0, 0, 0, 0, 0]","[0, 0, 5.734513274336283, 1.8318584070796462, 1.6666666666666667, 2.511111111111111]","[0, 0, 0, 0, 0, 0]","[0, 0, 0, 0, 0, 0]","[0, 1, 3.306122448979592, 1.1020408163265307, 3.0, 1.0208333333333333]","[0, 1, 5.785714285714286, 1.6285714285714286, 3.6666666666666665, 1.0144927536231882]","[0, 0, 3.6610169491525424, 1.4406779661016949, 1.3076923076923077, 5.9]","[0, 0, 0, 0, 0, 0]","[0, 0, 0, 0, 0, 0]","[0, 0, 0, 0, 0, 0]","[0, 0, 0, 0, 0, 0]","[0, 0, 7.875000000000001, 1.625, 4.0, 1.1428571428571428]","[0, 0, 4.0754716981132075, 1.3018867924528301, 1.3333333333333333, 4.416666666666667]","[0, 0, 0, 0, 0, 0]","[0, 0, 7.826086956521739, 1.826086956521739, 0.875, 4.6]","[1, 0, 4.666666666666666, 1.2592592592592593, 2.5625, 6.0]","[0, 0, 0, 0, 0, 0]","[0, 0, 5.625, 1.5, 3.5, 0.8]","[0, 0, 36.0, 5.0, 1, 1.0]","[0, 0, 4.5, 2.0, 1.0, 2.0]","[0, 0, 0.0, 1.0, 1.0, 1.0]","[0, 0, 9.0, 2.0, 2.0, 1.0]","[0, 0, 6.428571428571428, 1.5714285714285714, 1.1666666666666667, 1.0]","[0, 0, 3.4838709677419355, 1.064516129032258, 0.5, 1.1481481481481481]","[0, 0, 3.8076923076923075, 0.9615384615384616, 2.0, 1.1304347826086956]","[0, 0, 6.230769230769231, 1.3076923076923077, 1.0, 0.8125]","[0, 0, 4.0, 1.2222222222222223, 1.1428571428571428, 1.0]"
61,2020-07-17,20200717KTNC0,"[1, 0, 6.230769230769231, 1.5384615384615385, 1.6, 5.2]","[0, 0, 5.4, 2.0, 1.5, 1.6666666666666667]","[0, 0, 4.2928870292887025, 1.305439330543933, 3.1, 6.128205128205129]","[0, 0, 0, 0, 0, 0]","[0, 0, 9.0, 2.0, 4, 0.75]","[0, 0, 0, 0, 0, 0]","[0, 1, 3.5217391304347827, 1.3043478260869565, 0.875, 1.0222222222222224]","[0, 0, 0, 0, 0, 0]","[0, 0, 5.734513274336283, 1.8318584070796462, 1.6666666666666667, 2.511111111111111]","[0, 0, 0, 0, 0, 0]","[0, 0, 0, 0, 0, 0]","[0, 1, 3.2079207920792077, 1.099009900990099, 3.0, 1.02020202020202]","[0, 1, 5.547945205479452, 1.5616438356164384, 3.8333333333333335, 1.0138888888888888]","[0, 0, 3.6610169491525424, 1.4406779661016949, 1.3076923076923077, 5.9]","[0, 0, 0, 0, 0, 0]","[0, 0, 0, 0, 0, 0]","[0, 0, 0, 0, 0, 0]","[0, 0, 0, 0, 0, 0]","[0, 0, 7.875000000000001, 1.625, 4.0, 1.1428571428571428]","[0, 0, 4.0754716981132075, 1.3018867924528301, 1.3333333333333333, 4.416666666666667]","[0, 0, 0, 0, 0, 0]","[0, 0, 7.826086956521739, 1.826086956521739, 0.875, 4.6]","[0, 0, 4.666666666666666, 1.2592592592592593, 2.5625, 6.0]","[0, 0, 0, 0, 0, 0]","[0, 0, 5.625, 1.5, 3.5, 0.8]","[0, 0, 36.0, 5.0, 1, 1.0]","[0, 0, 4.5, 2.0, 1.0, 2.0]","[0, 0, 0.0, 1.0, 1.0, 1.0]","[0, 0, 9.0, 2.0, 2.0, 1.0]","[0, 0, 6.428571428571428, 1.5714285714285714, 1.1666666666666667, 1.0]","[0, 1, 3.176470588235294, 1.0588235294117647, 0.6666666666666666, 1.1333333333333333]","[0, 1, 4.0, 1.0, 2.0, 1.125]","[0, 0, 6.230769230769231, 1.3076923076923077, 1.0, 0.8125]","[0, 0, 4.0, 1.2222222222222223, 1.1428571428571428, 1.0]"
62,2020-07-18,20200718KTNC0,"[0, 0, 6.230769230769231, 1.5384615384615385, 1.6, 5.2]","[0, 0, 5.4, 2.0, 1.5, 1.6666666666666667]","[0, 0, 4.2928870292887025, 1.305439330543933, 3.1, 6.128205128205129]","[0, 0, 0, 0, 0, 0]","[0, 0, 9.0, 2.0, 4, 0.75]","[0, 0, 0, 0, 0, 0]","[0, 0, 3.5217391304347827, 1.3043478260869565, 0.875, 1.0222222222222224]","[0, 0, 0, 0, 0, 0]","[0, 0, 5.734513274336283, 1.8318584070796462, 1.6666666666666667, 2.511111111111111]","[0, 0, 0, 0, 0, 0]","[0, 0, 0, 0, 0, 0]","[0, 0, 3.2079207920792077, 1.099009900990099, 3.0, 1.02020202020202]","[0, 0, 5.547945205479452, 1.5616438356164384, 3.8333333333333335, 1.0138888888888888]","[0, 0, 3.6610169491525424, 1.4406779661016949, 1.3076923076923077, 5.9]","[0, 0, 0, 0, 0, 0]","[0, 0, 0, 0, 0, 0]","[0, 0, 0, 0, 0, 0]","[0, 0, 0, 0, 0, 0]","[0, 0, 7.875000000000001, 1.625, 4.0, 1.1428571428571428]","[1, 0, 4.56923076923077, 1.4307692307692308, 1.0, 4.333333333333334]","[0, 0, 0, 0, 0, 0]","[0, 1, 9.616438356164384, 2.0136986301369864, 0.7142857142857143, 4.055555555555555]","[0, 0, 4.666666666666666, 1.2592592592592593, 2.5625, 6.0]","[0, 0, 0, 0, 0, 0]","[0, 1, 6.0, 1.4444444444444444, 4.0, 0.8181818181818182]","[0, 0, 36.0, 5.0, 1, 1.0]","[0, 0, 4.5, 2.0, 1.0, 2.0]","[0, 0, 0.0, 1.0, 1.0, 1.0]","[0, 0, 9.0, 2.0, 2.0, 1.0]","[0, 1, 6.0, 1.5333333333333334, 1.1428571428571428, 1.0]","[0, 0, 3.176470588235294, 1.0588235294117647, 0.6666666666666666, 1.1333333333333333]","[0, 0, 4.0, 1.0, 2.0, 1.125]","[0, 1, 5.785714285714286, 1.2857142857142858, 1.0, 0.8235294117647058]","[0, 0, 4.0, 1.2222222222222223, 1.1428571428571428, 1.0]"
63,2020-07-19,20200719KTNC0,"[0, 0, 6.230769230769231, 1.5384615384615385, 1.6, 5.2]","[0, 0, 5.4, 2.0, 1.5, 1.6666666666666667]","[1, 0, 4.05, 1.2923076923076922, 3.142857142857143, 6.190476190476191]","[0, 0, 0, 0, 0, 0]","[0, 0, 9.0, 2.0, 4, 0.75]","[0, 0, 0, 0, 0, 0]","[0, 1, 3.4468085106382977, 1.2765957446808511, 1.0, 0.9791666666666666]","[0, 0, 0, 0, 0, 0]","[0, 0, 5.734513274336283, 1.8318584070796462, 1.6666666666666667, 2.511111111111111]","[0, 0, 0, 0, 0, 0]","[0, 0, 0, 0, 0, 0]","[0, 0, 3.2079207920792077, 1.099009900990099, 3.0, 1.02020202020202]","[0, 0, 5.547945205479452, 1.5616438356164384, 3.8333333333333335, 1.0138888888888888]","[0, 0, 3.6610169491525424, 1.4406779661016949, 1.3076923076923077, 5.9]","[0, 0, 0, 0, 0, 0]","[0, 0, 0, 0, 0, 0]","[0, 0, 0, 0, 0, 0]","[0, 0, 0, 0, 0, 0]","[0, 0, 7.875000000000001, 1.625, 4.0, 1.1428571428571428]","[0, 0, 4.56923076923077, 1.4307692307692308, 1.0, 4.333333333333334]","[0, 0, 0, 0, 0, 0]","[0, 0, 9.616438356164384, 2.0136986301369864, 0.7142857142857143, 4.055555555555555]","[0, 0, 4.666666666666666, 1.2592592592592593, 2.5625, 6.0]","[0, 0, 0, 0, 0, 0]","[0, 1, 6.3, 1.5, 3.0, 0.8333333333333334]","[0, 0, 36.0, 5.0, 1, 1.0]","[0, 0, 4.5, 2.0, 1.0, 2.0]","[0, 0, 0.0, 1.0, 1.0, 1.0]","[0, 0, 9.0, 2.0, 2.0, 1.0]","[0, 0, 6.0, 1.5333333333333334, 1.1428571428571428, 1.0]","[0, 1, 2.7, 0.8999999999999999, 1.0, 1.2121212121212122]","[0, 1, 4.228915662650603, 1.0481927710843373, 2.0, 1.1066666666666667]","[0, 0, 5.785714285714286, 1.2857142857142858, 1.0, 0.8235294117647058]","[0, 0, 4.0, 1.2222222222222223, 1.1428571428571428, 1.0]"
