,date,game_key,제환유,플렉센,이주엽,조제영,최세창,홍건희,윤명준,이동원,이형범,함덕주,박종기,진재혁,이승진,채지선,이영하,김명신,문대원,최원준,박치국,김민규,박신지,김호준,알칸타라,전창민,이교훈,정현욱,권혁,김승회,장원준,이현승,이용찬,김강률,유희관
0,2020-05-05,20200505OBLG0,"[0, 0, 0, 0, 0, 0]","[0, 0, 0, 0, 0, 0]","[0, 0, 0, 0, 0, 0]","[0, 0, 0, 0, 0, 0]","[0, 0, 0, 0, 0, 0]","[0, 0, 0, 0, 0, 0]","[0, 0, 0, 0, 0, 0]","[0, 1, 0, 0, 0, 0]","[0, 0, 0, 0, 0, 0]","[0, 0, 0, 0, 0, 0]","[0, 0, 0, 0, 0, 0]","[0, 0, 0, 0, 0, 0]","[0, 0, 0, 0, 0, 0]","[0, 1, 0, 0, 0, 0]","[0, 0, 0, 0, 0, 0]","[0, 0, 0, 0, 0, 0]","[0, 0, 0, 0, 0, 0]","[0, 1, 0, 0, 0, 0]","[0, 0, 0, 0, 0, 0]","[0, 0, 0, 0, 0, 0]","[0, 0, 0, 0, 0, 0]","[0, 0, 0, 0, 0, 0]","[1, 0, 0, 0, 0, 0]","[0, 0, 0, 0, 0, 0]","[0, 0, 0, 0, 0, 0]","[0, 0, 0, 0, 0, 0]","[0, 0, 0, 0, 0, 0]","[0, 0, 0, 0, 0, 0]","[0, 0, 0, 0, 0, 0]","[0, 1, 0, 0, 0, 0]","[0, 0, 0, 0, 0, 0]","[0, 0, 0, 0, 0, 0]","[0, 0, 0, 0, 0, 0]"
1,2020-05-06,20200506OBLG0,"[0, 0, 0, 0, 0, 0]","[0, 0, 0, 0, 0, 0]","[0, 0, 0, 0, 0, 0]","[0, 0, 0, 0, 0, 0]","[0, 0, 0, 0, 0, 0]","[0, 0, 0, 0, 0, 0]","[0, 0, 0, 0, 0, 0]","[0, 0, 0, 0, 0, 0]","[0, 1, 0, 0, 0, 0]","[0, 1, 0, 0, 0, 0]","[0, 0, 0, 0, 0, 0]","[0, 0, 0, 0, 0, 0]","[0, 0, 0, 0, 0, 0]","[0, 0, 0, 0, 0, 0]","[1, 0, 0, 0, 0, 0]","[0, 0, 0, 0, 0, 0]","[0, 0, 0, 0, 0, 0]","[0, 0, 0, 0, 0, 0]","[0, 0, 0, 0, 0, 0]","[0, 0, 0, 0, 0, 0]","[0, 0, 0, 0, 0, 0]","[0, 0, 0, 0, 0, 0]","[0, 0, 0, 0, 0, 0]","[0, 0, 0, 0, 0, 0]","[0, 0, 0, 0, 0, 0]","[0, 0, 0, 0, 0, 0]","[0, 0, 0, 0, 0, 0]","[0, 0, 0, 0, 0, 0]","[0, 0, 0, 0, 0, 0]","[0, 0, 0, 0, 0, 0]","[0, 0, 0, 0, 0, 0]","[0, 0, 0, 0, 0, 0]","[0, 0, 0, 0, 0, 0]"
2,2020-05-07,20200507OBLG0,"[0, 0, 0, 0, 0, 0]","[1, 0, 0, 0, 0, 0]","[0, 0, 0, 0, 0, 0]","[0, 0, 0, 0, 0, 0]","[0, 0, 0, 0, 0, 0]","[0, 0, 0, 0, 0, 0]","[0, 1, 0, 0, 0, 0]","[0, 0, 0, 0, 0, 0]","[0, 0, 0, 0, 0, 0]","[0, 0, 0, 0, 0, 0]","[0, 0, 0, 0, 0, 0]","[0, 0, 0, 0, 0, 0]","[0, 0, 0, 0, 0, 0]","[0, 0, 0, 0, 0, 0]","[0, 0, 0, 0, 0, 0]","[0, 0, 0, 0, 0, 0]","[0, 0, 0, 0, 0, 0]","[0, 1, 6.75, 0.75, 2, 1.3333333333333333]","[0, 1, 0, 0, 0, 0]","[0, 0, 0, 0, 0, 0]","[0, 0, 0, 0, 0, 0]","[0, 0, 0, 0, 0, 0]","[0, 0, 0, 0, 0, 0]","[0, 0, 0, 0, 0, 0]","[0, 0, 0, 0, 0, 0]","[0, 0, 0, 0, 0, 0]","[0, 0, 0, 0, 0, 0]","[0, 0, 0, 0, 0, 0]","[0, 0, 0, 0, 0, 0]","[0, 1, 27.0, 6.0, 0, 0.3333333333333333]","[0, 0, 0, 0, 0, 0]","[0, 0, 0, 0, 0, 0]","[0, 0, 0, 0, 0, 0]"
3,2020-05-08,20200508KTOB0,"[0, 0, 0, 0, 0, 0]","[0, 0, 0, 0, 0, 0]","[0, 0, 0, 0, 0, 0]","[0, 0, 0, 0, 0, 0]","[0, 0, 0, 0, 0, 0]","[0, 0, 0, 0, 0, 0]","[0, 0, 0, 0, 0, 0]","[0, 0, 0, 0, 0, 0]","[0, 0, 0, 0, 0, 0]","[0, 0, 0, 0, 0, 0]","[0, 0, 0, 0, 0, 0]","[0, 0, 0, 0, 0, 0]","[0, 0, 0, 0, 0, 0]","[0, 0, 0, 0, 0, 0]","[0, 0, 0, 0, 0, 0]","[0, 0, 0, 0, 0, 0]","[0, 0, 0, 0, 0, 0]","[0, 1, 4.5, 0.5, 2, 1.0]","[0, 0, 0, 0, 0, 0]","[0, 0, 0, 0, 0, 0]","[0, 1, 0, 0, 0, 0]","[0, 0, 0, 0, 0, 0]","[0, 0, 0, 0, 0, 0]","[0, 0, 0, 0, 0, 0]","[0, 0, 0, 0, 0, 0]","[0, 0, 0, 0, 0, 0]","[0, 0, 0, 0, 0, 0]","[0, 0, 0, 0, 0, 0]","[0, 0, 0, 0, 0, 0]","[0, 0, 27.0, 6.0, 0, 0.3333333333333333]","[0, 0, 0, 0, 0, 0]","[0, 0, 0, 0, 0, 0]","[1, 0, 0, 0, 0, 0]"
4,2020-05-10,20200510KTOB0,"[0, 0, 0, 0, 0, 0]","[0, 0, 0, 0, 0, 0]","[0, 0, 0, 0, 0, 0]","[0, 0, 0, 0, 0, 0]","[0, 0, 0, 0, 0, 0]","[0, 0, 0, 0, 0, 0]","[0, 1, 0.0, 0.0, 0, 1.0]","[0, 0, 0, 0, 0, 0]","[0, 1, 0.0, 0.0, 2, 1.0]","[0, 1, 0.0, 0.6, 1, 1.6666666666666667]","[0, 0, 0, 0, 0, 0]","[0, 0, 0, 0, 0, 0]","[0, 0, 0, 0, 0, 0]","[0, 0, 0, 0, 0, 0]","[0, 0, 0, 0, 0, 0]","[0, 0, 0, 0, 0, 0]","[0, 0, 0, 0, 0, 0]","[0, 0, 4.5, 0.5, 2, 1.0]","[0, 1, 0.0, 0.0, 0, 1.0]","[0, 0, 0, 0, 0, 0]","[0, 0, 0, 0, 0, 0]","[0, 0, 0, 0, 0, 0]","[0, 0, 0, 0, 0, 0]","[0, 0, 0, 0, 0, 0]","[0, 0, 0, 0, 0, 0]","[0, 0, 0, 0, 0, 0]","[0, 0, 0, 0, 0, 0]","[0, 0, 0, 0, 0, 0]","[0, 0, 0, 0, 0, 0]","[0, 1, 13.5, 4.5, 1.0, 0.3333333333333333]","[1, 0, 0, 0, 0, 0]","[0, 0, 0, 0, 0, 0]","[0, 0, 0, 0, 0, 0]"
5,2020-05-12,20200512OBLT0,"[0, 0, 0, 0, 0, 0]","[0, 0, 0, 0, 0, 0]","[0, 0, 0, 0, 0, 0]","[0, 0, 0, 0, 0, 0]","[0, 0, 0, 0, 0, 0]","[0, 0, 0, 0, 0, 0]","[0, 1, 7.7142857142857135, 0.8571428571428571, 2, 1.1666666666666667]","[0, 0, 0, 0, 0, 0]","[0, 0, 0.0, 0.0, 2, 1.0]","[0, 1, 5.4, 1.7999999999999998, 1, 0.8333333333333334]","[0, 0, 0, 0, 0, 0]","[0, 0, 0, 0, 0, 0]","[0, 0, 0, 0, 0, 0]","[0, 0, 0, 0, 0, 0]","[0, 0, 0, 0, 0, 0]","[0, 0, 0, 0, 0, 0]","[0, 0, 0, 0, 0, 0]","[0, 0, 4.5, 0.5, 2, 1.0]","[0, 1, 0.0, 1.5, 0.0, 0.6666666666666666]","[0, 0, 0, 0, 0, 0]","[0, 0, 0, 0, 0, 0]","[0, 0, 0, 0, 0, 0]","[1, 0, 4.5, 1.3333333333333333, 1.5, 6.0]","[0, 0, 0, 0, 0, 0]","[0, 0, 0, 0, 0, 0]","[0, 0, 0, 0, 0, 0]","[0, 0, 0, 0, 0, 0]","[0, 0, 0, 0, 0, 0]","[0, 0, 0, 0, 0, 0]","[0, 0, 13.5, 4.5, 1.0, 0.3333333333333333]","[0, 0, 0, 0, 0, 0]","[0, 0, 0, 0, 0, 0]","[0, 0, 0, 0, 0, 0]"
6,2020-05-13,20200513OBLT0,"[0, 0, 0, 0, 0, 0]","[0, 0, 0, 0, 0, 0]","[0, 0, 0, 0, 0, 0]","[0, 0, 0, 0, 0, 0]","[0, 0, 0, 0, 0, 0]","[0, 0, 0, 0, 0, 0]","[0, 0, 7.7142857142857135, 0.8571428571428571, 2, 1.1666666666666667]","[0, 0, 0, 0, 0, 0]","[0, 1, 9.0, 1.6666666666666667, 2, 1.5]","[0, 1, 3.375, 1.125, 2, 0.8888888888888888]","[0, 0, 0, 0, 0, 0]","[0, 0, 0, 0, 0, 0]","[0, 0, 0, 0, 0, 0]","[0, 0, 0, 0, 0, 0]","[1, 0, 1.4210526315789473, 1.105263157894737, 1.5, 6.333333333333333]","[0, 0, 0, 0, 0, 0]","[0, 0, 0, 0, 0, 0]","[0, 1, 9.0, 1.6, 4.0, 1.6666666666666667]","[0, 0, 0.0, 1.5, 0.0, 0.6666666666666666]","[0, 0, 0, 0, 0, 0]","[0, 0, 0, 0, 0, 0]","[0, 0, 0, 0, 0, 0]","[0, 0, 4.5, 1.3333333333333333, 1.5, 6.0]","[0, 0, 0, 0, 0, 0]","[0, 0, 0, 0, 0, 0]","[0, 0, 0, 0, 0, 0]","[0, 0, 0, 0, 0, 0]","[0, 0, 0, 0, 0, 0]","[0, 0, 0, 0, 0, 0]","[0, 1, 4.5, 2.0, 0.5, 0.6666666666666666]","[0, 0, 0, 0, 0, 0]","[0, 0, 0, 0, 0, 0]","[0, 0, 0, 0, 0, 0]"
7,2020-05-14,20200514OBLT0,"[0, 0, 0, 0, 0, 0]","[1, 0, 4.5, 1.3333333333333333, 6.0, 6.0]","[0, 0, 0, 0, 0, 0]","[0, 0, 0, 0, 0, 0]","[0, 0, 0, 0, 0, 0]","[0, 0, 0, 0, 0, 0]","[0, 1, 6.230769230769231, 0.9230769230769231, 4, 1.4444444444444444]","[0, 0, 0, 0, 0, 0]","[0, 0, 9.0, 1.6666666666666667, 2, 1.5]","[0, 0, 3.375, 1.125, 2, 0.8888888888888888]","[0, 0, 0, 0, 0, 0]","[0, 0, 0, 0, 0, 0]","[0, 0, 0, 0, 0, 0]","[0, 0, 0, 0, 0, 0]","[0, 0, 1.4210526315789473, 1.105263157894737, 1.5, 6.333333333333333]","[0, 0, 0, 0, 0, 0]","[0, 0, 0, 0, 0, 0]","[0, 0, 9.0, 1.6, 4.0, 1.6666666666666667]","[0, 0, 0.0, 1.5, 0.0, 0.6666666666666666]","[0, 0, 0, 0, 0, 0]","[0, 0, 0, 0, 0, 0]","[0, 0, 0, 0, 0, 0]","[0, 0, 4.5, 1.3333333333333333, 1.5, 6.0]","[0, 0, 0, 0, 0, 0]","[0, 0, 0, 0, 0, 0]","[0, 0, 0, 0, 0, 0]","[0, 0, 0, 0, 0, 0]","[0, 0, 0, 0, 0, 0]","[0, 0, 0, 0, 0, 0]","[0, 1, 3.0, 2.0, 1.0, 0.75]","[0, 0, 0, 0, 0, 0]","[0, 0, 0, 0, 0, 0]","[0, 0, 0, 0, 0, 0]"
8,2020-05-15,20200515OBHT0,"[0, 0, 0, 0, 0, 0]","[0, 0, 4.5, 1.3333333333333333, 6.0, 6.0]","[0, 0, 0, 0, 0, 0]","[0, 0, 0, 0, 0, 0]","[0, 0, 0, 0, 0, 0]","[0, 0, 0, 0, 0, 0]","[0, 0, 6.230769230769231, 0.9230769230769231, 4, 1.4444444444444444]","[0, 0, 0, 0, 0, 0]","[0, 1, 10.8, 2.4, 2.0, 1.1111111111111112]","[0, 0, 3.375, 1.125, 2, 0.8888888888888888]","[0, 0, 0, 0, 0, 0]","[0, 0, 0, 0, 0, 0]","[0, 0, 0, 0, 0, 0]","[0, 0, 0, 0, 0, 0]","[0, 0, 1.4210526315789473, 1.105263157894737, 1.5, 6.333333333333333]","[0, 0, 0, 0, 0, 0]","[0, 0, 0, 0, 0, 0]","[0, 1, 11.8125, 1.875, 4.0, 1.3333333333333333]","[0, 1, 3.8571428571428568, 2.142857142857143, 0.0, 0.7777777777777778]","[0, 0, 0, 0, 0, 0]","[0, 0, 0, 0, 0, 0]","[0, 0, 0, 0, 0, 0]","[0, 0, 4.5, 1.3333333333333333, 1.5, 6.0]","[0, 0, 0, 0, 0, 0]","[0, 0, 0, 0, 0, 0]","[0, 0, 0, 0, 0, 0]","[0, 0, 0, 0, 0, 0]","[0, 0, 0, 0, 0, 0]","[0, 0, 0, 0, 0, 0]","[0, 0, 3.0, 2.0, 1.0, 0.75]","[0, 0, 0, 0, 0, 0]","[0, 0, 0, 0, 0, 0]","[1, 0, 11.25, 2.75, 2.0, 4.0]"
9,2020-05-16,20200516OBHT0,"[0, 0, 0, 0, 0, 0]","[0, 0, 4.5, 1.3333333333333333, 6.0, 6.0]","[0, 0, 0, 0, 0, 0]","[0, 0, 0, 0, 0, 0]","[0, 0, 0, 0, 0, 0]","[0, 0, 0, 0, 0, 0]","[0, 0, 6.230769230769231, 0.9230769230769231, 4, 1.4444444444444444]","[0, 0, 0, 0, 0, 0]","[0, 0, 10.8, 2.4, 2.0, 1.1111111111111112]","[0, 0, 3.375, 1.125, 2, 0.8888888888888888]","[0, 0, 0, 0, 0, 0]","[0, 0, 0, 0, 0, 0]","[0, 0, 0, 0, 0, 0]","[0, 0, 0, 0, 0, 0]","[0, 0, 1.4210526315789473, 1.105263157894737, 1.5, 6.333333333333333]","[0, 0, 0, 0, 0, 0]","[0, 0, 0, 0, 0, 0]","[0, 0, 11.8125, 1.875, 4.0, 1.3333333333333333]","[0, 1, 2.7, 2.1, 0.0, 0.8333333333333334]","[0, 0, 0, 0, 0, 0]","[0, 1, 13.5, 3.0, 3, 2.0]","[0, 0, 0, 0, 0, 0]","[0, 0, 4.5, 1.3333333333333333, 1.5, 6.0]","[0, 0, 0, 0, 0, 0]","[0, 0, 0, 0, 0, 0]","[0, 0, 0, 0, 0, 0]","[0, 1, 0, 0, 0, 0]","[0, 0, 0, 0, 0, 0]","[0, 0, 0, 0, 0, 0]","[0, 0, 3.0, 2.0, 1.0, 0.75]","[1, 0, 9.0, 1.1666666666666667, 6.0, 6.0]","[0, 0, 0, 0, 0, 0]","[0, 0, 11.25, 2.75, 2.0, 4.0]"
10,2020-05-17,20200517OBHT0,"[0, 0, 0, 0, 0, 0]","[0, 0, 4.5, 1.3333333333333333, 6.0, 6.0]","[0, 0, 0, 0, 0, 0]","[0, 0, 0, 0, 0, 0]","[0, 0, 0, 0, 0, 0]","[0, 0, 0, 0, 0, 0]","[0, 1, 6.0, 1.1666666666666667, 5, 1.5]","[0, 0, 0, 0, 0, 0]","[0, 0, 10.8, 2.4, 2.0, 1.1111111111111112]","[0, 1, 6.75, 1.5, 1.5, 1.0]","[0, 0, 0, 0, 0, 0]","[0, 0, 0, 0, 0, 0]","[0, 0, 0, 0, 0, 0]","[0, 0, 0, 0, 0, 0]","[0, 0, 1.4210526315789473, 1.105263157894737, 1.5, 6.333333333333333]","[0, 0, 0, 0, 0, 0]","[0, 0, 0, 0, 0, 0]","[0, 0, 11.8125, 1.875, 4.0, 1.3333333333333333]","[0, 0, 2.7, 2.1, 0.0, 0.8333333333333334]","[0, 0, 0, 0, 0, 0]","[0, 0, 13.5, 3.0, 3, 2.0]","[0, 0, 0, 0, 0, 0]","[1, 0, 5.7272727272727275, 1.8181818181818181, 3.5, 5.5]","[0, 0, 0, 0, 0, 0]","[0, 0, 0, 0, 0, 0]","[0, 0, 0, 0, 0, 0]","[0, 0, 0, 0, 0, 0]","[0, 0, 0, 0, 0, 0]","[0, 0, 0, 0, 0, 0]","[0, 1, 4.153846153846154, 1.6153846153846154, 1.0, 0.8666666666666666]","[0, 0, 9.0, 1.1666666666666667, 6.0, 6.0]","[0, 0, 0, 0, 0, 0]","[0, 0, 11.25, 2.75, 2.0, 4.0]"
11,2020-05-19,20200519NCOB0,"[0, 0, 0, 0, 0, 0]","[0, 0, 4.5, 1.3333333333333333, 6.0, 6.0]","[0, 0, 0, 0, 0, 0]","[0, 0, 0, 0, 0, 0]","[0, 0, 0, 0, 0, 0]","[0, 0, 0, 0, 0, 0]","[0, 0, 6.0, 1.1666666666666667, 5, 1.5]","[0, 0, 0, 0, 0, 0]","[0, 1, 8.307692307692308, 1.8461538461538463, 2.0, 1.0833333333333333]","[0, 0, 6.75, 1.5, 1.5, 1.0]","[0, 0, 0, 0, 0, 0]","[0, 0, 0, 0, 0, 0]","[0, 0, 0, 0, 0, 0]","[0, 0, 0, 0, 0, 0]","[1, 0, 2.3823529411764706, 1.588235294117647, 0.75, 5.666666666666667]","[0, 0, 0, 0, 0, 0]","[0, 0, 0, 0, 0, 0]","[0, 1, 8.59090909090909, 1.6363636363636365, 5.0, 1.4666666666666666]","[0, 1, 5.0625, 2.4375, 0.2, 1.0666666666666667]","[0, 0, 0, 0, 0, 0]","[0, 0, 13.5, 3.0, 3, 2.0]","[0, 0, 0, 0, 0, 0]","[0, 0, 5.7272727272727275, 1.8181818181818181, 3.5, 5.5]","[0, 0, 0, 0, 0, 0]","[0, 0, 0, 0, 0, 0]","[0, 0, 0, 0, 0, 0]","[0, 1, 0.0, 1.0, 1, 1.0]","[0, 0, 0, 0, 0, 0]","[0, 0, 0, 0, 0, 0]","[0, 0, 4.153846153846154, 1.6153846153846154, 1.0, 0.8666666666666666]","[0, 0, 9.0, 1.1666666666666667, 6.0, 6.0]","[0, 0, 0, 0, 0, 0]","[0, 0, 11.25, 2.75, 2.0, 4.0]"
12,2020-05-20,20200520NCOB0,"[0, 0, 0, 0, 0, 0]","[1, 0, 3.75, 1.25, 6.0, 6.0]","[0, 0, 0, 0, 0, 0]","[0, 0, 0, 0, 0, 0]","[0, 0, 0, 0, 0, 0]","[0, 0, 0, 0, 0, 0]","[0, 1, 5.4, 1.3499999999999999, 5.0, 1.3333333333333335]","[0, 0, 0, 0, 0, 0]","[0, 0, 8.307692307692308, 1.8461538461538463, 2.0, 1.0833333333333333]","[0, 1, 6.230769230769231, 1.6153846153846154, 1.0, 0.8666666666666666]","[0, 0, 0, 0, 0, 0]","[0, 0, 0, 0, 0, 0]","[0, 0, 0, 0, 0, 0]","[0, 0, 0, 0, 0, 0]","[0, 0, 2.3823529411764706, 1.588235294117647, 0.75, 5.666666666666667]","[0, 0, 0, 0, 0, 0]","[0, 0, 0, 0, 0, 0]","[0, 0, 8.59090909090909, 1.6363636363636365, 5.0, 1.4666666666666666]","[0, 0, 5.0625, 2.4375, 0.2, 1.0666666666666667]","[0, 0, 0, 0, 0, 0]","[0, 0, 13.5, 3.0, 3, 2.0]","[0, 0, 0, 0, 0, 0]","[0, 0, 5.7272727272727275, 1.8181818181818181, 3.5, 5.5]","[0, 0, 0, 0, 0, 0]","[0, 0, 0, 0, 0, 0]","[0, 0, 0, 0, 0, 0]","[0, 0, 0.0, 1.0, 1, 1.0]","[0, 0, 0, 0, 0, 0]","[0, 0, 0, 0, 0, 0]","[0, 1, 5.0625, 1.875, 1.0, 0.8888888888888888]","[0, 0, 9.0, 1.1666666666666667, 6.0, 6.0]","[0, 0, 0, 0, 0, 0]","[0, 0, 11.25, 2.75, 2.0, 4.0]"
13,2020-05-21,20200521NCOB0,"[0, 0, 0, 0, 0, 0]","[0, 0, 3.75, 1.25, 6.0, 6.0]","[0, 0, 0, 0, 0, 0]","[0, 0, 0, 0, 0, 0]","[0, 0, 0, 0, 0, 0]","[0, 0, 0, 0, 0, 0]","[0, 1, 4.695652173913043, 1.1739130434782608, 5.0, 1.277777777777778]","[0, 0, 0, 0, 0, 0]","[0, 1, 7.2, 1.8, 2.0, 1.0]","[0, 0, 6.230769230769231, 1.6153846153846154, 1.0, 0.8666666666666666]","[0, 0, 0, 0, 0, 0]","[0, 0, 0, 0, 0, 0]","[0, 0, 0, 0, 0, 0]","[0, 0, 0, 0, 0, 0]","[0, 0, 2.3823529411764706, 1.588235294117647, 0.75, 5.666666666666667]","[0, 0, 0, 0, 0, 0]","[0, 0, 0, 0, 0, 0]","[0, 1, 6.75, 1.607142857142857, 3.0, 1.5555555555555556]","[0, 1, 3.6818181818181817, 2.0454545454545454, 0.5, 1.222222222222222]","[0, 0, 0, 0, 0, 0]","[0, 0, 13.5, 3.0, 3, 2.0]","[0, 0, 0, 0, 0, 0]","[0, 0, 5.7272727272727275, 1.8181818181818181, 3.5, 5.5]","[0, 0, 0, 0, 0, 0]","[0, 0, 0, 0, 0, 0]","[0, 0, 0, 0, 0, 0]","[0, 1, 6.75, 1.5, 1, 0.6666666666666666]","[0, 0, 0, 0, 0, 0]","[0, 0, 0, 0, 0, 0]","[0, 1, 4.263157894736842, 1.736842105263158, 1.75, 0.9047619047619048]","[0, 0, 9.0, 1.1666666666666667, 6.0, 6.0]","[0, 0, 0, 0, 0, 0]","[1, 0, 5.0, 2.111111111111111, 0.8, 4.5]"
14,2020-05-22,20200522OBSS0,"[0, 0, 0, 0, 0, 0]","[0, 0, 3.75, 1.25, 6.0, 6.0]","[0, 0, 0, 0, 0, 0]","[0, 0, 0, 0, 0, 0]","[0, 0, 0, 0, 0, 0]","[0, 0, 0, 0, 0, 0]","[0, 1, 5.4, 1.3199999999999998, 6.0, 1.1904761904761905]","[0, 0, 0, 0, 0, 0]","[0, 0, 7.2, 1.8, 2.0, 1.0]","[0, 1, 5.0625, 1.3125, 1.3333333333333333, 0.8888888888888888]","[0, 0, 0, 0, 0, 0]","[0, 0, 0, 0, 0, 0]","[0, 0, 0, 0, 0, 0]","[0, 0, 0, 0, 0, 0]","[0, 0, 2.3823529411764706, 1.588235294117647, 0.75, 5.666666666666667]","[0, 0, 0, 0, 0, 0]","[0, 0, 0, 0, 0, 0]","[0, 0, 6.75, 1.607142857142857, 3.0, 1.5555555555555556]","[0, 1, 3.6818181818181817, 2.181818181818182, 0.42857142857142855, 1.0476190476190477]","[0, 0, 0, 0, 0, 0]","[0, 0, 13.5, 3.0, 3, 2.0]","[0, 0, 0, 0, 0, 0]","[0, 0, 5.7272727272727275, 1.8181818181818181, 3.5, 5.5]","[0, 0, 0, 0, 0, 0]","[0, 0, 0, 0, 0, 0]","[0, 0, 0, 0, 0, 0]","[0, 1, 4.5, 1.0, 2, 0.6666666666666666]","[0, 0, 0, 0, 0, 0]","[0, 0, 0, 0, 0, 0]","[0, 0, 4.263157894736842, 1.736842105263158, 1.75, 0.9047619047619048]","[1, 0, 12.6, 1.7, 2.3333333333333335, 5.0]","[0, 0, 0, 0, 0, 0]","[0, 0, 5.0, 2.111111111111111, 0.8, 4.5]"
15,2020-05-23,20200523OBSS0,"[0, 0, 0, 0, 0, 0]","[0, 0, 3.75, 1.25, 6.0, 6.0]","[0, 0, 0, 0, 0, 0]","[0, 0, 0, 0, 0, 0]","[0, 0, 0, 0, 0, 0]","[0, 0, 0, 0, 0, 0]","[0, 0, 5.4, 1.3199999999999998, 6.0, 1.1904761904761905]","[0, 0, 0, 0, 0, 0]","[0, 0, 7.2, 1.8, 2.0, 1.0]","[0, 1, 3.8571428571428568, 1.0, 1.6666666666666667, 1.0]","[0, 0, 0, 0, 0, 0]","[0, 0, 0, 0, 0, 0]","[0, 0, 0, 0, 0, 0]","[0, 0, 0, 0, 0, 0]","[0, 0, 2.3823529411764706, 1.588235294117647, 0.75, 5.666666666666667]","[0, 0, 0, 0, 0, 0]","[0, 0, 0, 0, 0, 0]","[0, 1, 9.899999999999999, 1.9, 3.5, 1.4285714285714286]","[0, 0, 3.6818181818181817, 2.181818181818182, 0.42857142857142855, 1.0476190476190477]","[0, 0, 0, 0, 0, 0]","[0, 0, 13.5, 3.0, 3, 2.0]","[0, 0, 0, 0, 0, 0]","[1, 0, 4.0, 1.3888888888888888, 8.0, 6.0]","[0, 0, 0, 0, 0, 0]","[0, 0, 0, 0, 0, 0]","[0, 0, 0, 0, 0, 0]","[0, 0, 4.5, 1.0, 2, 0.6666666666666666]","[0, 0, 0, 0, 0, 0]","[0, 0, 0, 0, 0, 0]","[0, 1, 3.6818181818181817, 1.5, 1.75, 0.9166666666666666]","[0, 0, 12.6, 1.7, 2.3333333333333335, 5.0]","[0, 0, 0, 0, 0, 0]","[0, 0, 5.0, 2.111111111111111, 0.8, 4.5]"
16,2020-05-24,20200524OBSS0,"[0, 0, 0, 0, 0, 0]","[0, 0, 3.75, 1.25, 6.0, 6.0]","[0, 0, 0, 0, 0, 0]","[0, 0, 0, 0, 0, 0]","[0, 0, 0, 0, 0, 0]","[0, 0, 0, 0, 0, 0]","[0, 0, 5.4, 1.3199999999999998, 6.0, 1.1904761904761905]","[0, 0, 0, 0, 0, 0]","[0, 1, 16.2, 2.6, 1.0, 0.8333333333333334]","[0, 0, 3.8571428571428568, 1.0, 1.6666666666666667, 1.0]","[0, 0, 0, 0, 0, 0]","[0, 0, 0, 0, 0, 0]","[0, 0, 0, 0, 0, 0]","[0, 0, 0, 0, 0, 0]","[1, 0, 4.108695652173913, 1.7608695652173911, 1.0, 5.111111111111112]","[0, 0, 0, 0, 0, 0]","[0, 0, 0, 0, 0, 0]","[0, 1, 10.96875, 1.96875, 3.5, 1.3333333333333333]","[0, 1, 5.625, 2.25, 0.3333333333333333, 1.0]","[0, 1, 0, 0, 0, 0]","[0, 0, 13.5, 3.0, 3, 2.0]","[0, 0, 0, 0, 0, 0]","[0, 0, 4.0, 1.3888888888888888, 8.0, 6.0]","[0, 0, 0, 0, 0, 0]","[0, 0, 0, 0, 0, 0]","[0, 0, 0, 0, 0, 0]","[0, 0, 4.5, 1.0, 2, 0.6666666666666666]","[0, 0, 0, 0, 0, 0]","[0, 0, 0, 0, 0, 0]","[0, 0, 3.6818181818181817, 1.5, 1.75, 0.9166666666666666]","[0, 0, 12.6, 1.7, 2.3333333333333335, 5.0]","[0, 0, 0, 0, 0, 0]","[0, 0, 5.0, 2.111111111111111, 0.8, 4.5]"
17,2020-05-26,20200526SKOB0,"[0, 0, 0, 0, 0, 0]","[1, 0, 2.7, 1.05, 5.5, 6.666666666666667]","[0, 0, 0, 0, 0, 0]","[0, 0, 0, 0, 0, 0]","[0, 0, 0, 0, 0, 0]","[0, 0, 0, 0, 0, 0]","[0, 1, 6.230769230769231, 1.5, 6.0, 1.0833333333333333]","[0, 0, 0, 0, 0, 0]","[0, 0, 16.2, 2.6, 1.0, 0.8333333333333334]","[0, 0, 3.8571428571428568, 1.0, 1.6666666666666667, 1.0]","[0, 0, 0, 0, 0, 0]","[0, 0, 0, 0, 0, 0]","[0, 0, 0, 0, 0, 0]","[0, 0, 0, 0, 0, 0]","[0, 0, 4.108695652173913, 1.7608695652173911, 1.0, 5.111111111111112]","[0, 0, 0, 0, 0, 0]","[0, 0, 0, 0, 0, 0]","[0, 0, 10.96875, 1.96875, 3.5, 1.3333333333333333]","[0, 1, 5.0, 2.111111111111111, 0.4444444444444444, 1.0]","[0, 0, 0, 0, 0, 0]","[0, 0, 13.5, 3.0, 3, 2.0]","[0, 0, 0, 0, 0, 0]","[0, 0, 4.0, 1.3888888888888888, 8.0, 6.0]","[0, 0, 0, 0, 0, 0]","[0, 0, 0, 0, 0, 0]","[0, 0, 0, 0, 0, 0]","[0, 1, 3.375, 0.75, 3, 0.6666666666666666]","[0, 0, 0, 0, 0, 0]","[0, 0, 0, 0, 0, 0]","[0, 1, 3.1153846153846154, 1.3846153846153848, 1.6, 0.9629629629629629]","[0, 0, 12.6, 1.7, 2.3333333333333335, 5.0]","[0, 0, 0, 0, 0, 0]","[0, 0, 5.0, 2.111111111111111, 0.8, 4.5]"
18,2020-05-27,20200527SKOB0,"[0, 0, 0, 0, 0, 0]","[0, 0, 2.7, 1.05, 5.5, 6.666666666666667]","[0, 0, 0, 0, 0, 0]","[0, 0, 0, 0, 0, 0]","[0, 0, 0, 0, 0, 0]","[0, 0, 0, 0, 0, 0]","[0, 0, 6.230769230769231, 1.5, 6.0, 1.0833333333333333]","[0, 0, 0, 0, 0, 0]","[0, 0, 16.2, 2.6, 1.0, 0.8333333333333334]","[0, 1, 3.375, 1.125, 2.0, 1.0]","[0, 0, 0, 0, 0, 0]","[0, 0, 0, 0, 0, 0]","[0, 0, 0, 0, 0, 0]","[0, 0, 0, 0, 0, 0]","[0, 0, 4.108695652173913, 1.7608695652173911, 1.0, 5.111111111111112]","[0, 0, 0, 0, 0, 0]","[0, 0, 0, 0, 0, 0]","[0, 0, 10.96875, 1.96875, 3.5, 1.3333333333333333]","[0, 1, 4.655172413793104, 2.0689655172413794, 0.6666666666666666, 0.9666666666666666]","[0, 0, 0, 0, 0, 0]","[0, 0, 13.5, 3.0, 3, 2.0]","[0, 0, 0, 0, 0, 0]","[0, 0, 4.0, 1.3888888888888888, 8.0, 6.0]","[0, 0, 0, 0, 0, 0]","[0, 0, 0, 0, 0, 0]","[0, 0, 0, 0, 0, 0]","[0, 0, 3.375, 0.75, 3, 0.6666666666666666]","[0, 0, 0, 0, 0, 0]","[0, 0, 0, 0, 0, 0]","[0, 0, 3.1153846153846154, 1.3846153846153848, 1.6, 0.9629629629629629]","[0, 0, 12.6, 1.7, 2.3333333333333335, 5.0]","[0, 0, 0, 0, 0, 0]","[1, 0, 4.2, 2.0, 0.8333333333333334, 5.0]"
19,2020-05-28,20200528SKOB0,"[0, 0, 0, 0, 0, 0]","[0, 0, 2.7, 1.05, 5.5, 6.666666666666667]","[0, 0, 0, 0, 0, 0]","[0, 0, 0, 0, 0, 0]","[0, 0, 0, 0, 0, 0]","[0, 0, 0, 0, 0, 0]","[0, 0, 6.230769230769231, 1.5, 6.0, 1.0833333333333333]","[0, 0, 0, 0, 0, 0]","[0, 1, 13.5, 2.1666666666666665, 1.5, 0.8571428571428571]","[0, 0, 3.375, 1.125, 2.0, 1.0]","[0, 0, 0, 0, 0, 0]","[0, 0, 0, 0, 0, 0]","[0, 0, 0, 0, 0, 0]","[0, 0, 0, 0, 0, 0]","[0, 0, 4.108695652173913, 1.7608695652173911, 1.0, 5.111111111111112]","[0, 0, 0, 0, 0, 0]","[0, 0, 0, 0, 0, 0]","[0, 1, 10.028571428571428, 1.9714285714285715, 4.0, 1.2962962962962963]","[0, 0, 4.655172413793104, 2.0689655172413794, 0.6666666666666666, 0.9666666666666666]","[0, 0, 0, 0, 0, 0]","[0, 0, 13.5, 3.0, 3, 2.0]","[0, 0, 0, 0, 0, 0]","[0, 0, 4.0, 1.3888888888888888, 8.0, 6.0]","[0, 0, 0, 0, 0, 0]","[0, 0, 0, 0, 0, 0]","[0, 0, 0, 0, 0, 0]","[0, 1, 3.0, 0.6666666666666666, 3, 0.6]","[0, 0, 0, 0, 0, 0]","[0, 0, 0, 0, 0, 0]","[0, 0, 3.1153846153846154, 1.3846153846153848, 1.6, 0.9629629629629629]","[1, 0, 10.340425531914894, 1.8510638297872342, 1.8, 5.222222222222222]","[0, 0, 0, 0, 0, 0]","[0, 0, 4.2, 2.0, 0.8333333333333334, 5.0]"
20,2020-05-29,20200529LTOB0,"[0, 0, 0, 0, 0, 0]","[0, 0, 2.7, 1.05, 5.5, 6.666666666666667]","[0, 0, 0, 0, 0, 0]","[0, 0, 0, 0, 0, 0]","[0, 0, 0, 0, 0, 0]","[0, 0, 0, 0, 0, 0]","[0, 1, 5.586206896551724, 1.3448275862068966, 6.0, 1.074074074074074]","[0, 0, 0, 0, 0, 0]","[0, 0, 13.5, 2.1666666666666665, 1.5, 0.8571428571428571]","[0, 1, 2.7, 1.0, 2.3333333333333335, 1.1111111111111112]","[0, 0, 0, 0, 0, 0]","[0, 0, 0, 0, 0, 0]","[0, 0, 0, 0, 0, 0]","[0, 0, 0, 0, 0, 0]","[0, 0, 4.108695652173913, 1.7608695652173911, 1.0, 5.111111111111112]","[0, 0, 0, 0, 0, 0]","[0, 0, 0, 0, 0, 0]","[0, 0, 10.028571428571428, 1.9714285714285715, 4.0, 1.2962962962962963]","[0, 0, 4.655172413793104, 2.0689655172413794, 0.6666666666666666, 0.9666666666666666]","[0, 0, 0, 0, 0, 0]","[0, 0, 13.5, 3.0, 3, 2.0]","[0, 0, 0, 0, 0, 0]","[1, 0, 4.125, 1.3333333333333333, 6.333333333333333, 6.0]","[0, 0, 0, 0, 0, 0]","[0, 0, 0, 0, 0, 0]","[0, 0, 0, 0, 0, 0]","[0, 0, 3.0, 0.6666666666666666, 3, 0.6]","[0, 0, 0, 0, 0, 0]","[0, 0, 0, 0, 0, 0]","[0, 1, 3.7241379310344827, 1.4482758620689655, 1.8, 0.9666666666666666]","[0, 0, 10.340425531914894, 1.8510638297872342, 1.8, 5.222222222222222]","[0, 0, 0, 0, 0, 0]","[0, 0, 4.2, 2.0, 0.8333333333333334, 5.0]"
21,2020-05-30,20200530LTOB0,"[0, 0, 0, 0, 0, 0]","[0, 0, 2.7, 1.05, 5.5, 6.666666666666667]","[0, 0, 0, 0, 0, 0]","[0, 0, 0, 0, 0, 0]","[0, 0, 0, 0, 0, 0]","[0, 0, 0, 0, 0, 0]","[0, 1, 5.0625, 1.21875, 8.0, 1.0666666666666667]","[0, 0, 0, 0, 0, 0]","[0, 1, 11.739130434782608, 2.0869565217391304, 1.0, 0.9583333333333334]","[0, 1, 2.4545454545454546, 0.9090909090909091, 2.3333333333333335, 1.1]","[0, 0, 0, 0, 0, 0]","[0, 0, 0, 0, 0, 0]","[0, 0, 0, 0, 0, 0]","[0, 0, 0, 0, 0, 0]","[1, 0, 5.754098360655737, 1.9672131147540985, 0.9375, 5.083333333333333]","[0, 0, 0, 0, 0, 0]","[0, 0, 0, 0, 0, 0]","[0, 0, 10.028571428571428, 1.9714285714285715, 4.0, 1.2962962962962963]","[0, 0, 4.655172413793104, 2.0689655172413794, 0.6666666666666666, 0.9666666666666666]","[0, 0, 0, 0, 0, 0]","[0, 0, 13.5, 3.0, 3, 2.0]","[0, 0, 0, 0, 0, 0]","[0, 0, 4.125, 1.3333333333333333, 6.333333333333333, 6.0]","[0, 0, 0, 0, 0, 0]","[0, 0, 0, 0, 0, 0]","[0, 0, 0, 0, 0, 0]","[0, 1, 8.1, 1.2, 3.0, 0.5555555555555556]","[0, 0, 0, 0, 0, 0]","[0, 0, 0, 0, 0, 0]","[0, 1, 3.375, 1.40625, 2.0, 0.9696969696969696]","[0, 0, 10.340425531914894, 1.8510638297872342, 1.8, 5.222222222222222]","[0, 0, 0, 0, 0, 0]","[0, 0, 4.2, 2.0, 0.8333333333333334, 5.0]"
22,2020-05-31,20200531LTOB0,"[0, 0, 0, 0, 0, 0]","[1, 0, 3.1153846153846154, 1.1153846153846154, 3.25, 6.5]","[0, 0, 0, 0, 0, 0]","[0, 0, 0, 0, 0, 0]","[0, 0, 0, 0, 0, 0]","[0, 0, 0, 0, 0, 0]","[0, 0, 5.0625, 1.21875, 8.0, 1.0666666666666667]","[0, 0, 0, 0, 0, 0]","[0, 1, 11.25, 2.125, 0.75, 0.8888888888888888]","[0, 0, 2.4545454545454546, 0.9090909090909091, 2.3333333333333335, 1.1]","[0, 0, 0, 0, 0, 0]","[0, 0, 0, 0, 0, 0]","[0, 0, 0, 0, 0, 0]","[0, 0, 0, 0, 0, 0]","[0, 0, 5.754098360655737, 1.9672131147540985, 0.9375, 5.083333333333333]","[0, 0, 0, 0, 0, 0]","[0, 1, 0, 0, 0, 0]","[0, 1, 9.236842105263158, 1.8157894736842106, 4.5, 1.2666666666666666]","[0, 1, 5.586206896551724, 2.2758620689655173, 0.6, 0.8787878787878788]","[0, 0, 0, 0, 0, 0]","[0, 0, 13.5, 3.0, 3, 2.0]","[0, 0, 0, 0, 0, 0]","[0, 0, 4.125, 1.3333333333333333, 6.333333333333333, 6.0]","[0, 0, 0, 0, 0, 0]","[0, 0, 0, 0, 0, 0]","[0, 0, 0, 0, 0, 0]","[0, 1, 6.75, 1.0, 3.0, 0.5714285714285714]","[0, 0, 0, 0, 0, 0]","[0, 0, 0, 0, 0, 0]","[0, 0, 3.375, 1.40625, 2.0, 0.9696969696969696]","[0, 0, 10.340425531914894, 1.8510638297872342, 1.8, 5.222222222222222]","[0, 0, 0, 0, 0, 0]","[0, 0, 4.2, 2.0, 0.8333333333333334, 5.0]"
23,2020-06-02,20200602OBKT0,"[0, 0, 0, 0, 0, 0]","[0, 0, 3.1153846153846154, 1.1153846153846154, 3.25, 6.5]","[0, 0, 0, 0, 0, 0]","[0, 0, 0, 0, 0, 0]","[0, 0, 0, 0, 0, 0]","[0, 0, 0, 0, 0, 0]","[0, 1, 5.7272727272727275, 1.2727272727272727, 8.0, 1.0]","[0, 0, 0, 0, 0, 0]","[0, 0, 11.25, 2.125, 0.75, 0.8888888888888888]","[0, 1, 2.131578947368421, 0.9473684210526316, 2.6666666666666665, 1.1515151515151514]","[0, 0, 0, 0, 0, 0]","[0, 0, 0, 0, 0, 0]","[0, 0, 0, 0, 0, 0]","[0, 0, 0, 0, 0, 0]","[0, 0, 5.754098360655737, 1.9672131147540985, 0.9375, 5.083333333333333]","[0, 0, 0, 0, 0, 0]","[0, 0, 0, 0, 0, 0]","[0, 1, 8.162790697674419, 1.6046511627906976, 5.5, 1.303030303030303]","[0, 0, 5.586206896551724, 2.2758620689655173, 0.6, 0.8787878787878788]","[0, 0, 0, 0, 0, 0]","[0, 0, 13.5, 3.0, 3, 2.0]","[0, 0, 0, 0, 0, 0]","[0, 0, 4.125, 1.3333333333333333, 6.333333333333333, 6.0]","[0, 0, 0, 0, 0, 0]","[0, 0, 0, 0, 0, 0]","[0, 0, 0, 0, 0, 0]","[0, 0, 6.75, 1.0, 3.0, 0.5714285714285714]","[0, 0, 0, 0, 0, 0]","[0, 0, 0, 0, 0, 0]","[0, 1, 3.272727272727273, 1.3636363636363635, 2.0, 0.9166666666666666]","[0, 0, 10.340425531914894, 1.8510638297872342, 1.8, 5.222222222222222]","[0, 0, 0, 0, 0, 0]","[1, 0, 3.272727272727273, 1.7272727272727273, 1.0, 5.5]"
24,2020-06-03,20200603OBKT0,"[0, 0, 0, 0, 0, 0]","[0, 0, 3.1153846153846154, 1.1153846153846154, 3.25, 6.5]","[0, 0, 0, 0, 0, 0]","[0, 0, 0, 0, 0, 0]","[0, 0, 0, 0, 0, 0]","[0, 0, 0, 0, 0, 0]","[0, 0, 5.7272727272727275, 1.2727272727272727, 8.0, 1.0]","[0, 0, 0, 0, 0, 0]","[0, 0, 11.25, 2.125, 0.75, 0.8888888888888888]","[0, 0, 2.131578947368421, 0.9473684210526316, 2.6666666666666665, 1.1515151515151514]","[0, 0, 0, 0, 0, 0]","[0, 0, 0, 0, 0, 0]","[0, 1, 0, 0, 0, 0]","[0, 0, 0, 0, 0, 0]","[0, 0, 5.754098360655737, 1.9672131147540985, 0.9375, 5.083333333333333]","[0, 0, 0, 0, 0, 0]","[0, 1, 0.0, 1.5, 0, 0.6666666666666666]","[0, 0, 8.162790697674419, 1.6046511627906976, 5.5, 1.303030303030303]","[0, 0, 5.586206896551724, 2.2758620689655173, 0.6, 0.8787878787878788]","[0, 0, 0, 0, 0, 0]","[0, 0, 13.5, 3.0, 3, 2.0]","[0, 0, 0, 0, 0, 0]","[0, 0, 4.125, 1.3333333333333333, 6.333333333333333, 6.0]","[0, 0, 0, 0, 0, 0]","[0, 0, 0, 0, 0, 0]","[0, 0, 0, 0, 0, 0]","[0, 0, 6.75, 1.0, 3.0, 0.5714285714285714]","[0, 0, 0, 0, 0, 0]","[0, 0, 0, 0, 0, 0]","[0, 0, 3.272727272727273, 1.3636363636363635, 2.0, 0.9166666666666666]","[1, 0, 8.723076923076924, 1.7538461538461538, 2.0, 5.416666666666667]","[0, 0, 0, 0, 0, 0]","[0, 0, 3.272727272727273, 1.7272727272727273, 1.0, 5.5]"
25,2020-06-04,20200604OBKT0,"[0, 0, 0, 0, 0, 0]","[0, 0, 3.1153846153846154, 1.1153846153846154, 3.25, 6.5]","[0, 0, 0, 0, 0, 0]","[0, 0, 0, 0, 0, 0]","[0, 0, 0, 0, 0, 0]","[0, 0, 0, 0, 0, 0]","[0, 1, 6.942857142857142, 1.4571428571428573, 8.0, 0.9722222222222222]","[0, 0, 0, 0, 0, 0]","[0, 0, 11.25, 2.125, 0.75, 0.8888888888888888]","[0, 0, 2.131578947368421, 0.9473684210526316, 2.6666666666666665, 1.1515151515151514]","[0, 0, 0, 0, 0, 0]","[0, 0, 0, 0, 0, 0]","[0, 1, 0.0, 1.0, 0.0, 1.0]","[0, 0, 0, 0, 0, 0]","[0, 0, 5.754098360655737, 1.9672131147540985, 0.9375, 5.083333333333333]","[0, 0, 0, 0, 0, 0]","[0, 0, 0.0, 1.5, 0, 0.6666666666666666]","[0, 1, 7.630434782608695, 1.5652173913043477, 6.5, 1.277777777777778]","[0, 1, 4.263157894736842, 2.1315789473684212, 0.6153846153846154, 1.0555555555555556]","[0, 0, 0, 0, 0, 0]","[0, 0, 13.5, 3.0, 3, 2.0]","[0, 0, 0, 0, 0, 0]","[1, 0, 3.8999999999999995, 1.4666666666666666, 3.8333333333333335, 6.0]","[0, 0, 0, 0, 0, 0]","[0, 0, 0, 0, 0, 0]","[0, 0, 0, 0, 0, 0]","[0, 1, 9.642857142857142, 1.2857142857142856, 2.0, 0.5833333333333334]","[0, 0, 0, 0, 0, 0]","[0, 0, 0, 0, 0, 0]","[0, 0, 3.272727272727273, 1.3636363636363635, 2.0, 0.9166666666666666]","[0, 0, 8.723076923076924, 1.7538461538461538, 2.0, 5.416666666666667]","[0, 0, 0, 0, 0, 0]","[0, 0, 3.272727272727273, 1.7272727272727273, 1.0, 5.5]"
26,2020-06-05,20200605HTOB0,"[0, 0, 0, 0, 0, 0]","[0, 0, 3.1153846153846154, 1.1153846153846154, 3.25, 6.5]","[0, 0, 0, 0, 0, 0]","[0, 0, 0, 0, 0, 0]","[0, 0, 0, 0, 0, 0]","[0, 0, 0, 0, 0, 0]","[0, 1, 6.394736842105263, 1.4210526315789473, 4.0, 0.9743589743589743]","[0, 0, 0, 0, 0, 0]","[0, 0, 11.25, 2.125, 0.75, 0.8888888888888888]","[0, 1, 2.076923076923077, 0.9230769230769231, 3.3333333333333335, 1.0833333333333333]","[0, 0, 0, 0, 0, 0]","[0, 0, 0, 0, 0, 0]","[0, 0, 0.0, 1.0, 0.0, 1.0]","[0, 0, 0, 0, 0, 0]","[1, 0, 5.142857142857142, 1.8214285714285714, 0.8947368421052632, 5.6]","[0, 0, 0, 0, 0, 0]","[0, 0, 0.0, 1.5, 0, 0.6666666666666666]","[0, 0, 7.630434782608695, 1.5652173913043477, 6.5, 1.277777777777778]","[0, 1, 3.951219512195122, 2.048780487804878, 0.6153846153846154, 1.0512820512820513]","[0, 0, 0, 0, 0, 0]","[0, 0, 13.5, 3.0, 3, 2.0]","[0, 0, 0, 0, 0, 0]","[0, 0, 3.8999999999999995, 1.4666666666666666, 3.8333333333333335, 6.0]","[0, 0, 0, 0, 0, 0]","[0, 0, 0, 0, 0, 0]","[0, 0, 0, 0, 0, 0]","[0, 0, 9.642857142857142, 1.2857142857142856, 2.0, 0.5833333333333334]","[0, 0, 0, 0, 0, 0]","[0, 0, 0, 0, 0, 0]","[0, 1, 3.75, 1.5, 1.7142857142857142, 0.9230769230769231]","[0, 0, 8.723076923076924, 1.7538461538461538, 2.0, 5.416666666666667]","[0, 0, 0, 0, 0, 0]","[0, 0, 3.272727272727273, 1.7272727272727273, 1.0, 5.5]"
27,2020-06-06,20200606HTOB0,"[0, 0, 0, 0, 0, 0]","[1, 0, 2.6129032258064515, 1.1935483870967742, 2.1538461538461537, 6.2]","[0, 0, 0, 0, 0, 0]","[0, 0, 0, 0, 0, 0]","[0, 0, 0, 0, 0, 0]","[0, 0, 0, 0, 0, 0]","[0, 0, 6.394736842105263, 1.4210526315789473, 4.0, 0.9743589743589743]","[0, 0, 0, 0, 0, 0]","[0, 0, 11.25, 2.125, 0.75, 0.8888888888888888]","[0, 0, 2.076923076923077, 0.9230769230769231, 3.3333333333333335, 1.0833333333333333]","[0, 0, 0, 0, 0, 0]","[0, 0, 0, 0, 0, 0]","[0, 0, 0.0, 1.0, 0.0, 1.0]","[0, 0, 0, 0, 0, 0]","[0, 0, 5.142857142857142, 1.8214285714285714, 0.8947368421052632, 5.6]","[0, 0, 0, 0, 0, 0]","[0, 0, 0.0, 1.5, 0, 0.6666666666666666]","[0, 1, 7.163265306122449, 1.5918367346938778, 4.333333333333333, 1.2564102564102564]","[0, 1, 3.6818181818181817, 1.9772727272727273, 0.6923076923076923, 1.0476190476190477]","[0, 0, 0, 0, 0, 0]","[0, 0, 13.5, 3.0, 3, 2.0]","[0, 0, 0, 0, 0, 0]","[0, 0, 3.8999999999999995, 1.4666666666666666, 3.8333333333333335, 6.0]","[0, 0, 0, 0, 0, 0]","[0, 0, 0, 0, 0, 0]","[0, 0, 0, 0, 0, 0]","[0, 1, 7.9411764705882355, 1.2352941176470587, 2.5, 0.6296296296296297]","[0, 0, 0, 0, 0, 0]","[0, 0, 0, 0, 0, 0]","[0, 0, 3.75, 1.5, 1.7142857142857142, 0.9230769230769231]","[0, 0, 8.723076923076924, 1.7538461538461538, 2.0, 5.416666666666667]","[0, 0, 0, 0, 0, 0]","[0, 0, 3.272727272727273, 1.7272727272727273, 1.0, 5.5]"
28,2020-06-07,20200607HTOB0,"[0, 0, 0, 0, 0, 0]","[0, 0, 2.6129032258064515, 1.1935483870967742, 2.1538461538461537, 6.2]","[0, 0, 0, 0, 0, 0]","[0, 0, 0, 0, 0, 0]","[0, 0, 0, 0, 0, 0]","[0, 0, 0, 0, 0, 0]","[0, 1, 6.230769230769231, 1.4615384615384615, 4.0, 0.9285714285714286]","[0, 0, 0, 0, 0, 0]","[0, 0, 11.25, 2.125, 0.75, 0.8888888888888888]","[0, 1, 1.8409090909090908, 0.8181818181818182, 4.666666666666667, 1.1282051282051282]","[0, 0, 0, 0, 0, 0]","[0, 0, 0, 0, 0, 0]","[0, 0, 0.0, 1.0, 0.0, 1.0]","[0, 0, 0, 0, 0, 0]","[0, 0, 5.142857142857142, 1.8214285714285714, 0.8947368421052632, 5.6]","[0, 0, 0, 0, 0, 0]","[0, 0, 0.0, 1.5, 0, 0.6666666666666666]","[0, 0, 7.163265306122449, 1.5918367346938778, 4.333333333333333, 1.2564102564102564]","[0, 0, 3.6818181818181817, 1.9772727272727273, 0.6923076923076923, 1.0476190476190477]","[0, 0, 0, 0, 0, 0]","[0, 0, 13.5, 3.0, 3, 2.0]","[0, 0, 0, 0, 0, 0]","[0, 0, 3.8999999999999995, 1.4666666666666666, 3.8333333333333335, 6.0]","[0, 0, 0, 0, 0, 0]","[0, 0, 0, 0, 0, 0]","[0, 0, 0, 0, 0, 0]","[0, 1, 7.105263157894736, 1.105263157894737, 2.5, 0.6333333333333333]","[0, 0, 0, 0, 0, 0]","[0, 0, 0, 0, 0, 0]","[0, 0, 3.75, 1.5, 1.7142857142857142, 0.9230769230769231]","[0, 0, 8.723076923076924, 1.7538461538461538, 2.0, 5.416666666666667]","[0, 0, 0, 0, 0, 0]","[1, 0, 3.8571428571428568, 1.6428571428571428, 1.0909090909090908, 5.6]"
29,2020-06-09,20200609OBNC0,"[0, 0, 0, 0, 0, 0]","[0, 0, 2.6129032258064515, 1.1935483870967742, 2.1538461538461537, 6.2]","[0, 0, 0, 0, 0, 0]","[1, 0, 0, 0, 0, 0]","[0, 0, 0, 0, 0, 0]","[0, 0, 0, 0, 0, 0]","[0, 0, 6.230769230769231, 1.4615384615384615, 4.0, 0.9285714285714286]","[0, 0, 0, 0, 0, 0]","[0, 0, 11.25, 2.125, 0.75, 0.8888888888888888]","[0, 0, 1.8409090909090908, 0.8181818181818182, 4.666666666666667, 1.1282051282051282]","[0, 0, 0, 0, 0, 0]","[0, 0, 0, 0, 0, 0]","[0, 0, 0.0, 1.0, 0.0, 1.0]","[0, 1, 27.0, 6.0, 1.0, 0.3333333333333333]","[0, 0, 5.142857142857142, 1.8214285714285714, 0.8947368421052632, 5.6]","[0, 0, 0, 0, 0, 0]","[0, 1, 0.0, 2.25, 0, 1.3333333333333333]","[0, 1, 6.622641509433962, 1.471698113207547, 4.666666666666667, 1.261904761904762]","[0, 0, 3.6818181818181817, 1.9772727272727273, 0.6923076923076923, 1.0476190476190477]","[0, 0, 0, 0, 0, 0]","[0, 0, 13.5, 3.0, 3, 2.0]","[0, 0, 0, 0, 0, 0]","[0, 0, 3.8999999999999995, 1.4666666666666666, 3.8333333333333335, 6.0]","[0, 0, 0, 0, 0, 0]","[0, 0, 0, 0, 0, 0]","[0, 0, 0, 0, 0, 0]","[0, 1, 6.75, 1.2, 1.6666666666666667, 0.6060606060606061]","[0, 0, 0, 0, 0, 0]","[0, 0, 0, 0, 0, 0]","[0, 0, 3.75, 1.5, 1.7142857142857142, 0.9230769230769231]","[0, 0, 8.723076923076924, 1.7538461538461538, 2.0, 5.416666666666667]","[0, 1, 0, 0, 0, 0]","[0, 0, 3.8571428571428568, 1.6428571428571428, 1.0909090909090908, 5.6]"
30,2020-06-10,20200610OBNC0,"[0, 0, 0, 0, 0, 0]","[0, 0, 2.6129032258064515, 1.1935483870967742, 2.1538461538461537, 6.2]","[0, 0, 0, 0, 0, 0]","[0, 0, 0, 0, 0, 0]","[0, 0, 0, 0, 0, 0]","[0, 1, 0, 0, 0, 0]","[0, 0, 6.230769230769231, 1.4615384615384615, 4.0, 0.9285714285714286]","[0, 0, 0, 0, 0, 0]","[0, 0, 11.25, 2.125, 0.75, 0.8888888888888888]","[0, 0, 1.8409090909090908, 0.8181818181818182, 4.666666666666667, 1.1282051282051282]","[0, 0, 0, 0, 0, 0]","[0, 0, 0, 0, 0, 0]","[0, 0, 0.0, 1.0, 0.0, 1.0]","[0, 0, 27.0, 6.0, 1.0, 0.3333333333333333]","[0, 0, 5.142857142857142, 1.8214285714285714, 0.8947368421052632, 5.6]","[0, 0, 0, 0, 0, 0]","[0, 0, 0.0, 2.25, 0, 1.3333333333333333]","[0, 0, 6.622641509433962, 1.471698113207547, 4.666666666666667, 1.261904761904762]","[0, 1, 3.4468085106382977, 1.9148936170212767, 0.6428571428571429, 1.0444444444444445]","[0, 0, 0, 0, 0, 0]","[0, 0, 13.5, 3.0, 3, 2.0]","[0, 0, 0, 0, 0, 0]","[1, 0, 4.628571428571429, 1.4857142857142858, 3.4444444444444446, 5.833333333333333]","[0, 0, 0, 0, 0, 0]","[0, 0, 0, 0, 0, 0]","[0, 0, 0, 0, 0, 0]","[0, 0, 6.75, 1.2, 1.6666666666666667, 0.6060606060606061]","[0, 0, 0, 0, 0, 0]","[0, 0, 0, 0, 0, 0]","[0, 1, 3.75, 1.6666666666666667, 1.5, 0.8571428571428571]","[0, 0, 8.723076923076924, 1.7538461538461538, 2.0, 5.416666666666667]","[0, 0, 0, 0, 0, 0]","[0, 0, 3.8571428571428568, 1.6428571428571428, 1.0909090909090908, 5.6]"
31,2020-06-11,20200611OBNC0,"[0, 0, 0, 0, 0, 0]","[0, 0, 2.6129032258064515, 1.1935483870967742, 2.1538461538461537, 6.2]","[0, 0, 0, 0, 0, 0]","[0, 0, 0, 0, 0, 0]","[0, 0, 0, 0, 0, 0]","[0, 0, 0, 0, 0, 0]","[0, 1, 5.785714285714286, 1.4285714285714286, 4.5, 0.9333333333333333]","[0, 0, 0, 0, 0, 0]","[0, 0, 11.25, 2.125, 0.75, 0.8888888888888888]","[0, 0, 1.8409090909090908, 0.8181818181818182, 4.666666666666667, 1.1282051282051282]","[0, 0, 0, 0, 0, 0]","[0, 0, 0, 0, 0, 0]","[0, 0, 0.0, 1.0, 0.0, 1.0]","[0, 1, 6.75, 2.25, 3.0, 0.6666666666666666]","[1, 0, 4.235294117647059, 1.6764705882352942, 1.0434782608695652, 5.666666666666667]","[0, 0, 0, 0, 0, 0]","[0, 0, 0.0, 2.25, 0, 1.3333333333333333]","[0, 0, 6.622641509433962, 1.471698113207547, 4.666666666666667, 1.261904761904762]","[0, 0, 3.4468085106382977, 1.9148936170212767, 0.6428571428571429, 1.0444444444444445]","[0, 0, 0, 0, 0, 0]","[0, 0, 13.5, 3.0, 3, 2.0]","[0, 0, 0, 0, 0, 0]","[0, 0, 4.628571428571429, 1.4857142857142858, 3.4444444444444446, 5.833333333333333]","[0, 0, 0, 0, 0, 0]","[0, 0, 0, 0, 0, 0]","[0, 0, 0, 0, 0, 0]","[0, 0, 6.75, 1.2, 1.6666666666666667, 0.6060606060606061]","[0, 0, 0, 0, 0, 0]","[0, 0, 0, 0, 0, 0]","[0, 0, 3.75, 1.6666666666666667, 1.5, 0.8571428571428571]","[0, 0, 8.723076923076924, 1.7538461538461538, 2.0, 5.416666666666667]","[0, 0, 0, 0, 0, 0]","[0, 0, 3.8571428571428568, 1.6428571428571428, 1.0909090909090908, 5.6]"
32,2020-06-12,20200612OBHH0,"[0, 0, 0, 0, 0, 0]","[0, 0, 2.6129032258064515, 1.1935483870967742, 2.1538461538461537, 6.2]","[0, 0, 0, 0, 0, 0]","[0, 0, 0, 0, 0, 0]","[0, 0, 0, 0, 0, 0]","[0, 1, 0.0, 0.0, 0, 1.0]","[0, 1, 5.4, 1.3333333333333333, 4.5, 0.9375]","[0, 0, 0, 0, 0, 0]","[0, 0, 11.25, 2.125, 0.75, 0.8888888888888888]","[0, 1, 1.7608695652173914, 0.8478260869565217, 3.5, 1.0952380952380953]","[0, 0, 0, 0, 0, 0]","[0, 0, 0, 0, 0, 0]","[0, 0, 0.0, 1.0, 0.0, 1.0]","[0, 0, 6.75, 2.25, 3.0, 0.6666666666666666]","[0, 0, 4.235294117647059, 1.6764705882352942, 1.0434782608695652, 5.666666666666667]","[0, 0, 0, 0, 0, 0]","[0, 0, 0.0, 2.25, 0, 1.3333333333333333]","[1, 0, 7.641509433962264, 1.5849056603773584, 4.666666666666667, 1.1777777777777778]","[0, 1, 3.2399999999999998, 1.7999999999999998, 0.7142857142857143, 1.0416666666666667]","[0, 0, 0, 0, 0, 0]","[0, 0, 13.5, 3.0, 3, 2.0]","[0, 0, 0, 0, 0, 0]","[0, 0, 4.628571428571429, 1.4857142857142858, 3.4444444444444446, 5.833333333333333]","[0, 0, 0, 0, 0, 0]","[0, 0, 0, 0, 0, 0]","[0, 0, 0, 0, 0, 0]","[0, 0, 6.75, 1.2, 1.6666666666666667, 0.6060606060606061]","[0, 0, 0, 0, 0, 0]","[0, 0, 0, 0, 0, 0]","[0, 1, 3.75, 1.75, 1.5, 0.8]","[0, 0, 8.723076923076924, 1.7538461538461538, 2.0, 5.416666666666667]","[0, 0, 0, 0, 0, 0]","[0, 0, 3.8571428571428568, 1.6428571428571428, 1.0909090909090908, 5.6]"
33,2020-06-13,20200613OBHH0,"[0, 0, 0, 0, 0, 0]","[0, 0, 2.6129032258064515, 1.1935483870967742, 2.1538461538461537, 6.2]","[0, 0, 0, 0, 0, 0]","[0, 0, 0, 0, 0, 0]","[0, 0, 0, 0, 0, 0]","[0, 1, 0.0, 0.5, 0.0, 1.0]","[0, 0, 5.4, 1.3333333333333333, 4.5, 0.9375]","[0, 0, 0, 0, 0, 0]","[0, 0, 11.25, 2.125, 0.75, 0.8888888888888888]","[0, 1, 2.25, 1.0, 2.8, 1.0666666666666667]","[0, 0, 0, 0, 0, 0]","[0, 0, 0, 0, 0, 0]","[0, 0, 0.0, 1.0, 0.0, 1.0]","[0, 0, 6.75, 2.25, 3.0, 0.6666666666666666]","[0, 0, 4.235294117647059, 1.6764705882352942, 1.0434782608695652, 5.666666666666667]","[0, 0, 0, 0, 0, 0]","[0, 0, 0.0, 2.25, 0, 1.3333333333333333]","[0, 0, 7.641509433962264, 1.5849056603773584, 4.666666666666667, 1.1777777777777778]","[0, 1, 3.056603773584906, 1.7547169811320753, 0.7142857142857143, 1.0392156862745099]","[0, 0, 0, 0, 0, 0]","[0, 0, 13.5, 3.0, 3, 2.0]","[0, 0, 0, 0, 0, 0]","[0, 0, 4.628571428571429, 1.4857142857142858, 3.4444444444444446, 5.833333333333333]","[0, 0, 0, 0, 0, 0]","[0, 0, 0, 0, 0, 0]","[0, 0, 0, 0, 0, 0]","[0, 0, 6.75, 1.2, 1.6666666666666667, 0.6060606060606061]","[0, 0, 0, 0, 0, 0]","[0, 0, 0, 0, 0, 0]","[0, 1, 3.4615384615384612, 1.6153846153846154, 1.75, 0.8125]","[0, 0, 8.723076923076924, 1.7538461538461538, 2.0, 5.416666666666667]","[0, 1, 0.0, 1.2, 2.0, 1.6666666666666667]","[1, 0, 3.6, 1.5714285714285714, 1.0, 5.833333333333333]"
34,2020-06-14,20200614OBHH0,"[0, 0, 0, 0, 0, 0]","[0, 0, 2.6129032258064515, 1.1935483870967742, 2.1538461538461537, 6.2]","[0, 0, 0, 0, 0, 0]","[0, 0, 0, 0, 0, 0]","[0, 0, 0, 0, 0, 0]","[0, 0, 0.0, 0.5, 0.0, 1.0]","[0, 1, 5.282608695652174, 1.3043478260869565, 4.5, 0.9019607843137255]","[0, 0, 0, 0, 0, 0]","[0, 0, 11.25, 2.125, 0.75, 0.8888888888888888]","[0, 0, 2.25, 1.0, 2.8, 1.0666666666666667]","[1, 0, 0, 0, 0, 0]","[0, 0, 0, 0, 0, 0]","[0, 0, 0.0, 1.0, 0.0, 1.0]","[0, 1, 3.375, 1.125, 5.0, 0.8888888888888888]","[0, 0, 4.235294117647059, 1.6764705882352942, 1.0434782608695652, 5.666666666666667]","[0, 0, 0, 0, 0, 0]","[0, 0, 0.0, 2.25, 0, 1.3333333333333333]","[0, 0, 7.641509433962264, 1.5849056603773584, 4.666666666666667, 1.1777777777777778]","[0, 0, 3.056603773584906, 1.7547169811320753, 0.7142857142857143, 1.0392156862745099]","[0, 0, 0, 0, 0, 0]","[0, 0, 13.5, 3.0, 3, 2.0]","[0, 0, 0, 0, 0, 0]","[0, 0, 4.628571428571429, 1.4857142857142858, 3.4444444444444446, 5.833333333333333]","[0, 0, 0, 0, 0, 0]","[0, 0, 0, 0, 0, 0]","[0, 0, 0, 0, 0, 0]","[0, 1, 9.0, 1.4285714285714286, 2.0, 0.5833333333333334]","[0, 0, 0, 0, 0, 0]","[0, 0, 0, 0, 0, 0]","[0, 0, 3.4615384615384612, 1.6153846153846154, 1.75, 0.8125]","[0, 0, 8.723076923076924, 1.7538461538461538, 2.0, 5.416666666666667]","[0, 1, 3.375, 1.5, 1.5, 1.3333333333333333]","[0, 0, 3.6, 1.5714285714285714, 1.0, 5.833333333333333]"
35,2020-06-16,20200616SSOB0,"[0, 0, 0, 0, 0, 0]","[0, 0, 2.6129032258064515, 1.1935483870967742, 2.1538461538461537, 6.2]","[0, 0, 0, 0, 0, 0]","[0, 0, 0, 0, 0, 0]","[0, 0, 0, 0, 0, 0]","[0, 0, 0.0, 0.5, 0.0, 1.0]","[0, 0, 5.282608695652174, 1.3043478260869565, 4.5, 0.9019607843137255]","[0, 0, 0, 0, 0, 0]","[0, 0, 11.25, 2.125, 0.75, 0.8888888888888888]","[0, 0, 2.25, 1.0, 2.8, 1.0666666666666667]","[0, 0, 0, 0, 0, 0]","[0, 0, 0, 0, 0, 0]","[0, 0, 0.0, 1.0, 0.0, 1.0]","[0, 0, 3.375, 1.125, 5.0, 0.8888888888888888]","[0, 0, 4.235294117647059, 1.6764705882352942, 1.0434782608695652, 5.666666666666667]","[0, 0, 0, 0, 0, 0]","[0, 0, 0.0, 2.25, 0, 1.3333333333333333]","[0, 0, 7.641509433962264, 1.5849056603773584, 4.666666666666667, 1.1777777777777778]","[0, 1, 3.789473684210526, 1.6842105263157894, 0.8, 1.0555555555555556]","[0, 0, 0, 0, 0, 0]","[0, 0, 13.5, 3.0, 3, 2.0]","[0, 0, 0, 0, 0, 0]","[1, 0, 4.071428571428571, 1.380952380952381, 3.888888888888889, 6.0]","[0, 0, 0, 0, 0, 0]","[0, 0, 0, 0, 0, 0]","[0, 0, 0, 0, 0, 0]","[0, 0, 9.0, 1.4285714285714286, 2.0, 0.5833333333333334]","[0, 0, 0, 0, 0, 0]","[0, 0, 0, 0, 0, 0]","[0, 1, 3.292682926829268, 1.7560975609756098, 1.6666666666666667, 0.8039215686274509]","[0, 0, 8.723076923076924, 1.7538461538461538, 2.0, 5.416666666666667]","[0, 1, 2.4545454545454546, 1.3636363636363638, 2.0, 1.222222222222222]","[0, 0, 3.6, 1.5714285714285714, 1.0, 5.833333333333333]"
36,2020-06-17,20200617SSOB0,"[0, 0, 0, 0, 0, 0]","[1, 0, 2.9189189189189193, 1.1891891891891893, 2.3076923076923075, 6.166666666666667]","[0, 0, 0, 0, 0, 0]","[0, 0, 0, 0, 0, 0]","[0, 0, 0, 0, 0, 0]","[0, 1, 1.8, 0.8, 2.0, 1.6666666666666667]","[0, 1, 4.959183673469388, 1.2857142857142858, 4.5, 0.9074074074074073]","[0, 0, 0, 0, 0, 0]","[0, 0, 11.25, 2.125, 0.75, 0.8888888888888888]","[0, 0, 2.25, 1.0, 2.8, 1.0666666666666667]","[0, 0, 0, 0, 0, 0]","[0, 0, 0, 0, 0, 0]","[0, 0, 0.0, 1.0, 0.0, 1.0]","[0, 1, 2.25, 1.0, 3.0, 1.0]","[0, 0, 4.235294117647059, 1.6764705882352942, 1.0434782608695652, 5.666666666666667]","[0, 0, 0, 0, 0, 0]","[0, 0, 0.0, 2.25, 0, 1.3333333333333333]","[0, 1, 5.955882352941177, 1.3676470588235294, 5.25, 1.4166666666666667]","[0, 0, 3.789473684210526, 1.6842105263157894, 0.8, 1.0555555555555556]","[0, 0, 0, 0, 0, 0]","[0, 0, 13.5, 3.0, 3, 2.0]","[0, 0, 0, 0, 0, 0]","[0, 0, 4.071428571428571, 1.380952380952381, 3.888888888888889, 6.0]","[0, 0, 0, 0, 0, 0]","[0, 0, 0, 0, 0, 0]","[0, 0, 0, 0, 0, 0]","[0, 0, 9.0, 1.4285714285714286, 2.0, 0.5833333333333334]","[0, 0, 0, 0, 0, 0]","[0, 0, 0, 0, 0, 0]","[0, 1, 3.214285714285714, 1.7857142857142858, 1.6666666666666667, 0.7777777777777778]","[0, 0, 8.723076923076924, 1.7538461538461538, 2.0, 5.416666666666667]","[0, 0, 2.4545454545454546, 1.3636363636363638, 2.0, 1.222222222222222]","[0, 0, 3.6, 1.5714285714285714, 1.0, 5.833333333333333]"
37,2020-06-18,20200618SSOB0,"[0, 0, 0, 0, 0, 0]","[0, 0, 2.9189189189189193, 1.1891891891891893, 2.3076923076923075, 6.166666666666667]","[0, 0, 0, 0, 0, 0]","[0, 0, 0, 0, 0, 0]","[0, 0, 0, 0, 0, 0]","[0, 0, 1.8, 0.8, 2.0, 1.6666666666666667]","[0, 0, 4.959183673469388, 1.2857142857142858, 4.5, 0.9074074074074073]","[0, 0, 0, 0, 0, 0]","[0, 0, 11.25, 2.125, 0.75, 0.8888888888888888]","[0, 1, 2.16, 1.0799999999999998, 2.3333333333333335, 1.0416666666666667]","[0, 0, 0, 0, 0, 0]","[0, 0, 0, 0, 0, 0]","[0, 0, 0.0, 1.0, 0.0, 1.0]","[0, 0, 2.25, 1.0, 3.0, 1.0]","[0, 0, 4.235294117647059, 1.6764705882352942, 1.0434782608695652, 5.666666666666667]","[0, 0, 0, 0, 0, 0]","[0, 0, 0.0, 2.25, 0, 1.3333333333333333]","[0, 0, 5.955882352941177, 1.3676470588235294, 5.25, 1.4166666666666667]","[0, 1, 3.4838709677419355, 1.5483870967741935, 1.0, 1.087719298245614]","[0, 0, 0, 0, 0, 0]","[0, 0, 13.5, 3.0, 3, 2.0]","[0, 0, 0, 0, 0, 0]","[0, 0, 4.071428571428571, 1.380952380952381, 3.888888888888889, 6.0]","[0, 0, 0, 0, 0, 0]","[0, 0, 0, 0, 0, 0]","[0, 0, 0, 0, 0, 0]","[0, 0, 9.0, 1.4285714285714286, 2.0, 0.5833333333333334]","[0, 0, 0, 0, 0, 0]","[0, 0, 0, 0, 0, 0]","[0, 0, 3.214285714285714, 1.7857142857142858, 1.6666666666666667, 0.7777777777777778]","[0, 0, 8.723076923076924, 1.7538461538461538, 2.0, 5.416666666666667]","[0, 1, 1.9285714285714284, 1.2857142857142856, 2.5, 1.1666666666666667]","[1, 0, 4.135135135135135, 1.5945945945945945, 1.0769230769230769, 5.285714285714286]"
38,2020-06-19,20200619OBLG0,"[0, 0, 0, 0, 0, 0]","[0, 0, 2.9189189189189193, 1.1891891891891893, 2.3076923076923075, 6.166666666666667]","[0, 0, 0, 0, 0, 0]","[0, 0, 0, 0, 0, 0]","[0, 0, 0, 0, 0, 0]","[0, 1, 3.0, 1.0, 4.0, 1.5]","[0, 0, 4.959183673469388, 1.2857142857142858, 4.5, 0.9074074074074073]","[0, 0, 0, 0, 0, 0]","[0, 1, 13.5, 2.375, 0.6, 0.8]","[0, 0, 2.16, 1.0799999999999998, 2.3333333333333335, 1.0416666666666667]","[0, 0, 0, 0, 0, 0]","[0, 0, 0, 0, 0, 0]","[0, 0, 0.0, 1.0, 0.0, 1.0]","[0, 1, 1.9285714285714284, 1.0714285714285714, 3.5, 0.9333333333333333]","[1, 0, 5.218487394957983, 1.7899159663865547, 1.173913043478261, 5.666666666666666]","[0, 0, 0, 0, 0, 0]","[0, 0, 0.0, 2.25, 0, 1.3333333333333333]","[0, 1, 5.472972972972974, 1.2972972972972971, 5.5, 1.450980392156863]","[0, 0, 3.4838709677419355, 1.5483870967741935, 1.0, 1.087719298245614]","[0, 0, 0, 0, 0, 0]","[0, 0, 13.5, 3.0, 3, 2.0]","[0, 0, 0, 0, 0, 0]","[0, 0, 4.071428571428571, 1.380952380952381, 3.888888888888889, 6.0]","[0, 0, 0, 0, 0, 0]","[0, 0, 0, 0, 0, 0]","[0, 0, 0, 0, 0, 0]","[0, 0, 9.0, 1.4285714285714286, 2.0, 0.5833333333333334]","[0, 0, 0, 0, 0, 0]","[0, 0, 0, 0, 0, 0]","[0, 0, 3.214285714285714, 1.7857142857142858, 1.6666666666666667, 0.7777777777777778]","[0, 0, 8.723076923076924, 1.7538461538461538, 2.0, 5.416666666666667]","[0, 1, 1.9285714285714284, 1.7142857142857142, 1.6666666666666667, 0.9333333333333333]","[0, 0, 4.135135135135135, 1.5945945945945945, 1.0769230769230769, 5.285714285714286]"
39,2020-06-20,20200620OBLG0,"[0, 0, 0, 0, 0, 0]","[0, 0, 2.9189189189189193, 1.1891891891891893, 2.3076923076923075, 6.166666666666667]","[0, 0, 0, 0, 0, 0]","[0, 0, 0, 0, 0, 0]","[0, 0, 0, 0, 0, 0]","[0, 0, 3.0, 1.0, 4.0, 1.5]","[0, 0, 4.959183673469388, 1.2857142857142858, 4.5, 0.9074074074074073]","[0, 0, 0, 0, 0, 0]","[0, 0, 13.5, 2.375, 0.6, 0.8]","[0, 1, 2.0377358490566038, 1.0188679245283019, 2.3333333333333335, 1.0392156862745099]","[1, 0, 5.785714285714286, 1.0714285714285714, 2.5, 4.666666666666667]","[0, 0, 0, 0, 0, 0]","[0, 0, 0.0, 1.0, 0.0, 1.0]","[0, 0, 1.9285714285714284, 1.0714285714285714, 3.5, 0.9333333333333333]","[0, 0, 5.218487394957983, 1.7899159663865547, 1.173913043478261, 5.666666666666666]","[0, 0, 0, 0, 0, 0]","[0, 0, 0.0, 2.25, 0, 1.3333333333333333]","[0, 0, 5.472972972972974, 1.2972972972972971, 5.5, 1.450980392156863]","[0, 1, 3.3230769230769233, 1.4769230769230768, 1.0, 1.0833333333333335]","[0, 0, 0, 0, 0, 0]","[0, 0, 13.5, 3.0, 3, 2.0]","[0, 0, 0, 0, 0, 0]","[0, 0, 4.071428571428571, 1.380952380952381, 3.888888888888889, 6.0]","[0, 0, 0, 0, 0, 0]","[0, 0, 0, 0, 0, 0]","[0, 0, 0, 0, 0, 0]","[0, 0, 9.0, 1.4285714285714286, 2.0, 0.5833333333333334]","[0, 0, 0, 0, 0, 0]","[0, 0, 0, 0, 0, 0]","[0, 1, 4.2, 1.8, 1.6666666666666667, 0.7894736842105263]","[0, 0, 8.723076923076924, 1.7538461538461538, 2.0, 5.416666666666667]","[0, 0, 1.9285714285714284, 1.7142857142857142, 1.6666666666666667, 0.9333333333333333]","[0, 0, 4.135135135135135, 1.5945945945945945, 1.0769230769230769, 5.285714285714286]"
40,2020-06-21,20200621OBLG0,"[0, 0, 0, 0, 0, 0]","[0, 0, 2.9189189189189193, 1.1891891891891893, 2.3076923076923075, 6.166666666666667]","[0, 0, 0, 0, 0, 0]","[0, 0, 0, 0, 0, 0]","[0, 0, 0, 0, 0, 0]","[0, 1, 2.076923076923077, 0.9230769230769231, 8.0, 1.7333333333333332]","[0, 0, 4.959183673469388, 1.2857142857142858, 4.5, 0.9074074074074073]","[0, 0, 0, 0, 0, 0]","[0, 0, 13.5, 2.375, 0.6, 0.8]","[0, 0, 2.0377358490566038, 1.0188679245283019, 2.3333333333333335, 1.0392156862745099]","[0, 0, 5.785714285714286, 1.0714285714285714, 2.5, 4.666666666666667]","[0, 0, 0, 0, 0, 0]","[0, 0, 0.0, 1.0, 0.0, 1.0]","[0, 0, 1.9285714285714284, 1.0714285714285714, 3.5, 0.9333333333333333]","[0, 0, 5.218487394957983, 1.7899159663865547, 1.173913043478261, 5.666666666666666]","[0, 0, 0, 0, 0, 0]","[0, 0, 0.0, 2.25, 0, 1.3333333333333333]","[0, 0, 5.472972972972974, 1.2972972972972971, 5.5, 1.450980392156863]","[0, 0, 3.3230769230769233, 1.4769230769230768, 1.0, 1.0833333333333335]","[0, 0, 0, 0, 0, 0]","[0, 0, 13.5, 3.0, 3, 2.0]","[0, 0, 0, 0, 0, 0]","[1, 0, 4.125, 1.375, 3.8181818181818183, 6.0]","[0, 0, 0, 0, 0, 0]","[0, 0, 0, 0, 0, 0]","[0, 0, 0, 0, 0, 0]","[0, 0, 9.0, 1.4285714285714286, 2.0, 0.5833333333333334]","[0, 0, 0, 0, 0, 0]","[0, 0, 0, 0, 0, 0]","[0, 0, 4.2, 1.8, 1.6666666666666667, 0.7894736842105263]","[0, 0, 8.723076923076924, 1.7538461538461538, 2.0, 5.416666666666667]","[0, 0, 1.9285714285714284, 1.7142857142857142, 1.6666666666666667, 0.9333333333333333]","[0, 0, 4.135135135135135, 1.5945945945945945, 1.0769230769230769, 5.285714285714286]"
41,2020-06-23,20200623OBSK0,"[0, 0, 0, 0, 0, 0]","[1, 0, 3.292682926829268, 1.2195121951219512, 2.1875, 5.857142857142857]","[0, 0, 0, 0, 0, 0]","[0, 1, 18.0, 2.6666666666666665, 0.8, 3.0]","[0, 0, 0, 0, 0, 0]","[0, 0, 2.076923076923077, 0.9230769230769231, 8.0, 1.7333333333333332]","[0, 0, 4.959183673469388, 1.2857142857142858, 4.5, 0.9074074074074073]","[0, 0, 0, 0, 0, 0]","[0, 0, 13.5, 2.375, 0.6, 0.8]","[0, 0, 2.0377358490566038, 1.0188679245283019, 2.3333333333333335, 1.0392156862745099]","[0, 0, 5.785714285714286, 1.0714285714285714, 2.5, 4.666666666666667]","[0, 0, 0, 0, 0, 0]","[0, 0, 0.0, 1.0, 0.0, 1.0]","[0, 1, 3.0, 1.1666666666666667, 4.5, 1.0]","[0, 0, 5.218487394957983, 1.7899159663865547, 1.173913043478261, 5.666666666666666]","[0, 0, 0, 0, 0, 0]","[0, 0, 0.0, 2.25, 0, 1.3333333333333333]","[0, 0, 5.472972972972974, 1.2972972972972971, 5.5, 1.450980392156863]","[0, 0, 3.3230769230769233, 1.4769230769230768, 1.0, 1.0833333333333335]","[0, 0, 0, 0, 0, 0]","[0, 0, 13.5, 3.0, 3, 2.0]","[0, 0, 0, 0, 0, 0]","[0, 0, 4.125, 1.375, 3.8181818181818183, 6.0]","[0, 0, 0, 0, 0, 0]","[0, 0, 0, 0, 0, 0]","[0, 0, 0, 0, 0, 0]","[0, 0, 9.0, 1.4285714285714286, 2.0, 0.5833333333333334]","[0, 0, 0, 0, 0, 0]","[0, 0, 0, 0, 0, 0]","[0, 0, 4.2, 1.8, 1.6666666666666667, 0.7894736842105263]","[0, 0, 8.723076923076924, 1.7538461538461538, 2.0, 5.416666666666667]","[0, 1, 1.8, 1.6, 1.6666666666666667, 0.8333333333333334]","[0, 0, 4.135135135135135, 1.5945945945945945, 1.0769230769230769, 5.285714285714286]"
42,2020-06-25,20200625OBSK1,"[0, 0, 0, 0, 0, 0]","[0, 0, 3.292682926829268, 1.2195121951219512, 2.1875, 5.857142857142857]","[0, 0, 0, 0, 0, 0]","[0, 1, 13.5, 2.5, 1.2, 2.0]","[0, 0, 0, 0, 0, 0]","[0, 0, 2.076923076923077, 0.9230769230769231, 8.0, 1.7333333333333332]","[0, 0, 4.959183673469388, 1.2857142857142858, 4.5, 0.9074074074074073]","[0, 0, 0, 0, 0, 0]","[0, 0, 13.5, 2.375, 0.6, 0.8]","[0, 0, 2.0377358490566038, 1.0188679245283019, 2.3333333333333335, 1.0392156862745099]","[0, 0, 5.785714285714286, 1.0714285714285714, 2.5, 4.666666666666667]","[0, 0, 0, 0, 0, 0]","[0, 0, 0.0, 1.0, 0.0, 1.0]","[0, 1, 2.571428571428571, 1.4285714285714286, 5.0, 1.0]","[0, 0, 5.218487394957983, 1.7899159663865547, 1.173913043478261, 5.666666666666666]","[0, 0, 0, 0, 0, 0]","[0, 0, 0.0, 2.25, 0, 1.3333333333333333]","[0, 1, 5.760000000000001, 1.44, 3.6666666666666665, 1.3888888888888888]","[0, 0, 3.3230769230769233, 1.4769230769230768, 1.0, 1.0833333333333335]","[0, 0, 0, 0, 0, 0]","[0, 0, 13.5, 3.0, 3, 2.0]","[0, 0, 0, 0, 0, 0]","[0, 0, 4.125, 1.375, 3.8181818181818183, 6.0]","[0, 0, 0, 0, 0, 0]","[0, 0, 0, 0, 0, 0]","[0, 0, 0, 0, 0, 0]","[0, 0, 9.0, 1.4285714285714286, 2.0, 0.5833333333333334]","[0, 0, 0, 0, 0, 0]","[0, 0, 0, 0, 0, 0]","[0, 0, 4.2, 1.8, 1.6666666666666667, 0.7894736842105263]","[0, 0, 8.723076923076924, 1.7538461538461538, 2.0, 5.416666666666667]","[0, 0, 1.8, 1.6, 1.6666666666666667, 0.8333333333333334]","[1, 0, 3.6818181818181817, 1.5227272727272727, 0.9375, 5.5]"
43,2020-06-25,20200625OBSK2,"[0, 0, 0, 0, 0, 0]","[0, 0, 3.292682926829268, 1.2195121951219512, 2.1875, 5.857142857142857]","[0, 0, 0, 0, 0, 0]","[0, 1, 10.8, 2.2, 1.2, 1.6666666666666667]","[0, 0, 0, 0, 0, 0]","[0, 0, 2.076923076923077, 0.9230769230769231, 8.0, 1.7333333333333332]","[0, 0, 4.959183673469388, 1.2857142857142858, 4.5, 0.9074074074074073]","[0, 0, 0, 0, 0, 0]","[0, 0, 13.5, 2.375, 0.6, 0.8]","[0, 0, 2.0377358490566038, 1.0188679245283019, 2.3333333333333335, 1.0392156862745099]","[0, 0, 5.785714285714286, 1.0714285714285714, 2.5, 4.666666666666667]","[0, 0, 0, 0, 0, 0]","[0, 0, 0.0, 1.0, 0.0, 1.0]","[0, 0, 2.571428571428571, 1.4285714285714286, 5.0, 1.0]","[1, 0, 6.230769230769231, 1.869230769230769, 1.2916666666666667, 5.416666666666667]","[0, 0, 0, 0, 0, 0]","[0, 0, 0.0, 2.25, 0, 1.3333333333333333]","[0, 0, 5.760000000000001, 1.44, 3.6666666666666665, 1.3888888888888888]","[0, 0, 3.3230769230769233, 1.4769230769230768, 1.0, 1.0833333333333335]","[0, 0, 0, 0, 0, 0]","[0, 0, 13.5, 3.0, 3, 2.0]","[0, 0, 0, 0, 0, 0]","[0, 0, 4.125, 1.375, 3.8181818181818183, 6.0]","[0, 0, 0, 0, 0, 0]","[0, 1, 0, 0, 0, 0]","[0, 0, 0, 0, 0, 0]","[0, 0, 9.0, 1.4285714285714286, 2.0, 0.5833333333333334]","[0, 0, 0, 0, 0, 0]","[0, 0, 0, 0, 0, 0]","[0, 0, 4.2, 1.8, 1.6666666666666667, 0.7894736842105263]","[0, 0, 8.723076923076924, 1.7538461538461538, 2.0, 5.416666666666667]","[0, 1, 1.5, 1.6666666666666667, 2.0, 0.8571428571428571]","[0, 0, 3.6818181818181817, 1.5227272727272727, 0.9375, 5.5]"
44,2020-06-26,20200626NCOB0,"[0, 0, 0, 0, 0, 0]","[0, 0, 3.292682926829268, 1.2195121951219512, 2.1875, 5.857142857142857]","[0, 0, 0, 0, 0, 0]","[0, 0, 10.8, 2.2, 1.2, 1.6666666666666667]","[0, 0, 0, 0, 0, 0]","[0, 1, 1.8620689655172413, 1.0344827586206897, 9.0, 1.611111111111111]","[0, 0, 4.959183673469388, 1.2857142857142858, 4.5, 0.9074074074074073]","[0, 0, 0, 0, 0, 0]","[0, 0, 13.5, 2.375, 0.6, 0.8]","[0, 0, 2.0377358490566038, 1.0188679245283019, 2.3333333333333335, 1.0392156862745099]","[1, 0, 2.53125, 0.84375, 4.0, 5.333333333333333]","[0, 0, 0, 0, 0, 0]","[0, 0, 0.0, 1.0, 0.0, 1.0]","[0, 1, 2.25, 1.25, 6.0, 1.0]","[0, 0, 6.230769230769231, 1.869230769230769, 1.2916666666666667, 5.416666666666667]","[0, 0, 0, 0, 0, 0]","[0, 0, 0.0, 2.25, 0, 1.3333333333333333]","[0, 0, 5.760000000000001, 1.44, 3.6666666666666665, 1.3888888888888888]","[0, 1, 3.2238805970149254, 1.5223880597014927, 0.9375, 1.0634920634920635]","[0, 1, 10, 10, 0.0, 0.0]","[0, 0, 13.5, 3.0, 3, 2.0]","[0, 0, 0, 0, 0, 0]","[0, 0, 4.125, 1.375, 3.8181818181818183, 6.0]","[0, 0, 0, 0, 0, 0]","[0, 0, 0, 0, 0, 0]","[0, 0, 0, 0, 0, 0]","[0, 0, 9.0, 1.4285714285714286, 2.0, 0.5833333333333334]","[0, 0, 0, 0, 0, 0]","[0, 0, 0, 0, 0, 0]","[0, 0, 4.2, 1.8, 1.6666666666666667, 0.7894736842105263]","[0, 0, 8.723076923076924, 1.7538461538461538, 2.0, 5.416666666666667]","[0, 1, 2.8421052631578947, 2.0526315789473686, 1.4, 0.7916666666666666]","[0, 0, 3.6818181818181817, 1.5227272727272727, 0.9375, 5.5]"
45,2020-06-27,20200627NCOB0,"[0, 0, 0, 0, 0, 0]","[0, 0, 3.292682926829268, 1.2195121951219512, 2.1875, 5.857142857142857]","[0, 0, 0, 0, 0, 0]","[0, 0, 10.8, 2.2, 1.2, 1.6666666666666667]","[0, 0, 0, 0, 0, 0]","[0, 0, 1.8620689655172413, 1.0344827586206897, 9.0, 1.611111111111111]","[0, 0, 4.959183673469388, 1.2857142857142858, 4.5, 0.9074074074074073]","[0, 0, 0, 0, 0, 0]","[0, 0, 13.5, 2.375, 0.6, 0.8]","[0, 1, 2.745762711864407, 1.0677966101694916, 2.6666666666666665, 1.0925925925925926]","[0, 0, 2.53125, 0.84375, 4.0, 5.333333333333333]","[0, 0, 0, 0, 0, 0]","[0, 0, 0.0, 1.0, 0.0, 1.0]","[0, 0, 2.25, 1.25, 6.0, 1.0]","[0, 0, 6.230769230769231, 1.869230769230769, 1.2916666666666667, 5.416666666666667]","[0, 0, 0, 0, 0, 0]","[0, 0, 0.0, 2.25, 0, 1.3333333333333333]","[0, 0, 5.760000000000001, 1.44, 3.6666666666666665, 1.3888888888888888]","[0, 0, 3.2238805970149254, 1.5223880597014927, 0.9375, 1.0634920634920635]","[0, 1, 94.5, 9.0, 0.0, 0.3333333333333333]","[0, 0, 13.5, 3.0, 3, 2.0]","[0, 0, 0, 0, 0, 0]","[1, 0, 3.6964285714285716, 1.3035714285714286, 4.2727272727272725, 6.222222222222222]","[0, 0, 0, 0, 0, 0]","[0, 0, 0, 0, 0, 0]","[0, 0, 0, 0, 0, 0]","[0, 0, 9.0, 1.4285714285714286, 2.0, 0.5833333333333334]","[0, 0, 0, 0, 0, 0]","[0, 0, 0, 0, 0, 0]","[0, 0, 4.2, 1.8, 1.6666666666666667, 0.7894736842105263]","[0, 0, 8.723076923076924, 1.7538461538461538, 2.0, 5.416666666666667]","[0, 0, 2.8421052631578947, 2.0526315789473686, 1.4, 0.7916666666666666]","[0, 0, 3.6818181818181817, 1.5227272727272727, 0.9375, 5.5]"
46,2020-06-28,20200628NCOB0,"[0, 0, 0, 0, 0, 0]","[1, 0, 3.25531914893617, 1.2127659574468086, 2.6875, 5.875]","[0, 0, 0, 0, 0, 0]","[0, 0, 10.8, 2.2, 1.2, 1.6666666666666667]","[0, 0, 0, 0, 0, 0]","[0, 0, 1.8620689655172413, 1.0344827586206897, 9.0, 1.611111111111111]","[0, 1, 4.859999999999999, 1.3199999999999998, 4.5, 0.8771929824561404]","[0, 0, 0, 0, 0, 0]","[0, 0, 13.5, 2.375, 0.6, 0.8]","[0, 0, 2.745762711864407, 1.0677966101694916, 2.6666666666666665, 1.0925925925925926]","[0, 0, 2.53125, 0.84375, 4.0, 5.333333333333333]","[0, 0, 0, 0, 0, 0]","[0, 0, 0.0, 1.0, 0.0, 1.0]","[0, 1, 5.0, 1.6666666666666667, 4.333333333333333, 1.0]","[0, 0, 6.230769230769231, 1.869230769230769, 1.2916666666666667, 5.416666666666667]","[0, 0, 0, 0, 0, 0]","[0, 0, 0.0, 2.25, 0, 1.3333333333333333]","[0, 1, 4.853932584269662, 1.348314606741573, 2.875, 1.5614035087719298]","[0, 0, 3.2238805970149254, 1.5223880597014927, 0.9375, 1.0634920634920635]","[0, 0, 94.5, 9.0, 0.0, 0.3333333333333333]","[0, 0, 13.5, 3.0, 3, 2.0]","[0, 0, 0, 0, 0, 0]","[0, 0, 3.6964285714285716, 1.3035714285714286, 4.2727272727272725, 6.222222222222222]","[0, 0, 0, 0, 0, 0]","[0, 1, 0.0, 0.75, 1, 1.3333333333333333]","[0, 0, 0, 0, 0, 0]","[0, 0, 9.0, 1.4285714285714286, 2.0, 0.5833333333333334]","[0, 0, 0, 0, 0, 0]","[0, 0, 0, 0, 0, 0]","[0, 0, 4.2, 1.8, 1.6666666666666667, 0.7894736842105263]","[0, 0, 8.723076923076924, 1.7538461538461538, 2.0, 5.416666666666667]","[0, 0, 2.8421052631578947, 2.0526315789473686, 1.4, 0.7916666666666666]","[0, 0, 3.6818181818181817, 1.5227272727272727, 0.9375, 5.5]"
47,2020-06-30,20200630OBWO0,"[0, 0, 0, 0, 0, 0]","[0, 0, 3.25531914893617, 1.2127659574468086, 2.6875, 5.875]","[0, 0, 0, 0, 0, 0]","[0, 0, 10.8, 2.2, 1.2, 1.6666666666666667]","[0, 0, 0, 0, 0, 0]","[0, 0, 1.8620689655172413, 1.0344827586206897, 9.0, 1.611111111111111]","[0, 0, 4.859999999999999, 1.3199999999999998, 4.5, 0.8771929824561404]","[0, 0, 0, 0, 0, 0]","[0, 0, 13.5, 2.375, 0.6, 0.8]","[0, 0, 2.745762711864407, 1.0677966101694916, 2.6666666666666665, 1.0925925925925926]","[0, 0, 2.53125, 0.84375, 4.0, 5.333333333333333]","[0, 0, 0, 0, 0, 0]","[0, 0, 0.0, 1.0, 0.0, 1.0]","[0, 0, 5.0, 1.6666666666666667, 4.333333333333333, 1.0]","[0, 0, 6.230769230769231, 1.869230769230769, 1.2916666666666667, 5.416666666666667]","[0, 0, 0, 0, 0, 0]","[0, 0, 0.0, 2.25, 0, 1.3333333333333333]","[0, 1, 4.989130434782608, 1.4021739130434783, 3.0, 1.5333333333333334]","[0, 0, 3.2238805970149254, 1.5223880597014927, 0.9375, 1.0634920634920635]","[0, 1, 37.8, 3.5999999999999996, 0.0, 0.5555555555555556]","[0, 0, 13.5, 3.0, 3, 2.0]","[0, 0, 0, 0, 0, 0]","[0, 0, 3.6964285714285716, 1.3035714285714286, 4.2727272727272725, 6.222222222222222]","[0, 0, 0, 0, 0, 0]","[0, 1, 3.8571428571428568, 1.2857142857142856, 1.0, 1.1666666666666667]","[0, 0, 0, 0, 0, 0]","[0, 0, 9.0, 1.4285714285714286, 2.0, 0.5833333333333334]","[0, 0, 0, 0, 0, 0]","[0, 0, 0, 0, 0, 0]","[0, 0, 4.2, 1.8, 1.6666666666666667, 0.7894736842105263]","[0, 0, 8.723076923076924, 1.7538461538461538, 2.0, 5.416666666666667]","[0, 0, 2.8421052631578947, 2.0526315789473686, 1.4, 0.7916666666666666]","[1, 0, 4.661870503597123, 1.7050359712230214, 0.9411764705882353, 5.148148148148149]"
48,2020-07-01,20200701OBWO0,"[0, 0, 0, 0, 0, 0]","[0, 0, 3.25531914893617, 1.2127659574468086, 2.6875, 5.875]","[0, 0, 0, 0, 0, 0]","[0, 0, 10.8, 2.2, 1.2, 1.6666666666666667]","[0, 0, 0, 0, 0, 0]","[0, 0, 1.8620689655172413, 1.0344827586206897, 9.0, 1.611111111111111]","[0, 1, 4.584905660377358, 1.2452830188679245, 4.5, 0.8833333333333334]","[0, 0, 0, 0, 0, 0]","[0, 0, 13.5, 2.375, 0.6, 0.8]","[0, 0, 2.745762711864407, 1.0677966101694916, 2.6666666666666665, 1.0925925925925926]","[0, 0, 2.53125, 0.84375, 4.0, 5.333333333333333]","[0, 0, 0, 0, 0, 0]","[0, 0, 0.0, 1.0, 0.0, 1.0]","[0, 1, 4.5, 1.6, 4.333333333333333, 1.0]","[1, 0, 6.287671232876712, 1.8904109589041096, 1.2962962962962963, 5.407407407407407]","[0, 0, 0, 0, 0, 0]","[0, 0, 0.0, 2.25, 0, 1.3333333333333333]","[0, 0, 4.989130434782608, 1.4021739130434783, 3.0, 1.5333333333333334]","[0, 0, 3.2238805970149254, 1.5223880597014927, 0.9375, 1.0634920634920635]","[0, 0, 37.8, 3.5999999999999996, 0.0, 0.5555555555555556]","[0, 0, 13.5, 3.0, 3, 2.0]","[0, 0, 0, 0, 0, 0]","[0, 0, 3.6964285714285716, 1.3035714285714286, 4.2727272727272725, 6.222222222222222]","[0, 0, 0, 0, 0, 0]","[0, 0, 3.8571428571428568, 1.2857142857142856, 1.0, 1.1666666666666667]","[0, 0, 0, 0, 0, 0]","[0, 0, 9.0, 1.4285714285714286, 2.0, 0.5833333333333334]","[0, 0, 0, 0, 0, 0]","[0, 0, 0, 0, 0, 0]","[0, 0, 4.2, 1.8, 1.6666666666666667, 0.7894736842105263]","[0, 0, 8.723076923076924, 1.7538461538461538, 2.0, 5.416666666666667]","[0, 1, 5.4, 2.25, 1.1666666666666667, 0.7407407407407408]","[0, 0, 4.661870503597123, 1.7050359712230214, 0.9411764705882353, 5.148148148148149]"
49,2020-07-02,20200702OBWO0,"[0, 0, 0, 0, 0, 0]","[0, 0, 3.25531914893617, 1.2127659574468086, 2.6875, 5.875]","[0, 0, 0, 0, 0, 0]","[0, 0, 10.8, 2.2, 1.2, 1.6666666666666667]","[0, 0, 0, 0, 0, 0]","[0, 1, 1.588235294117647, 1.0588235294117647, 10.0, 1.619047619047619]","[0, 1, 4.339285714285714, 1.1785714285714286, 4.5, 0.888888888888889]","[0, 0, 0, 0, 0, 0]","[0, 0, 13.5, 2.375, 0.6, 0.8]","[0, 0, 2.745762711864407, 1.0677966101694916, 2.6666666666666665, 1.0925925925925926]","[1, 0, 2.8125, 0.9375, 3.25, 5.333333333333333]","[0, 0, 0, 0, 0, 0]","[0, 0, 0.0, 1.0, 0.0, 1.0]","[0, 1, 4.090909090909091, 1.5454545454545454, 3.25, 1.0]","[0, 0, 6.287671232876712, 1.8904109589041096, 1.2962962962962963, 5.407407407407407]","[0, 0, 0, 0, 0, 0]","[0, 0, 0.0, 2.25, 0, 1.3333333333333333]","[0, 0, 4.989130434782608, 1.4021739130434783, 3.0, 1.5333333333333334]","[0, 0, 3.2238805970149254, 1.5223880597014927, 0.9375, 1.0634920634920635]","[0, 0, 37.8, 3.5999999999999996, 0.0, 0.5555555555555556]","[0, 0, 13.5, 3.0, 3, 2.0]","[0, 0, 0, 0, 0, 0]","[0, 0, 3.6964285714285716, 1.3035714285714286, 4.2727272727272725, 6.222222222222222]","[0, 0, 0, 0, 0, 0]","[0, 0, 3.8571428571428568, 1.2857142857142856, 1.0, 1.1666666666666667]","[0, 0, 0, 0, 0, 0]","[0, 1, 9.0, 1.7142857142857142, 2.0, 0.5384615384615384]","[0, 0, 0, 0, 0, 0]","[0, 0, 0, 0, 0, 0]","[0, 0, 4.2, 1.8, 1.6666666666666667, 0.7894736842105263]","[0, 0, 8.723076923076924, 1.7538461538461538, 2.0, 5.416666666666667]","[0, 0, 5.4, 2.25, 1.1666666666666667, 0.7407407407407408]","[0, 0, 4.661870503597123, 1.7050359712230214, 0.9411764705882353, 5.148148148148149]"
50,2020-07-03,20200703HHOB0,"[0, 0, 0, 0, 0, 0]","[0, 0, 3.25531914893617, 1.2127659574468086, 2.6875, 5.875]","[0, 0, 0, 0, 0, 0]","[0, 0, 10.8, 2.2, 1.2, 1.6666666666666667]","[0, 0, 0, 0, 0, 0]","[0, 0, 1.588235294117647, 1.0588235294117647, 10.0, 1.619047619047619]","[0, 0, 4.339285714285714, 1.1785714285714286, 4.5, 0.888888888888889]","[0, 0, 0, 0, 0, 0]","[0, 0, 13.5, 2.375, 0.6, 0.8]","[0, 1, 2.6557377049180326, 1.0819672131147542, 2.5714285714285716, 1.0701754385964912]","[0, 0, 2.8125, 0.9375, 3.25, 5.333333333333333]","[0, 0, 0, 0, 0, 0]","[0, 0, 0.0, 1.0, 0.0, 1.0]","[0, 0, 4.090909090909091, 1.5454545454545454, 3.25, 1.0]","[0, 0, 6.287671232876712, 1.8904109589041096, 1.2962962962962963, 5.407407407407407]","[0, 0, 0, 0, 0, 0]","[0, 0, 0.0, 2.25, 0, 1.3333333333333333]","[0, 1, 5.11578947368421, 1.3894736842105262, 3.0, 1.507936507936508]","[0, 0, 3.2238805970149254, 1.5223880597014927, 0.9375, 1.0634920634920635]","[0, 0, 37.8, 3.5999999999999996, 0.0, 0.5555555555555556]","[0, 0, 13.5, 3.0, 3, 2.0]","[0, 0, 0, 0, 0, 0]","[1, 0, 3.6947368421052635, 1.2473684210526315, 4.7272727272727275, 6.333333333333334]","[0, 0, 0, 0, 0, 0]","[0, 0, 3.8571428571428568, 1.2857142857142856, 1.0, 1.1666666666666667]","[0, 0, 0, 0, 0, 0]","[0, 0, 9.0, 1.7142857142857142, 2.0, 0.5384615384615384]","[0, 0, 0, 0, 0, 0]","[0, 0, 0, 0, 0, 0]","[0, 0, 4.2, 1.8, 1.6666666666666667, 0.7894736842105263]","[0, 0, 8.723076923076924, 1.7538461538461538, 2.0, 5.416666666666667]","[0, 1, 7.043478260869565, 2.4782608695652173, 1.3333333333333333, 0.7666666666666667]","[0, 0, 4.661870503597123, 1.7050359712230214, 0.9411764705882353, 5.148148148148149]"
51,2020-07-04,20200704HHOB0,"[0, 0, 0, 0, 0, 0]","[1, 0, 3.4615384615384612, 1.25, 2.9411764705882355, 5.777777777777778]","[0, 0, 0, 0, 0, 0]","[0, 0, 10.8, 2.2, 1.2, 1.6666666666666667]","[0, 0, 0, 0, 0, 0]","[0, 0, 1.588235294117647, 1.0588235294117647, 10.0, 1.619047619047619]","[0, 1, 4.790322580645162, 1.2096774193548387, 5.0, 0.9393939393939394]","[0, 0, 0, 0, 0, 0]","[0, 1, 12.461538461538462, 2.307692307692308, 0.5, 0.7878787878787878]","[0, 0, 2.6557377049180326, 1.0819672131147542, 2.5714285714285716, 1.0701754385964912]","[0, 0, 2.8125, 0.9375, 3.25, 5.333333333333333]","[0, 0, 0, 0, 0, 0]","[0, 0, 0.0, 1.0, 0.0, 1.0]","[0, 0, 4.090909090909091, 1.5454545454545454, 3.25, 1.0]","[0, 0, 6.287671232876712, 1.8904109589041096, 1.2962962962962963, 5.407407407407407]","[0, 0, 0, 0, 0, 0]","[0, 0, 0.0, 2.25, 0, 1.3333333333333333]","[0, 1, 5.0625, 1.40625, 3.0, 1.4545454545454546]","[0, 0, 3.2238805970149254, 1.5223880597014927, 0.9375, 1.0634920634920635]","[0, 1, 24.545454545454543, 3.5454545454545454, 2.0, 0.9166666666666666]","[0, 0, 13.5, 3.0, 3, 2.0]","[0, 0, 0, 0, 0, 0]","[0, 0, 3.6947368421052635, 1.2473684210526315, 4.7272727272727275, 6.333333333333334]","[0, 0, 0, 0, 0, 0]","[0, 0, 3.8571428571428568, 1.2857142857142856, 1.0, 1.1666666666666667]","[0, 0, 0, 0, 0, 0]","[0, 0, 9.0, 1.7142857142857142, 2.0, 0.5384615384615384]","[0, 0, 0, 0, 0, 0]","[0, 0, 0, 0, 0, 0]","[0, 0, 4.2, 1.8, 1.6666666666666667, 0.7894736842105263]","[0, 0, 8.723076923076924, 1.7538461538461538, 2.0, 5.416666666666667]","[0, 0, 7.043478260869565, 2.4782608695652173, 1.3333333333333333, 0.7666666666666667]","[0, 0, 4.661870503597123, 1.7050359712230214, 0.9411764705882353, 5.148148148148149]"
52,2020-07-05,20200705HHOB0,"[0, 0, 0, 0, 0, 0]","[0, 0, 3.4615384615384612, 1.25, 2.9411764705882355, 5.777777777777778]","[0, 0, 0, 0, 0, 0]","[0, 0, 10.8, 2.2, 1.2, 1.6666666666666667]","[0, 0, 0, 0, 0, 0]","[0, 1, 4.263157894736842, 1.4210526315789473, 3.6666666666666665, 1.5833333333333333]","[0, 0, 4.790322580645162, 1.2096774193548387, 5.0, 0.9393939393939394]","[0, 0, 0, 0, 0, 0]","[0, 0, 12.461538461538462, 2.307692307692308, 0.5, 0.7878787878787878]","[0, 1, 2.4923076923076923, 1.1076923076923075, 2.375, 1.0833333333333335]","[0, 0, 2.8125, 0.9375, 3.25, 5.333333333333333]","[0, 0, 0, 0, 0, 0]","[0, 0, 0.0, 1.0, 0.0, 1.0]","[0, 1, 3.552631578947368, 1.5, 2.8, 1.0555555555555556]","[0, 0, 6.287671232876712, 1.8904109589041096, 1.2962962962962963, 5.407407407407407]","[0, 0, 0, 0, 0, 0]","[0, 0, 0.0, 2.25, 0, 1.3333333333333333]","[0, 0, 5.0625, 1.40625, 3.0, 1.4545454545454546]","[0, 0, 3.2238805970149254, 1.5223880597014927, 0.9375, 1.0634920634920635]","[0, 0, 24.545454545454543, 3.5454545454545454, 2.0, 0.9166666666666666]","[0, 0, 13.5, 3.0, 3, 2.0]","[0, 0, 0, 0, 0, 0]","[0, 0, 3.6947368421052635, 1.2473684210526315, 4.7272727272727275, 6.333333333333334]","[0, 0, 0, 0, 0, 0]","[0, 0, 3.8571428571428568, 1.2857142857142856, 1.0, 1.1666666666666667]","[0, 0, 0, 0, 0, 0]","[0, 0, 9.0, 1.7142857142857142, 2.0, 0.5384615384615384]","[0, 0, 0, 0, 0, 0]","[0, 0, 0, 0, 0, 0]","[0, 0, 4.2, 1.8, 1.6666666666666667, 0.7894736842105263]","[0, 0, 8.723076923076924, 1.7538461538461538, 2.0, 5.416666666666667]","[0, 0, 7.043478260869565, 2.4782608695652173, 1.3333333333333333, 0.7666666666666667]","[1, 0, 4.733766233766234, 1.6753246753246753, 1.1666666666666667, 5.133333333333334]"
53,2020-07-07,20200707LGOB0,"[0, 0, 0, 0, 0, 0]","[0, 0, 3.4615384615384612, 1.25, 2.9411764705882355, 5.777777777777778]","[0, 0, 0, 0, 0, 0]","[0, 0, 10.8, 2.2, 1.2, 1.6666666666666667]","[0, 0, 0, 0, 0, 0]","[0, 1, 3.951219512195122, 1.3902439024390245, 4.0, 1.5185185185185184]","[0, 0, 4.790322580645162, 1.2096774193548387, 5.0, 0.9393939393939394]","[0, 0, 0, 0, 0, 0]","[0, 0, 12.461538461538462, 2.307692307692308, 0.5, 0.7878787878787878]","[0, 1, 2.3823529411764706, 1.0588235294117647, 2.75, 1.0793650793650795]","[0, 0, 2.8125, 0.9375, 3.25, 5.333333333333333]","[0, 0, 0, 0, 0, 0]","[0, 0, 0.0, 1.0, 0.0, 1.0]","[0, 1, 3.292682926829268, 1.4634146341463414, 3.2, 1.0512820512820513]","[1, 0, 5.762195121951219, 1.8658536585365855, 1.2666666666666666, 5.466666666666667]","[0, 0, 0, 0, 0, 0]","[0, 0, 0.0, 2.25, 0, 1.3333333333333333]","[0, 0, 5.0625, 1.40625, 3.0, 1.4545454545454546]","[0, 0, 3.2238805970149254, 1.5223880597014927, 0.9375, 1.0634920634920635]","[0, 0, 24.545454545454543, 3.5454545454545454, 2.0, 0.9166666666666666]","[0, 0, 13.5, 3.0, 3, 2.0]","[0, 0, 0, 0, 0, 0]","[0, 0, 3.6947368421052635, 1.2473684210526315, 4.7272727272727275, 6.333333333333334]","[0, 0, 0, 0, 0, 0]","[0, 0, 3.8571428571428568, 1.2857142857142856, 1.0, 1.1666666666666667]","[0, 0, 0, 0, 0, 0]","[0, 0, 9.0, 1.7142857142857142, 2.0, 0.5384615384615384]","[0, 0, 0, 0, 0, 0]","[0, 0, 0, 0, 0, 0]","[0, 1, 4.108695652173913, 1.7608695652173911, 1.7777777777777777, 0.7666666666666667]","[0, 0, 8.723076923076924, 1.7538461538461538, 2.0, 5.416666666666667]","[0, 0, 7.043478260869565, 2.4782608695652173, 1.3333333333333333, 0.7666666666666667]","[0, 0, 4.733766233766234, 1.6753246753246753, 1.1666666666666667, 5.133333333333334]"
54,2020-07-08,20200708LGOB0,"[0, 0, 0, 0, 0, 0]","[0, 0, 3.4615384615384612, 1.25, 2.9411764705882355, 5.777777777777778]","[0, 0, 0, 0, 0, 0]","[0, 0, 10.8, 2.2, 1.2, 1.6666666666666667]","[0, 0, 0, 0, 0, 0]","[0, 0, 3.951219512195122, 1.3902439024390245, 4.0, 1.5185185185185184]","[0, 1, 4.36764705882353, 1.1470588235294117, 4.0, 0.9855072463768116]","[0, 0, 0, 0, 0, 0]","[0, 0, 12.461538461538462, 2.307692307692308, 0.5, 0.7878787878787878]","[0, 0, 2.3823529411764706, 1.0588235294117647, 2.75, 1.0793650793650795]","[1, 0, 3.789473684210526, 1.3157894736842106, 2.2857142857142856, 4.75]","[0, 0, 0, 0, 0, 0]","[0, 0, 0.0, 1.0, 0.0, 1.0]","[0, 0, 3.292682926829268, 1.4634146341463414, 3.2, 1.0512820512820513]","[0, 0, 5.762195121951219, 1.8658536585365855, 1.2666666666666666, 5.466666666666667]","[0, 0, 0, 0, 0, 0]","[0, 0, 0.0, 2.25, 0, 1.3333333333333333]","[0, 1, 4.909090909090909, 1.3636363636363635, 3.25, 1.434782608695652]","[0, 1, 3.626865671641791, 1.5223880597014927, 0.9375, 1.0151515151515151]","[0, 0, 24.545454545454543, 3.5454545454545454, 2.0, 0.9166666666666666]","[0, 0, 13.5, 3.0, 3, 2.0]","[0, 0, 0, 0, 0, 0]","[0, 0, 3.6947368421052635, 1.2473684210526315, 4.7272727272727275, 6.333333333333334]","[0, 0, 0, 0, 0, 0]","[0, 0, 3.8571428571428568, 1.2857142857142856, 1.0, 1.1666666666666667]","[0, 0, 0, 0, 0, 0]","[0, 0, 9.0, 1.7142857142857142, 2.0, 0.5384615384615384]","[0, 0, 0, 0, 0, 0]","[0, 0, 0, 0, 0, 0]","[0, 1, 4.0212765957446805, 1.7872340425531916, 1.7777777777777777, 0.746031746031746]","[0, 0, 8.723076923076924, 1.7538461538461538, 2.0, 5.416666666666667]","[0, 0, 7.043478260869565, 2.4782608695652173, 1.3333333333333333, 0.7666666666666667]","[0, 0, 4.733766233766234, 1.6753246753246753, 1.1666666666666667, 5.133333333333334]"
55,2020-07-09,20200709LGOB0,"[0, 0, 0, 0, 0, 0]","[0, 0, 3.4615384615384612, 1.25, 2.9411764705882355, 5.777777777777778]","[0, 0, 0, 0, 0, 0]","[0, 0, 10.8, 2.2, 1.2, 1.6666666666666667]","[0, 0, 0, 0, 0, 0]","[0, 1, 3.6818181818181817, 1.2954545454545454, 4.666666666666667, 1.4666666666666666]","[0, 0, 4.36764705882353, 1.1470588235294117, 4.0, 0.9855072463768116]","[0, 0, 0, 0, 0, 0]","[0, 0, 12.461538461538462, 2.307692307692308, 0.5, 0.7878787878787878]","[0, 0, 2.3823529411764706, 1.0588235294117647, 2.75, 1.0793650793650795]","[0, 0, 3.789473684210526, 1.3157894736842106, 2.2857142857142856, 4.75]","[0, 0, 0, 0, 0, 0]","[0, 0, 0.0, 1.0, 0.0, 1.0]","[0, 0, 3.292682926829268, 1.4634146341463414, 3.2, 1.0512820512820513]","[0, 0, 5.762195121951219, 1.8658536585365855, 1.2666666666666666, 5.466666666666667]","[0, 0, 0, 0, 0, 0]","[0, 0, 0.0, 2.25, 0, 1.3333333333333333]","[0, 0, 4.909090909090909, 1.3636363636363635, 3.25, 1.434782608695652]","[0, 0, 3.626865671641791, 1.5223880597014927, 0.9375, 1.0151515151515151]","[0, 0, 24.545454545454543, 3.5454545454545454, 2.0, 0.9166666666666666]","[0, 0, 13.5, 3.0, 3, 2.0]","[0, 0, 0, 0, 0, 0]","[1, 0, 3.4549763033175354, 1.180094786729858, 5.083333333333333, 6.393939393939394]","[0, 0, 0, 0, 0, 0]","[0, 0, 3.8571428571428568, 1.2857142857142856, 1.0, 1.1666666666666667]","[0, 0, 0, 0, 0, 0]","[0, 0, 9.0, 1.7142857142857142, 2.0, 0.5384615384615384]","[0, 0, 0, 0, 0, 0]","[0, 0, 0, 0, 0, 0]","[0, 1, 3.7800000000000002, 1.68, 1.7777777777777777, 0.7575757575757577]","[0, 0, 8.723076923076924, 1.7538461538461538, 2.0, 5.416666666666667]","[0, 0, 7.043478260869565, 2.4782608695652173, 1.3333333333333333, 0.7666666666666667]","[0, 0, 4.733766233766234, 1.6753246753246753, 1.1666666666666667, 5.133333333333334]"
56,2020-07-10,20200710OBLT0,"[0, 0, 0, 0, 0, 0]","[1, 0, 4.178571428571429, 1.3571428571428572, 2.6842105263157894, 5.6]","[0, 0, 0, 0, 0, 0]","[0, 0, 10.8, 2.2, 1.2, 1.6666666666666667]","[0, 0, 0, 0, 0, 0]","[0, 0, 3.6818181818181817, 1.2954545454545454, 4.666666666666667, 1.4666666666666666]","[0, 0, 4.36764705882353, 1.1470588235294117, 4.0, 0.9855072463768116]","[0, 0, 0, 0, 0, 0]","[0, 1, 11.172413793103448, 2.1724137931034484, 0.5, 0.8055555555555555]","[0, 0, 2.3823529411764706, 1.0588235294117647, 2.75, 1.0793650793650795]","[0, 0, 3.789473684210526, 1.3157894736842106, 2.2857142857142856, 4.75]","[0, 0, 0, 0, 0, 0]","[0, 0, 0.0, 1.0, 0.0, 1.0]","[0, 0, 3.292682926829268, 1.4634146341463414, 3.2, 1.0512820512820513]","[0, 0, 5.762195121951219, 1.8658536585365855, 1.2666666666666666, 5.466666666666667]","[0, 0, 0, 0, 0, 0]","[0, 1, 3.8571428571428568, 2.142857142857143, 0.0, 1.5555555555555556]","[0, 0, 4.909090909090909, 1.3636363636363635, 3.25, 1.434782608695652]","[0, 0, 3.626865671641791, 1.5223880597014927, 0.9375, 1.0151515151515151]","[0, 0, 24.545454545454543, 3.5454545454545454, 2.0, 0.9166666666666666]","[0, 0, 13.5, 3.0, 3, 2.0]","[0, 0, 0, 0, 0, 0]","[0, 0, 3.4549763033175354, 1.180094786729858, 5.083333333333333, 6.393939393939394]","[0, 0, 0, 0, 0, 0]","[0, 0, 3.8571428571428568, 1.2857142857142856, 1.0, 1.1666666666666667]","[0, 0, 0, 0, 0, 0]","[0, 0, 9.0, 1.7142857142857142, 2.0, 0.5384615384615384]","[0, 0, 0, 0, 0, 0]","[0, 0, 0, 0, 0, 0]","[0, 0, 3.7800000000000002, 1.68, 1.7777777777777777, 0.7575757575757577]","[0, 0, 8.723076923076924, 1.7538461538461538, 2.0, 5.416666666666667]","[0, 0, 7.043478260869565, 2.4782608695652173, 1.3333333333333333, 0.7666666666666667]","[0, 0, 4.733766233766234, 1.6753246753246753, 1.1666666666666667, 5.133333333333334]"
57,2020-07-11,20200711OBLT0,"[0, 0, 0, 0, 0, 0]","[0, 0, 4.178571428571429, 1.3571428571428572, 2.6842105263157894, 5.6]","[0, 0, 0, 0, 0, 0]","[0, 0, 10.8, 2.2, 1.2, 1.6666666666666667]","[0, 0, 0, 0, 0, 0]","[0, 0, 3.6818181818181817, 1.2954545454545454, 4.666666666666667, 1.4666666666666666]","[0, 1, 4.943661971830986, 1.2253521126760563, 4.0, 0.9861111111111112]","[0, 0, 0, 0, 0, 0]","[0, 0, 11.172413793103448, 2.1724137931034484, 0.5, 0.8055555555555555]","[0, 0, 2.3823529411764706, 1.0588235294117647, 2.75, 1.0793650793650795]","[0, 0, 3.789473684210526, 1.3157894736842106, 2.2857142857142856, 4.75]","[0, 0, 0, 0, 0, 0]","[0, 0, 0.0, 1.0, 0.0, 1.0]","[0, 0, 3.292682926829268, 1.4634146341463414, 3.2, 1.0512820512820513]","[0, 0, 5.762195121951219, 1.8658536585365855, 1.2666666666666666, 5.466666666666667]","[0, 0, 0, 0, 0, 0]","[0, 0, 3.8571428571428568, 2.142857142857143, 0.0, 1.5555555555555556]","[0, 0, 4.909090909090909, 1.3636363636363635, 3.25, 1.434782608695652]","[0, 1, 3.328767123287671, 1.4383561643835616, 1.125, 1.0579710144927537]","[0, 0, 24.545454545454543, 3.5454545454545454, 2.0, 0.9166666666666666]","[0, 0, 13.5, 3.0, 3, 2.0]","[0, 0, 0, 0, 0, 0]","[0, 0, 3.4549763033175354, 1.180094786729858, 5.083333333333333, 6.393939393939394]","[0, 0, 0, 0, 0, 0]","[0, 0, 3.8571428571428568, 1.2857142857142856, 1.0, 1.1666666666666667]","[0, 0, 0, 0, 0, 0]","[0, 0, 9.0, 1.7142857142857142, 2.0, 0.5384615384615384]","[0, 0, 0, 0, 0, 0]","[0, 0, 0, 0, 0, 0]","[0, 0, 3.7800000000000002, 1.68, 1.7777777777777777, 0.7575757575757577]","[0, 0, 8.723076923076924, 1.7538461538461538, 2.0, 5.416666666666667]","[0, 0, 7.043478260869565, 2.4782608695652173, 1.3333333333333333, 0.7666666666666667]","[1, 0, 4.866279069767441, 1.6569767441860463, 1.2105263157894737, 5.212121212121212]"
58,2020-07-14,20200714SKOB0,"[0, 0, 0, 0, 0, 0]","[0, 0, 4.178571428571429, 1.3571428571428572, 2.6842105263157894, 5.6]","[0, 0, 0, 0, 0, 0]","[0, 0, 10.8, 2.2, 1.2, 1.6666666666666667]","[0, 0, 0, 0, 0, 0]","[0, 0, 3.6818181818181817, 1.2954545454545454, 4.666666666666667, 1.4666666666666666]","[0, 0, 4.943661971830986, 1.2253521126760563, 4.0, 0.9861111111111112]","[0, 0, 0, 0, 0, 0]","[0, 1, 10.125, 2.0625, 0.5, 0.8205128205128205]","[0, 0, 2.3823529411764706, 1.0588235294117647, 2.75, 1.0793650793650795]","[0, 1, 5.478260869565218, 1.608695652173913, 1.4166666666666667, 4.6]","[0, 0, 0, 0, 0, 0]","[0, 0, 0.0, 1.0, 0.0, 1.0]","[0, 1, 3.7674418604651163, 1.5348837209302324, 2.8333333333333335, 1.023809523809524]","[1, 0, 5.785714285714286, 1.8461538461538463, 1.25, 5.515151515151515]","[0, 0, 0, 0, 0, 0]","[0, 0, 3.8571428571428568, 2.142857142857143, 0.0, 1.5555555555555556]","[0, 0, 4.909090909090909, 1.3636363636363635, 3.25, 1.434782608695652]","[0, 0, 3.328767123287671, 1.4383561643835616, 1.125, 1.0579710144927537]","[0, 0, 24.545454545454543, 3.5454545454545454, 2.0, 0.9166666666666666]","[0, 0, 13.5, 3.0, 3, 2.0]","[0, 0, 0, 0, 0, 0]","[0, 0, 3.4549763033175354, 1.180094786729858, 5.083333333333333, 6.393939393939394]","[0, 0, 0, 0, 0, 0]","[0, 0, 3.8571428571428568, 1.2857142857142856, 1.0, 1.1666666666666667]","[0, 0, 0, 0, 0, 0]","[0, 0, 9.0, 1.7142857142857142, 2.0, 0.5384615384615384]","[0, 0, 0, 0, 0, 0]","[0, 0, 0, 0, 0, 0]","[0, 1, 3.5660377358490565, 1.5849056603773584, 2.0, 0.7681159420289856]","[0, 0, 8.723076923076924, 1.7538461538461538, 2.0, 5.416666666666667]","[0, 0, 7.043478260869565, 2.4782608695652173, 1.3333333333333333, 0.7666666666666667]","[0, 0, 4.866279069767441, 1.6569767441860463, 1.2105263157894737, 5.212121212121212]"
59,2020-07-15,20200715SKOB0,"[0, 0, 0, 0, 0, 0]","[0, 0, 4.178571428571429, 1.3571428571428572, 2.6842105263157894, 5.6]","[0, 0, 0, 0, 0, 0]","[0, 0, 10.8, 2.2, 1.2, 1.6666666666666667]","[0, 0, 0, 0, 0, 0]","[0, 1, 3.4468085106382977, 1.2127659574468086, 5.333333333333333, 1.424242424242424]","[0, 0, 4.943661971830986, 1.2253521126760563, 4.0, 0.9861111111111112]","[0, 0, 0, 0, 0, 0]","[0, 0, 10.125, 2.0625, 0.5, 0.8205128205128205]","[0, 1, 2.6619718309859155, 1.0985915492957745, 2.875, 1.075757575757576]","[0, 0, 5.478260869565218, 1.608695652173913, 1.4166666666666667, 4.6]","[0, 0, 0, 0, 0, 0]","[0, 0, 0.0, 1.0, 0.0, 1.0]","[0, 0, 3.7674418604651163, 1.5348837209302324, 2.8333333333333335, 1.023809523809524]","[0, 0, 5.785714285714286, 1.8461538461538463, 1.25, 5.515151515151515]","[0, 0, 0, 0, 0, 0]","[0, 0, 3.8571428571428568, 2.142857142857143, 0.0, 1.5555555555555556]","[0, 0, 4.909090909090909, 1.3636363636363635, 3.25, 1.434782608695652]","[0, 0, 3.328767123287671, 1.4383561643835616, 1.125, 1.0579710144927537]","[0, 0, 24.545454545454543, 3.5454545454545454, 2.0, 0.9166666666666666]","[0, 0, 13.5, 3.0, 3, 2.0]","[0, 0, 0, 0, 0, 0]","[1, 0, 3.1422413793103448, 1.0991379310344829, 5.75, 6.444444444444444]","[0, 0, 0, 0, 0, 0]","[0, 0, 3.8571428571428568, 1.2857142857142856, 1.0, 1.1666666666666667]","[0, 0, 0, 0, 0, 0]","[0, 0, 9.0, 1.7142857142857142, 2.0, 0.5384615384615384]","[0, 0, 0, 0, 0, 0]","[0, 0, 0, 0, 0, 0]","[0, 0, 3.5660377358490565, 1.5849056603773584, 2.0, 0.7681159420289856]","[0, 0, 8.723076923076924, 1.7538461538461538, 2.0, 5.416666666666667]","[0, 0, 7.043478260869565, 2.4782608695652173, 1.3333333333333333, 0.7666666666666667]","[0, 0, 4.866279069767441, 1.6569767441860463, 1.2105263157894737, 5.212121212121212]"
60,2020-07-16,20200716SKOB0,"[0, 0, 0, 0, 0, 0]","[1, 0, 3.8571428571428568, 1.2698412698412698, 2.85, 5.7272727272727275]","[0, 0, 0, 0, 0, 0]","[0, 0, 10.8, 2.2, 1.2, 1.6666666666666667]","[0, 0, 0, 0, 0, 0]","[0, 0, 3.4468085106382977, 1.2127659574468086, 5.333333333333333, 1.424242424242424]","[0, 1, 4.743243243243244, 1.2162162162162162, 4.0, 0.9866666666666667]","[0, 0, 0, 0, 0, 0]","[0, 1, 9.257142857142858, 1.9714285714285715, 0.6666666666666666, 0.8333333333333333]","[0, 1, 2.52, 1.04, 3.125, 1.0869565217391304]","[0, 0, 5.478260869565218, 1.608695652173913, 1.4166666666666667, 4.6]","[0, 0, 0, 0, 0, 0]","[0, 0, 0.0, 1.0, 0.0, 1.0]","[0, 1, 5.4, 1.6, 3.0, 1.0]","[0, 0, 5.785714285714286, 1.8461538461538463, 1.25, 5.515151515151515]","[0, 0, 0, 0, 0, 0]","[0, 0, 3.8571428571428568, 2.142857142857143, 0.0, 1.5555555555555556]","[0, 0, 4.909090909090909, 1.3636363636363635, 3.25, 1.434782608695652]","[0, 1, 3.1973684210526314, 1.4605263157894737, 1.1176470588235294, 1.0555555555555556]","[0, 0, 24.545454545454543, 3.5454545454545454, 2.0, 0.9166666666666666]","[0, 0, 13.5, 3.0, 3, 2.0]","[0, 0, 0, 0, 0, 0]","[0, 0, 3.1422413793103448, 1.0991379310344829, 5.75, 6.444444444444444]","[0, 0, 0, 0, 0, 0]","[0, 0, 3.8571428571428568, 1.2857142857142856, 1.0, 1.1666666666666667]","[0, 0, 0, 0, 0, 0]","[0, 0, 9.0, 1.7142857142857142, 2.0, 0.5384615384615384]","[0, 0, 0, 0, 0, 0]","[0, 0, 0, 0, 0, 0]","[0, 0, 3.5660377358490565, 1.5849056603773584, 2.0, 0.7681159420289856]","[0, 0, 8.723076923076924, 1.7538461538461538, 2.0, 5.416666666666667]","[0, 0, 7.043478260869565, 2.4782608695652173, 1.3333333333333333, 0.7666666666666667]","[0, 0, 4.866279069767441, 1.6569767441860463, 1.2105263157894737, 5.212121212121212]"
61,2020-07-17,20200717OBHT0,"[0, 0, 0, 0, 0, 0]","[0, 0, 3.8571428571428568, 1.2698412698412698, 2.85, 5.7272727272727275]","[0, 0, 0, 0, 0, 0]","[0, 0, 10.8, 2.2, 1.2, 1.6666666666666667]","[0, 0, 0, 0, 0, 0]","[0, 0, 3.4468085106382977, 1.2127659574468086, 5.333333333333333, 1.424242424242424]","[0, 0, 4.743243243243244, 1.2162162162162162, 4.0, 0.9866666666666667]","[0, 0, 0, 0, 0, 0]","[0, 1, 8.756756756756758, 1.8648648648648647, 0.6666666666666666, 0.8222222222222223]","[0, 0, 2.52, 1.04, 3.125, 1.0869565217391304]","[0, 1, 5.472972972972974, 1.6216216216216215, 1.3076923076923077, 4.111111111111112]","[0, 0, 0, 0, 0, 0]","[0, 0, 0.0, 1.0, 0.0, 1.0]","[0, 0, 5.4, 1.6, 3.0, 1.0]","[0, 0, 5.785714285714286, 1.8461538461538463, 1.25, 5.515151515151515]","[0, 0, 0, 0, 0, 0]","[0, 0, 3.8571428571428568, 2.142857142857143, 0.0, 1.5555555555555556]","[0, 0, 4.909090909090909, 1.3636363636363635, 3.25, 1.434782608695652]","[0, 0, 3.1973684210526314, 1.4605263157894737, 1.1176470588235294, 1.0555555555555556]","[0, 0, 24.545454545454543, 3.5454545454545454, 2.0, 0.9166666666666666]","[0, 0, 13.5, 3.0, 3, 2.0]","[0, 0, 0, 0, 0, 0]","[0, 0, 3.1422413793103448, 1.0991379310344829, 5.75, 6.444444444444444]","[0, 0, 0, 0, 0, 0]","[0, 0, 3.8571428571428568, 1.2857142857142856, 1.0, 1.1666666666666667]","[0, 0, 0, 0, 0, 0]","[0, 0, 9.0, 1.7142857142857142, 2.0, 0.5384615384615384]","[0, 0, 0, 0, 0, 0]","[0, 0, 0, 0, 0, 0]","[0, 1, 5.0, 1.6666666666666667, 2.0, 0.75]","[0, 0, 8.723076923076924, 1.7538461538461538, 2.0, 5.416666666666667]","[0, 0, 7.043478260869565, 2.4782608695652173, 1.3333333333333333, 0.7666666666666667]","[1, 0, 4.973684210526316, 1.6263157894736842, 1.25, 5.277777777777778]"
62,2020-07-18,20200718OBHT0,"[0, 0, 0, 0, 0, 0]","[0, 0, 3.8571428571428568, 1.2698412698412698, 2.85, 5.7272727272727275]","[0, 0, 0, 0, 0, 0]","[0, 0, 10.8, 2.2, 1.2, 1.6666666666666667]","[0, 0, 0, 0, 0, 0]","[0, 1, 3.1153846153846154, 1.2692307692307694, 4.5, 1.4444444444444444]","[0, 0, 4.743243243243244, 1.2162162162162162, 4.0, 0.9866666666666667]","[0, 0, 0, 0, 0, 0]","[0, 0, 8.756756756756758, 1.8648648648648647, 0.6666666666666666, 0.8222222222222223]","[0, 0, 2.52, 1.04, 3.125, 1.0869565217391304]","[0, 0, 5.472972972972974, 1.6216216216216215, 1.3076923076923077, 4.111111111111112]","[0, 0, 0, 0, 0, 0]","[0, 0, 0.0, 1.0, 0.0, 1.0]","[0, 1, 4.764705882352941, 1.4705882352941178, 2.7142857142857144, 1.0625]","[0, 0, 5.785714285714286, 1.8461538461538463, 1.25, 5.515151515151515]","[0, 1, 0, 0, 0, 0]","[0, 0, 3.8571428571428568, 2.142857142857143, 0.0, 1.5555555555555556]","[1, 0, 4.764705882352941, 1.3235294117647058, 3.25, 1.4166666666666667]","[0, 0, 3.1973684210526314, 1.4605263157894737, 1.1176470588235294, 1.0555555555555556]","[0, 0, 24.545454545454543, 3.5454545454545454, 2.0, 0.9166666666666666]","[0, 0, 13.5, 3.0, 3, 2.0]","[0, 0, 0, 0, 0, 0]","[0, 0, 3.1422413793103448, 1.0991379310344829, 5.75, 6.444444444444444]","[0, 0, 0, 0, 0, 0]","[0, 0, 3.8571428571428568, 1.2857142857142856, 1.0, 1.1666666666666667]","[0, 0, 0, 0, 0, 0]","[0, 0, 9.0, 1.7142857142857142, 2.0, 0.5384615384615384]","[0, 0, 0, 0, 0, 0]","[0, 0, 0, 0, 0, 0]","[0, 0, 5.0, 1.6666666666666667, 2.0, 0.75]","[0, 0, 8.723076923076924, 1.7538461538461538, 2.0, 5.416666666666667]","[0, 0, 7.043478260869565, 2.4782608695652173, 1.3333333333333333, 0.7666666666666667]","[0, 0, 4.973684210526316, 1.6263157894736842, 1.25, 5.277777777777778]"
63,2020-07-19,20200719OBHT0,"[0, 0, 0, 0, 0, 0]","[0, 0, 3.8571428571428568, 1.2698412698412698, 2.85, 5.7272727272727275]","[0, 0, 0, 0, 0, 0]","[0, 0, 10.8, 2.2, 1.2, 1.6666666666666667]","[0, 0, 0, 0, 0, 0]","[0, 1, 2.892857142857143, 1.2857142857142856, 4.2, 1.435897435897436]","[0, 0, 4.743243243243244, 1.2162162162162162, 4.0, 0.9866666666666667]","[0, 0, 0, 0, 0, 0]","[0, 1, 7.902439024390244, 1.7560975609756098, 0.8571428571428571, 0.8541666666666666]","[0, 1, 2.423076923076923, 1.0384615384615385, 3.25, 1.0833333333333333]","[0, 0, 5.472972972972974, 1.6216216216216215, 1.3076923076923077, 4.111111111111112]","[0, 0, 0, 0, 0, 0]","[0, 0, 0.0, 1.0, 0.0, 1.0]","[0, 0, 4.764705882352941, 1.4705882352941178, 2.7142857142857144, 1.0625]","[1, 0, 5.863636363636364, 1.8333333333333333, 1.2647058823529411, 5.5]","[0, 0, 0, 0, 0, 0]","[0, 0, 3.8571428571428568, 2.142857142857143, 0.0, 1.5555555555555556]","[0, 0, 4.764705882352941, 1.3235294117647058, 3.25, 1.4166666666666667]","[0, 0, 3.1973684210526314, 1.4605263157894737, 1.1176470588235294, 1.0555555555555556]","[0, 0, 24.545454545454543, 3.5454545454545454, 2.0, 0.9166666666666666]","[0, 0, 13.5, 3.0, 3, 2.0]","[0, 0, 0, 0, 0, 0]","[0, 0, 3.1422413793103448, 1.0991379310344829, 5.75, 6.444444444444444]","[0, 0, 0, 0, 0, 0]","[0, 0, 3.8571428571428568, 1.2857142857142856, 1.0, 1.1666666666666667]","[0, 0, 0, 0, 0, 0]","[0, 0, 9.0, 1.7142857142857142, 2.0, 0.5384615384615384]","[0, 0, 0, 0, 0, 0]","[0, 0, 0, 0, 0, 0]","[0, 1, 4.909090909090909, 1.690909090909091, 2.0, 0.7333333333333333]","[0, 0, 8.723076923076924, 1.7538461538461538, 2.0, 5.416666666666667]","[0, 0, 7.043478260869565, 2.4782608695652173, 1.3333333333333333, 0.7666666666666667]","[0, 0, 4.973684210526316, 1.6263157894736842, 1.25, 5.277777777777778]"
