,date,game_key,이종민,김동혁,정대현,문성현,양현,윤영삼,김정후,김태훈,한현희,신재영,조상우,조성운,이영준,최원태,박주현,임규빈,차재용,김선기,박승주,브리검,양기현,김재웅,이승호,김성민,안우진,박주성,요키시,조영건,윤정현,오주원,김상수
0,2020-05-05,20200505WOHT0,"[0, 0, 0, 0, 0, 0]","[0, 0, 0, 0, 0, 0]","[0, 0, 0, 0, 0, 0]","[0, 0, 0, 0, 0, 0]","[0, 1, 0, 0, 0, 0]","[0, 0, 0, 0, 0, 0]","[0, 0, 0, 0, 0, 0]","[0, 0, 0, 0, 0, 0]","[0, 0, 0, 0, 0, 0]","[0, 0, 0, 0, 0, 0]","[0, 0, 0, 0, 0, 0]","[0, 0, 0, 0, 0, 0]","[0, 0, 0, 0, 0, 0]","[0, 0, 0, 0, 0, 0]","[0, 0, 0, 0, 0, 0]","[0, 1, 0, 0, 0, 0]","[0, 0, 0, 0, 0, 0]","[0, 0, 0, 0, 0, 0]","[0, 0, 0, 0, 0, 0]","[1, 0, 0, 0, 0, 0]","[0, 0, 0, 0, 0, 0]","[0, 1, 0, 0, 0, 0]","[0, 0, 0, 0, 0, 0]","[0, 1, 0, 0, 0, 0]","[0, 0, 0, 0, 0, 0]","[0, 0, 0, 0, 0, 0]","[0, 0, 0, 0, 0, 0]","[0, 0, 0, 0, 0, 0]","[0, 1, 0, 0, 0, 0]","[0, 0, 0, 0, 0, 0]","[0, 0, 0, 0, 0, 0]"
1,2020-05-06,20200506WOHT0,"[0, 0, 0, 0, 0, 0]","[0, 0, 0, 0, 0, 0]","[0, 0, 0, 0, 0, 0]","[0, 0, 0, 0, 0, 0]","[0, 0, 0, 0, 0, 0]","[0, 0, 0, 0, 0, 0]","[0, 0, 0, 0, 0, 0]","[0, 0, 0, 0, 0, 0]","[0, 0, 0, 0, 0, 0]","[0, 0, 0, 0, 0, 0]","[0, 1, 0, 0, 0, 0]","[0, 0, 0, 0, 0, 0]","[0, 1, 0, 0, 0, 0]","[0, 0, 0, 0, 0, 0]","[0, 0, 0, 0, 0, 0]","[0, 0, 0, 0, 0, 0]","[0, 0, 0, 0, 0, 0]","[0, 0, 0, 0, 0, 0]","[0, 0, 0, 0, 0, 0]","[0, 0, 0, 0, 0, 0]","[0, 0, 0, 0, 0, 0]","[0, 0, 0, 0, 0, 0]","[0, 0, 0, 0, 0, 0]","[0, 0, 0, 0, 0, 0]","[0, 0, 0, 0, 0, 0]","[0, 0, 0, 0, 0, 0]","[1, 0, 0, 0, 0, 0]","[0, 0, 0, 0, 0, 0]","[0, 0, 0, 0, 0, 0]","[0, 1, 0, 0, 0, 0]","[0, 1, 0, 0, 0, 0]"
2,2020-05-07,20200507WOHT0,"[0, 0, 0, 0, 0, 0]","[0, 0, 0, 0, 0, 0]","[0, 0, 0, 0, 0, 0]","[0, 0, 0, 0, 0, 0]","[0, 1, 0.0, 0.0, 2, 1.6666666666666667]","[0, 0, 0, 0, 0, 0]","[0, 0, 0, 0, 0, 0]","[0, 0, 0, 0, 0, 0]","[0, 0, 0, 0, 0, 0]","[0, 0, 0, 0, 0, 0]","[0, 0, 0, 0, 0, 0]","[0, 0, 0, 0, 0, 0]","[0, 1, 9.0, 1.0, 1, 1.0]","[1, 0, 0, 0, 0, 0]","[0, 0, 0, 0, 0, 0]","[0, 0, 0, 0, 0, 0]","[0, 0, 0, 0, 0, 0]","[0, 0, 0, 0, 0, 0]","[0, 0, 0, 0, 0, 0]","[0, 0, 0, 0, 0, 0]","[0, 0, 0, 0, 0, 0]","[0, 0, 0, 0, 0, 0]","[0, 0, 0, 0, 0, 0]","[0, 1, 0.0, 0.0, 1, 1.0]","[0, 0, 0, 0, 0, 0]","[0, 0, 0, 0, 0, 0]","[0, 0, 0, 0, 0, 0]","[0, 0, 0, 0, 0, 0]","[0, 0, 0, 0, 0, 0]","[0, 0, 0, 0, 0, 0]","[0, 1, 0.0, 1.0, 2, 1.0]"
3,2020-05-08,20200508HHWO0,"[0, 0, 0, 0, 0, 0]","[0, 0, 0, 0, 0, 0]","[0, 0, 0, 0, 0, 0]","[0, 0, 0, 0, 0, 0]","[0, 0, 0.0, 0.0, 2, 1.6666666666666667]","[0, 0, 0, 0, 0, 0]","[0, 0, 0, 0, 0, 0]","[0, 0, 0, 0, 0, 0]","[0, 0, 0, 0, 0, 0]","[0, 0, 0, 0, 0, 0]","[0, 1, 0.0, 1.0, 1, 1.0]","[0, 0, 0, 0, 0, 0]","[0, 0, 9.0, 1.0, 1, 1.0]","[0, 0, 0, 0, 0, 0]","[0, 0, 0, 0, 0, 0]","[0, 0, 0, 0, 0, 0]","[0, 0, 0, 0, 0, 0]","[0, 0, 0, 0, 0, 0]","[0, 0, 0, 0, 0, 0]","[0, 0, 0, 0, 0, 0]","[0, 0, 0, 0, 0, 0]","[0, 1, 0.0, 1.0, 1, 1.0]","[1, 0, 0, 0, 0, 0]","[0, 0, 0.0, 0.0, 1, 1.0]","[0, 0, 0, 0, 0, 0]","[0, 0, 0, 0, 0, 0]","[0, 0, 0, 0, 0, 0]","[0, 0, 0, 0, 0, 0]","[0, 0, 0, 0, 0, 0]","[0, 1, 0.0, 1.0, 1, 1.0]","[0, 0, 0.0, 1.0, 2, 1.0]"
4,2020-05-09,20200509HHWO0,"[0, 0, 0, 0, 0, 0]","[0, 0, 0, 0, 0, 0]","[0, 0, 0, 0, 0, 0]","[0, 0, 0, 0, 0, 0]","[0, 1, 0.0, 0.375, 3.0, 1.3333333333333333]","[0, 0, 0, 0, 0, 0]","[0, 0, 0, 0, 0, 0]","[0, 0, 0, 0, 0, 0]","[1, 0, 0, 0, 0, 0]","[0, 0, 0, 0, 0, 0]","[0, 1, 0.0, 0.5, 2, 1.0]","[0, 0, 0, 0, 0, 0]","[0, 1, 21.6, 2.4, 1.0, 0.8333333333333334]","[0, 0, 0, 0, 0, 0]","[0, 0, 0, 0, 0, 0]","[0, 0, 0, 0, 0, 0]","[0, 0, 0, 0, 0, 0]","[0, 0, 0, 0, 0, 0]","[0, 0, 0, 0, 0, 0]","[0, 0, 0, 0, 0, 0]","[0, 0, 0, 0, 0, 0]","[0, 0, 0.0, 1.0, 1, 1.0]","[0, 0, 0, 0, 0, 0]","[0, 0, 0.0, 0.0, 1, 1.0]","[0, 0, 0, 0, 0, 0]","[0, 0, 0, 0, 0, 0]","[0, 0, 0, 0, 0, 0]","[0, 0, 0, 0, 0, 0]","[0, 0, 0, 0, 0, 0]","[0, 0, 0.0, 1.0, 1, 1.0]","[0, 0, 0.0, 1.0, 2, 1.0]"
5,2020-05-10,20200510HHWO0,"[0, 0, 0, 0, 0, 0]","[0, 0, 0, 0, 0, 0]","[0, 0, 0, 0, 0, 0]","[0, 0, 0, 0, 0, 0]","[0, 1, 0.0, 0.5454545454545455, 3.0, 1.222222222222222]","[0, 0, 0, 0, 0, 0]","[0, 0, 0, 0, 0, 0]","[0, 1, 0, 0, 0, 0]","[0, 0, 0, 0, 0, 0]","[0, 0, 0, 0, 0, 0]","[0, 0, 0.0, 0.5, 2, 1.0]","[0, 0, 0, 0, 0, 0]","[0, 0, 21.6, 2.4, 1.0, 0.8333333333333334]","[0, 0, 0, 0, 0, 0]","[0, 0, 0, 0, 0, 0]","[0, 0, 0, 0, 0, 0]","[0, 0, 0, 0, 0, 0]","[0, 0, 0, 0, 0, 0]","[0, 0, 0, 0, 0, 0]","[1, 0, 0.0, 1.2, 1.0, 3.3333333333333335]","[0, 0, 0, 0, 0, 0]","[0, 0, 0.0, 1.0, 1, 1.0]","[0, 0, 0, 0, 0, 0]","[0, 0, 0.0, 0.0, 1, 1.0]","[0, 0, 0, 0, 0, 0]","[0, 0, 0, 0, 0, 0]","[0, 0, 0, 0, 0, 0]","[0, 0, 0, 0, 0, 0]","[0, 0, 0, 0, 0, 0]","[0, 0, 0.0, 1.0, 1, 1.0]","[0, 1, 5.4, 2.4, 4, 0.8333333333333334]"
6,2020-05-12,20200512SSWO0,"[0, 0, 0, 0, 0, 0]","[0, 0, 0, 0, 0, 0]","[0, 0, 0, 0, 0, 0]","[0, 0, 0, 0, 0, 0]","[0, 0, 0.0, 0.5454545454545455, 3.0, 1.222222222222222]","[0, 0, 0, 0, 0, 0]","[0, 0, 0, 0, 0, 0]","[0, 0, 0, 0, 0, 0]","[0, 0, 0, 0, 0, 0]","[0, 0, 0, 0, 0, 0]","[0, 1, 0.0, 0.6666666666666666, 2, 1.0]","[0, 0, 0, 0, 0, 0]","[0, 1, 13.5, 1.5, 1.0, 0.8888888888888888]","[0, 0, 0, 0, 0, 0]","[0, 0, 0, 0, 0, 0]","[0, 0, 0, 0, 0, 0]","[0, 0, 0, 0, 0, 0]","[0, 0, 0, 0, 0, 0]","[0, 0, 0, 0, 0, 0]","[0, 0, 0.0, 1.2, 1.0, 3.3333333333333335]","[0, 0, 0, 0, 0, 0]","[0, 0, 0.0, 1.0, 1, 1.0]","[0, 0, 0, 0, 0, 0]","[0, 0, 0.0, 0.0, 1, 1.0]","[0, 0, 0, 0, 0, 0]","[0, 0, 0, 0, 0, 0]","[1, 0, 1.8, 1.2, 4.0, 5.0]","[0, 0, 0, 0, 0, 0]","[0, 0, 0, 0, 0, 0]","[0, 0, 0.0, 1.0, 1, 1.0]","[0, 1, 3.375, 1.875, 5, 0.8888888888888888]"
7,2020-05-13,20200513SSWO0,"[0, 0, 0, 0, 0, 0]","[0, 0, 0, 0, 0, 0]","[0, 0, 0, 0, 0, 0]","[0, 0, 0, 0, 0, 0]","[0, 0, 0.0, 0.5454545454545455, 3.0, 1.222222222222222]","[0, 0, 0, 0, 0, 0]","[0, 0, 0, 0, 0, 0]","[0, 0, 0, 0, 0, 0]","[0, 0, 0, 0, 0, 0]","[0, 0, 0, 0, 0, 0]","[0, 0, 0.0, 0.6666666666666666, 2, 1.0]","[0, 0, 0, 0, 0, 0]","[0, 0, 13.5, 1.5, 1.0, 0.8888888888888888]","[1, 0, 3.6, 2.2, 2.0, 5.0]","[0, 0, 0, 0, 0, 0]","[0, 1, 0.0, 2.0, 0.0, 1.0]","[0, 0, 0, 0, 0, 0]","[0, 0, 0, 0, 0, 0]","[0, 0, 0, 0, 0, 0]","[0, 0, 0.0, 1.2, 1.0, 3.3333333333333335]","[0, 0, 0, 0, 0, 0]","[0, 0, 0.0, 1.0, 1, 1.0]","[0, 0, 0, 0, 0, 0]","[0, 0, 0.0, 0.0, 1, 1.0]","[0, 0, 0, 0, 0, 0]","[0, 0, 0, 0, 0, 0]","[0, 0, 1.8, 1.2, 4.0, 5.0]","[0, 0, 0, 0, 0, 0]","[0, 0, 0, 0, 0, 0]","[0, 1, 6.75, 2.25, 2, 0.6666666666666666]","[0, 0, 3.375, 1.875, 5, 0.8888888888888888]"
8,2020-05-14,20200514SSWO0,"[0, 0, 0, 0, 0, 0]","[0, 0, 0, 0, 0, 0]","[0, 0, 0, 0, 0, 0]","[0, 0, 0, 0, 0, 0]","[0, 0, 0.0, 0.5454545454545455, 3.0, 1.222222222222222]","[0, 0, 0, 0, 0, 0]","[0, 0, 0, 0, 0, 0]","[0, 1, 0.0, 0.6666666666666666, 0, 3.0]","[0, 0, 0, 0, 0, 0]","[0, 0, 0, 0, 0, 0]","[0, 0, 0.0, 0.6666666666666666, 2, 1.0]","[0, 0, 0, 0, 0, 0]","[0, 0, 13.5, 1.5, 1.0, 0.8888888888888888]","[0, 0, 3.6, 2.2, 2.0, 5.0]","[0, 0, 0, 0, 0, 0]","[0, 1, 4.5, 1.5, 0.0, 1.0]","[0, 0, 0, 0, 0, 0]","[0, 0, 0, 0, 0, 0]","[0, 0, 0, 0, 0, 0]","[0, 0, 0.0, 1.2, 1.0, 3.3333333333333335]","[0, 0, 0, 0, 0, 0]","[0, 1, 0.0, 1.0, 3, 1.0]","[1, 0, 2.7, 0.75, 1.5, 6.666666666666667]","[0, 0, 0.0, 0.0, 1, 1.0]","[0, 0, 0, 0, 0, 0]","[0, 0, 0, 0, 0, 0]","[0, 0, 1.8, 1.2, 4.0, 5.0]","[0, 0, 0, 0, 0, 0]","[0, 0, 0, 0, 0, 0]","[0, 0, 6.75, 2.25, 2, 0.6666666666666666]","[0, 1, 2.4545454545454546, 1.3636363636363638, 5, 0.9166666666666666]"
9,2020-05-16,20200516WOLG1,"[0, 0, 0, 0, 0, 0]","[0, 0, 0, 0, 0, 0]","[0, 0, 0, 0, 0, 0]","[0, 0, 0, 0, 0, 0]","[0, 0, 0.0, 0.5454545454545455, 3.0, 1.222222222222222]","[0, 0, 0, 0, 0, 0]","[0, 0, 0, 0, 0, 0]","[0, 0, 0.0, 0.6666666666666666, 0, 3.0]","[0, 0, 0, 0, 0, 0]","[0, 0, 0, 0, 0, 0]","[0, 0, 0.0, 0.6666666666666666, 2, 1.0]","[0, 0, 0, 0, 0, 0]","[0, 0, 13.5, 1.5, 1.0, 0.8888888888888888]","[0, 0, 3.6, 2.2, 2.0, 5.0]","[0, 0, 0, 0, 0, 0]","[0, 0, 4.5, 1.5, 0.0, 1.0]","[0, 1, 0, 0, 0, 0]","[0, 0, 0, 0, 0, 0]","[0, 0, 0, 0, 0, 0]","[1, 0, 3.6818181818181817, 1.6363636363636365, 2.3333333333333335, 3.6666666666666665]","[0, 0, 0, 0, 0, 0]","[0, 1, 0.0, 1.2, 5, 1.1111111111111112]","[0, 0, 2.7, 0.75, 1.5, 6.666666666666667]","[0, 0, 0.0, 0.0, 1, 1.0]","[0, 0, 0, 0, 0, 0]","[0, 0, 0, 0, 0, 0]","[0, 0, 1.8, 1.2, 4.0, 5.0]","[0, 0, 0, 0, 0, 0]","[0, 0, 0, 0, 0, 0]","[0, 1, 4.5, 1.5, 3, 0.6666666666666666]","[0, 0, 2.4545454545454546, 1.3636363636363638, 5, 0.9166666666666666]"
10,2020-05-16,20200516WOLG2,"[0, 0, 0, 0, 0, 0]","[0, 0, 0, 0, 0, 0]","[0, 0, 0, 0, 0, 0]","[0, 0, 0, 0, 0, 0]","[0, 1, 0.0, 0.8571428571428571, 4.0, 1.1666666666666667]","[0, 0, 0, 0, 0, 0]","[0, 0, 0, 0, 0, 0]","[0, 1, 0.0, 0.5, 0, 3.0]","[1, 0, 4.5, 1.5, 4.0, 6.0]","[0, 0, 0, 0, 0, 0]","[0, 0, 0.0, 0.6666666666666666, 2, 1.0]","[0, 0, 0, 0, 0, 0]","[0, 1, 9.818181818181818, 1.3636363636363638, 2.0, 0.9166666666666666]","[0, 0, 3.6, 2.2, 2.0, 5.0]","[0, 0, 0, 0, 0, 0]","[0, 0, 4.5, 1.5, 0.0, 1.0]","[0, 0, 0, 0, 0, 0]","[0, 0, 0, 0, 0, 0]","[0, 0, 0, 0, 0, 0]","[0, 0, 3.6818181818181817, 1.6363636363636365, 2.3333333333333335, 3.6666666666666665]","[0, 0, 0, 0, 0, 0]","[0, 0, 0.0, 1.2, 5, 1.1111111111111112]","[0, 0, 2.7, 0.75, 1.5, 6.666666666666667]","[0, 0, 0.0, 0.0, 1, 1.0]","[0, 0, 0, 0, 0, 0]","[0, 0, 0, 0, 0, 0]","[0, 0, 1.8, 1.2, 4.0, 5.0]","[0, 0, 0, 0, 0, 0]","[0, 0, 0, 0, 0, 0]","[0, 1, 3.8571428571428568, 1.2857142857142856, 3, 0.5833333333333334]","[0, 1, 8.307692307692308, 1.8461538461538463, 2.5, 0.8666666666666666]"
11,2020-05-17,20200517WOLG0,"[0, 0, 0, 0, 0, 0]","[0, 0, 0, 0, 0, 0]","[0, 0, 0, 0, 0, 0]","[0, 0, 0, 0, 0, 0]","[0, 1, 3.8571428571428568, 1.2857142857142856, 2.0, 0.9333333333333333]","[0, 0, 0, 0, 0, 0]","[0, 0, 0, 0, 0, 0]","[0, 0, 0.0, 0.5, 0, 3.0]","[0, 0, 4.5, 1.5, 4.0, 6.0]","[0, 0, 0, 0, 0, 0]","[0, 1, 0.0, 1.0, 3, 1.0]","[0, 0, 0, 0, 0, 0]","[0, 0, 9.818181818181818, 1.3636363636363638, 2.0, 0.9166666666666666]","[0, 0, 3.6, 2.2, 2.0, 5.0]","[0, 0, 0, 0, 0, 0]","[0, 1, 6.0, 1.6666666666666667, 0.0, 1.0]","[0, 0, 0, 0, 0, 0]","[0, 0, 0, 0, 0, 0]","[0, 0, 0, 0, 0, 0]","[0, 0, 3.6818181818181817, 1.6363636363636365, 2.3333333333333335, 3.6666666666666665]","[0, 0, 0, 0, 0, 0]","[0, 1, 0.0, 0.9230769230769231, 6, 1.0833333333333333]","[0, 0, 2.7, 0.75, 1.5, 6.666666666666667]","[0, 0, 0.0, 0.0, 1, 1.0]","[0, 0, 0, 0, 0, 0]","[0, 0, 0, 0, 0, 0]","[1, 0, 0.8181818181818182, 0.8181818181818182, 11.0, 5.5]","[0, 0, 0, 0, 0, 0]","[0, 0, 0, 0, 0, 0]","[0, 0, 3.8571428571428568, 1.2857142857142856, 3, 0.5833333333333334]","[0, 0, 8.307692307692308, 1.8461538461538463, 2.5, 0.8666666666666666]"
12,2020-05-19,20200519SKWO0,"[0, 0, 0, 0, 0, 0]","[0, 0, 0, 0, 0, 0]","[0, 0, 0, 0, 0, 0]","[0, 0, 0, 0, 0, 0]","[0, 0, 3.8571428571428568, 1.2857142857142856, 2.0, 0.9333333333333333]","[0, 0, 0, 0, 0, 0]","[0, 0, 0, 0, 0, 0]","[0, 1, 1.35, 0.8999999999999999, 0.0, 2.2222222222222223]","[0, 0, 4.5, 1.5, 4.0, 6.0]","[0, 0, 0, 0, 0, 0]","[0, 0, 0.0, 1.0, 3, 1.0]","[0, 0, 0, 0, 0, 0]","[0, 0, 9.818181818181818, 1.3636363636363638, 2.0, 0.9166666666666666]","[1, 0, 2.9189189189189193, 1.2162162162162162, 5.0, 6.166666666666667]","[0, 0, 0, 0, 0, 0]","[0, 1, 9.0, 2.0, 0.5, 1.0]","[0, 0, 0, 0, 0, 0]","[0, 0, 0, 0, 0, 0]","[0, 0, 0, 0, 0, 0]","[0, 0, 3.6818181818181817, 1.6363636363636365, 2.3333333333333335, 3.6666666666666665]","[0, 0, 0, 0, 0, 0]","[0, 1, 1.6875, 0.9375, 6, 1.0666666666666667]","[0, 0, 2.7, 0.75, 1.5, 6.666666666666667]","[0, 0, 0.0, 0.0, 1, 1.0]","[0, 0, 0, 0, 0, 0]","[0, 0, 0, 0, 0, 0]","[0, 0, 0.8181818181818182, 0.8181818181818182, 11.0, 5.5]","[0, 0, 0, 0, 0, 0]","[0, 0, 0, 0, 0, 0]","[0, 1, 3.375, 1.125, 3, 0.5333333333333333]","[0, 0, 8.307692307692308, 1.8461538461538463, 2.5, 0.8666666666666666]"
13,2020-05-20,20200520SKWO0,"[0, 0, 0, 0, 0, 0]","[0, 0, 0, 0, 0, 0]","[0, 0, 0, 0, 0, 0]","[0, 0, 0, 0, 0, 0]","[0, 1, 5.0625, 1.6875, 2.5, 0.8888888888888888]","[0, 0, 0, 0, 0, 0]","[0, 0, 0, 0, 0, 0]","[0, 0, 1.35, 0.8999999999999999, 0.0, 2.2222222222222223]","[0, 0, 4.5, 1.5, 4.0, 6.0]","[0, 0, 0, 0, 0, 0]","[0, 0, 0.0, 1.0, 3, 1.0]","[0, 0, 0, 0, 0, 0]","[0, 1, 7.7142857142857135, 1.2857142857142856, 2.0, 0.9333333333333333]","[0, 0, 2.9189189189189193, 1.2162162162162162, 5.0, 6.166666666666667]","[0, 0, 0, 0, 0, 0]","[0, 1, 7.2, 1.6, 0.5, 1.0]","[0, 0, 0, 0, 0, 0]","[0, 0, 0, 0, 0, 0]","[0, 0, 0, 0, 0, 0]","[0, 0, 3.6818181818181817, 1.6363636363636365, 2.3333333333333335, 3.6666666666666665]","[0, 0, 0, 0, 0, 0]","[0, 0, 1.6875, 0.9375, 6, 1.0666666666666667]","[1, 0, 5.586206896551724, 1.5517241379310345, 1.25, 4.833333333333333]","[0, 0, 0.0, 0.0, 1, 1.0]","[0, 0, 0, 0, 0, 0]","[0, 0, 0, 0, 0, 0]","[0, 0, 0.8181818181818182, 0.8181818181818182, 11.0, 5.5]","[0, 0, 0, 0, 0, 0]","[0, 0, 0, 0, 0, 0]","[0, 1, 2.4545454545454546, 0.8181818181818182, 5, 0.611111111111111]","[0, 0, 8.307692307692308, 1.8461538461538463, 2.5, 0.8666666666666666]"
14,2020-05-21,20200521SKWO0,"[0, 0, 0, 0, 0, 0]","[0, 0, 0, 0, 0, 0]","[0, 0, 0, 0, 0, 0]","[0, 0, 0, 0, 0, 0]","[0, 1, 4.263157894736842, 1.5789473684210527, 2.5, 0.9047619047619048]","[0, 0, 0, 0, 0, 0]","[0, 0, 0, 0, 0, 0]","[0, 0, 1.35, 0.8999999999999999, 0.0, 2.2222222222222223]","[1, 0, 4.090909090909091, 1.5454545454545454, 3.6666666666666665, 5.5]","[0, 0, 0, 0, 0, 0]","[0, 1, 0.0, 0.9230769230769231, 3, 0.8666666666666666]","[0, 0, 0, 0, 0, 0]","[0, 1, 8.4375, 1.6875, 1.5, 0.8888888888888888]","[0, 0, 2.9189189189189193, 1.2162162162162162, 5.0, 6.166666666666667]","[0, 0, 0, 0, 0, 0]","[0, 0, 7.2, 1.6, 0.5, 1.0]","[0, 0, 0, 0, 0, 0]","[0, 0, 0, 0, 0, 0]","[0, 0, 0, 0, 0, 0]","[0, 0, 3.6818181818181817, 1.6363636363636365, 2.3333333333333335, 3.6666666666666665]","[0, 0, 0, 0, 0, 0]","[0, 1, 2.8421052631578947, 0.9473684210526316, 8, 1.0555555555555556]","[0, 0, 5.586206896551724, 1.5517241379310345, 1.25, 4.833333333333333]","[0, 0, 0.0, 0.0, 1, 1.0]","[0, 0, 0, 0, 0, 0]","[0, 0, 0, 0, 0, 0]","[0, 0, 0.8181818181818182, 0.8181818181818182, 11.0, 5.5]","[0, 0, 0, 0, 0, 0]","[0, 0, 0, 0, 0, 0]","[0, 0, 2.4545454545454546, 0.8181818181818182, 5, 0.611111111111111]","[0, 1, 6.75, 1.5, 3.5, 0.8888888888888888]"
15,2020-05-22,20200522WOLT0,"[0, 0, 0, 0, 0, 0]","[0, 0, 0, 0, 0, 0]","[0, 0, 0, 0, 0, 0]","[0, 0, 0, 0, 0, 0]","[0, 0, 4.263157894736842, 1.5789473684210527, 2.5, 0.9047619047619048]","[0, 0, 0, 0, 0, 0]","[0, 0, 0, 0, 0, 0]","[0, 0, 1.35, 0.8999999999999999, 0.0, 2.2222222222222223]","[0, 0, 4.090909090909091, 1.5454545454545454, 3.6666666666666665, 5.5]","[0, 1, 0, 0, 0, 0]","[0, 0, 0.0, 0.9230769230769231, 3, 0.8666666666666666]","[0, 0, 0, 0, 0, 0]","[0, 0, 8.4375, 1.6875, 1.5, 0.8888888888888888]","[0, 0, 2.9189189189189193, 1.2162162162162162, 5.0, 6.166666666666667]","[0, 0, 0, 0, 0, 0]","[0, 0, 7.2, 1.6, 0.5, 1.0]","[0, 0, 0, 0, 0, 0]","[0, 0, 0, 0, 0, 0]","[0, 0, 0, 0, 0, 0]","[1, 0, 4.153846153846154, 1.4615384615384615, 1.8333333333333333, 4.333333333333333]","[0, 0, 0, 0, 0, 0]","[0, 1, 2.4545454545454546, 0.8181818181818182, 9, 1.0476190476190477]","[0, 0, 5.586206896551724, 1.5517241379310345, 1.25, 4.833333333333333]","[0, 1, 10.8, 1.2, 1, 0.8333333333333334]","[0, 0, 0, 0, 0, 0]","[0, 0, 0, 0, 0, 0]","[0, 0, 0.8181818181818182, 0.8181818181818182, 11.0, 5.5]","[0, 0, 0, 0, 0, 0]","[0, 0, 0, 0, 0, 0]","[0, 0, 2.4545454545454546, 0.8181818181818182, 5, 0.611111111111111]","[0, 1, 8.4375, 1.875, 2.3333333333333335, 0.7619047619047619]"
16,2020-05-23,20200523WOLT0,"[0, 0, 0, 0, 0, 0]","[0, 0, 0, 0, 0, 0]","[0, 0, 0, 0, 0, 0]","[0, 0, 0, 0, 0, 0]","[0, 0, 4.263157894736842, 1.5789473684210527, 2.5, 0.9047619047619048]","[0, 0, 0, 0, 0, 0]","[0, 0, 0, 0, 0, 0]","[0, 1, 0.9, 0.7, 3.0, 2.5]","[0, 0, 4.090909090909091, 1.5454545454545454, 3.6666666666666665, 5.5]","[0, 1, 0.0, 3.0, 0.0, 1.0]","[0, 0, 0.0, 0.9230769230769231, 3, 0.8666666666666666]","[0, 0, 0, 0, 0, 0]","[0, 0, 8.4375, 1.6875, 1.5, 0.8888888888888888]","[0, 0, 2.9189189189189193, 1.2162162162162162, 5.0, 6.166666666666667]","[0, 0, 0, 0, 0, 0]","[0, 0, 7.2, 1.6, 0.5, 1.0]","[0, 0, 0, 0, 0, 0]","[0, 0, 0, 0, 0, 0]","[0, 0, 0, 0, 0, 0]","[0, 0, 4.153846153846154, 1.4615384615384615, 1.8333333333333333, 4.333333333333333]","[0, 0, 0, 0, 0, 0]","[0, 0, 2.4545454545454546, 0.8181818181818182, 9, 1.0476190476190477]","[0, 0, 5.586206896551724, 1.5517241379310345, 1.25, 4.833333333333333]","[0, 1, 6.75, 1.5, 1.0, 0.8888888888888888]","[0, 0, 0, 0, 0, 0]","[0, 0, 0, 0, 0, 0]","[1, 0, 0.5294117647058824, 0.7058823529411765, 7.0, 5.666666666666667]","[0, 0, 0, 0, 0, 0]","[0, 0, 0, 0, 0, 0]","[0, 0, 2.4545454545454546, 0.8181818181818182, 5, 0.611111111111111]","[0, 0, 8.4375, 1.875, 2.3333333333333335, 0.7619047619047619]"
17,2020-05-24,20200524WOLT0,"[0, 0, 0, 0, 0, 0]","[0, 0, 0, 0, 0, 0]","[0, 0, 0, 0, 0, 0]","[0, 0, 0, 0, 0, 0]","[0, 0, 4.263157894736842, 1.5789473684210527, 2.5, 0.9047619047619048]","[0, 0, 0, 0, 0, 0]","[0, 0, 0, 0, 0, 0]","[0, 1, 0.8181818181818182, 0.6363636363636364, 3.0, 2.2]","[0, 0, 4.090909090909091, 1.5454545454545454, 3.6666666666666665, 5.5]","[0, 0, 0.0, 3.0, 0.0, 1.0]","[0, 0, 0.0, 0.9230769230769231, 3, 0.8666666666666666]","[0, 0, 0, 0, 0, 0]","[0, 1, 7.105263157894736, 1.4210526315789473, 2.5, 0.9047619047619048]","[1, 0, 4.8, 1.5333333333333334, 2.0, 5.0]","[0, 0, 0, 0, 0, 0]","[0, 0, 7.2, 1.6, 0.5, 1.0]","[0, 0, 0, 0, 0, 0]","[0, 0, 0, 0, 0, 0]","[0, 0, 0, 0, 0, 0]","[0, 0, 4.153846153846154, 1.4615384615384615, 1.8333333333333333, 4.333333333333333]","[0, 0, 0, 0, 0, 0]","[0, 0, 2.4545454545454546, 0.8181818181818182, 9, 1.0476190476190477]","[0, 0, 5.586206896551724, 1.5517241379310345, 1.25, 4.833333333333333]","[0, 0, 6.75, 1.5, 1.0, 0.8888888888888888]","[0, 0, 0, 0, 0, 0]","[0, 0, 0, 0, 0, 0]","[0, 0, 0.5294117647058824, 0.7058823529411765, 7.0, 5.666666666666667]","[0, 0, 0, 0, 0, 0]","[0, 0, 0, 0, 0, 0]","[0, 1, 4.909090909090909, 1.3636363636363638, 5, 0.5238095238095238]","[0, 0, 8.4375, 1.875, 2.3333333333333335, 0.7619047619047619]"
18,2020-05-26,20200526WONC0,"[0, 0, 0, 0, 0, 0]","[0, 0, 0, 0, 0, 0]","[0, 0, 0, 0, 0, 0]","[0, 0, 0, 0, 0, 0]","[0, 0, 4.263157894736842, 1.5789473684210527, 2.5, 0.9047619047619048]","[0, 0, 0, 0, 0, 0]","[0, 0, 0, 0, 0, 0]","[0, 0, 0.8181818181818182, 0.6363636363636364, 3.0, 2.2]","[0, 0, 4.090909090909091, 1.5454545454545454, 3.6666666666666665, 5.5]","[0, 0, 0.0, 3.0, 0.0, 1.0]","[0, 0, 0.0, 0.9230769230769231, 3, 0.8666666666666666]","[0, 0, 0, 0, 0, 0]","[0, 0, 7.105263157894736, 1.4210526315789473, 2.5, 0.9047619047619048]","[0, 0, 4.8, 1.5333333333333334, 2.0, 5.0]","[0, 0, 0, 0, 0, 0]","[0, 1, 4.909090909090909, 1.090909090909091, 1.0, 1.222222222222222]","[0, 0, 0, 0, 0, 0]","[0, 0, 0, 0, 0, 0]","[0, 0, 0, 0, 0, 0]","[0, 0, 4.153846153846154, 1.4615384615384615, 1.8333333333333333, 4.333333333333333]","[0, 0, 0, 0, 0, 0]","[0, 0, 2.4545454545454546, 0.8181818181818182, 9, 1.0476190476190477]","[1, 0, 4.909090909090909, 1.4318181818181819, 2.4, 4.888888888888888]","[0, 1, 7.363636363636363, 1.6363636363636365, 0.6666666666666666, 0.9166666666666666]","[0, 0, 0, 0, 0, 0]","[0, 0, 0, 0, 0, 0]","[0, 0, 0.5294117647058824, 0.7058823529411765, 7.0, 5.666666666666667]","[0, 0, 0, 0, 0, 0]","[0, 0, 0, 0, 0, 0]","[0, 0, 4.909090909090909, 1.3636363636363638, 5, 0.5238095238095238]","[0, 0, 8.4375, 1.875, 2.3333333333333335, 0.7619047619047619]"
19,2020-05-27,20200527WONC0,"[0, 0, 0, 0, 0, 0]","[0, 0, 0, 0, 0, 0]","[0, 0, 0, 0, 0, 0]","[0, 0, 0, 0, 0, 0]","[0, 0, 4.263157894736842, 1.5789473684210527, 2.5, 0.9047619047619048]","[0, 0, 0, 0, 0, 0]","[0, 0, 0, 0, 0, 0]","[0, 0, 0.8181818181818182, 0.6363636363636364, 3.0, 2.2]","[1, 0, 5.625, 1.6875, 2.6, 5.333333333333333]","[0, 1, 0.0, 2.5, 0.5, 1.0]","[0, 0, 0.0, 0.9230769230769231, 3, 0.8666666666666666]","[0, 0, 0, 0, 0, 0]","[0, 0, 7.105263157894736, 1.4210526315789473, 2.5, 0.9047619047619048]","[0, 0, 4.8, 1.5333333333333334, 2.0, 5.0]","[0, 0, 0, 0, 0, 0]","[0, 0, 4.909090909090909, 1.090909090909091, 1.0, 1.222222222222222]","[0, 0, 0, 0, 0, 0]","[0, 0, 0, 0, 0, 0]","[0, 0, 0, 0, 0, 0]","[0, 0, 4.153846153846154, 1.4615384615384615, 1.8333333333333333, 4.333333333333333]","[0, 0, 0, 0, 0, 0]","[0, 1, 6.136363636363636, 1.2272727272727273, 9.0, 0.9166666666666666]","[0, 0, 4.909090909090909, 1.4318181818181819, 2.4, 4.888888888888888]","[0, 1, 11.571428571428571, 1.7142857142857142, 0.75, 0.9333333333333333]","[0, 0, 0, 0, 0, 0]","[0, 0, 0, 0, 0, 0]","[0, 0, 0.5294117647058824, 0.7058823529411765, 7.0, 5.666666666666667]","[0, 0, 0, 0, 0, 0]","[0, 0, 0, 0, 0, 0]","[0, 1, 4.5, 1.5, 5, 0.5]","[0, 0, 8.4375, 1.875, 2.3333333333333335, 0.7619047619047619]"
20,2020-05-28,20200528WONC0,"[0, 0, 0, 0, 0, 0]","[0, 0, 0, 0, 0, 0]","[1, 0, 0, 0, 0, 0]","[0, 0, 0, 0, 0, 0]","[0, 0, 4.263157894736842, 1.5789473684210527, 2.5, 0.9047619047619048]","[0, 0, 0, 0, 0, 0]","[0, 0, 0, 0, 0, 0]","[0, 1, 0.75, 0.6666666666666666, 3.0, 2.0]","[0, 0, 5.625, 1.6875, 2.6, 5.333333333333333]","[0, 1, 0.0, 2.0, 0.5, 1.0]","[0, 0, 0.0, 0.9230769230769231, 3, 0.8666666666666666]","[0, 0, 0, 0, 0, 0]","[0, 1, 7.7142857142857135, 1.5714285714285714, 2.5, 0.875]","[0, 0, 4.8, 1.5333333333333334, 2.0, 5.0]","[0, 0, 0, 0, 0, 0]","[0, 1, 4.32, 1.0799999999999998, 1.0, 1.1904761904761905]","[0, 0, 0, 0, 0, 0]","[0, 0, 0, 0, 0, 0]","[0, 0, 0, 0, 0, 0]","[0, 0, 4.153846153846154, 1.4615384615384615, 1.8333333333333333, 4.333333333333333]","[0, 0, 0, 0, 0, 0]","[0, 0, 6.136363636363636, 1.2272727272727273, 9.0, 0.9166666666666666]","[0, 0, 4.909090909090909, 1.4318181818181819, 2.4, 4.888888888888888]","[0, 0, 11.571428571428571, 1.7142857142857142, 0.75, 0.9333333333333333]","[0, 0, 0, 0, 0, 0]","[0, 0, 0, 0, 0, 0]","[0, 0, 0.5294117647058824, 0.7058823529411765, 7.0, 5.666666666666667]","[0, 0, 0, 0, 0, 0]","[0, 0, 0, 0, 0, 0]","[0, 1, 10.384615384615385, 2.076923076923077, 6, 0.48148148148148145]","[0, 1, 8.526315789473683, 1.8947368421052633, 2.0, 0.7916666666666666]"
21,2020-05-29,20200529KTWO0,"[0, 0, 0, 0, 0, 0]","[0, 0, 0, 0, 0, 0]","[0, 0, 0, 0, 0, 0]","[0, 0, 0, 0, 0, 0]","[0, 0, 4.263157894736842, 1.5789473684210527, 2.5, 0.9047619047619048]","[0, 0, 0, 0, 0, 0]","[0, 0, 0, 0, 0, 0]","[0, 0, 0.75, 0.6666666666666666, 3.0, 2.0]","[0, 0, 5.625, 1.6875, 2.6, 5.333333333333333]","[0, 0, 0.0, 2.0, 0.5, 1.0]","[0, 1, 0.0, 0.7894736842105263, 5, 1.0555555555555556]","[0, 0, 0, 0, 0, 0]","[0, 1, 8.217391304347826, 1.5652173913043477, 2.0, 0.8518518518518519]","[0, 0, 4.8, 1.5333333333333334, 2.0, 5.0]","[0, 0, 0, 0, 0, 0]","[0, 0, 4.32, 1.0799999999999998, 1.0, 1.1904761904761905]","[0, 0, 0, 0, 0, 0]","[0, 0, 0, 0, 0, 0]","[0, 0, 0, 0, 0, 0]","[0, 0, 4.153846153846154, 1.4615384615384615, 1.8333333333333333, 4.333333333333333]","[0, 0, 0, 0, 0, 0]","[0, 0, 6.136363636363636, 1.2272727272727273, 9.0, 0.9166666666666666]","[0, 0, 4.909090909090909, 1.4318181818181819, 2.4, 4.888888888888888]","[0, 0, 11.571428571428571, 1.7142857142857142, 0.75, 0.9333333333333333]","[0, 0, 0, 0, 0, 0]","[0, 0, 0, 0, 0, 0]","[1, 0, 1.1739130434782608, 0.8695652173913043, 4.5, 5.75]","[0, 0, 0, 0, 0, 0]","[0, 0, 0, 0, 0, 0]","[0, 0, 10.384615384615385, 2.076923076923077, 6, 0.48148148148148145]","[0, 0, 8.526315789473683, 1.8947368421052633, 2.0, 0.7916666666666666]"
22,2020-05-30,20200530KTWO0,"[0, 0, 0, 0, 0, 0]","[0, 0, 0, 0, 0, 0]","[0, 0, 0, 0, 0, 0]","[0, 0, 0, 0, 0, 0]","[0, 0, 4.263157894736842, 1.5789473684210527, 2.5, 0.9047619047619048]","[0, 0, 0, 0, 0, 0]","[0, 0, 0, 0, 0, 0]","[0, 0, 0.75, 0.6666666666666666, 3.0, 2.0]","[0, 0, 5.625, 1.6875, 2.6, 5.333333333333333]","[0, 0, 0.0, 2.0, 0.5, 1.0]","[0, 0, 0.0, 0.7894736842105263, 5, 1.0555555555555556]","[0, 1, 0, 0, 0, 0]","[0, 0, 8.217391304347826, 1.5652173913043477, 2.0, 0.8518518518518519]","[1, 0, 3.8571428571428568, 1.3333333333333333, 2.5, 5.25]","[0, 0, 0, 0, 0, 0]","[0, 0, 4.32, 1.0799999999999998, 1.0, 1.1904761904761905]","[0, 0, 0, 0, 0, 0]","[0, 0, 0, 0, 0, 0]","[0, 0, 0, 0, 0, 0]","[0, 0, 4.153846153846154, 1.4615384615384615, 1.8333333333333333, 4.333333333333333]","[0, 0, 0, 0, 0, 0]","[0, 0, 6.136363636363636, 1.2272727272727273, 9.0, 0.9166666666666666]","[0, 0, 4.909090909090909, 1.4318181818181819, 2.4, 4.888888888888888]","[0, 1, 9.529411764705882, 1.4117647058823528, 1.25, 0.9444444444444445]","[0, 0, 0, 0, 0, 0]","[0, 0, 0, 0, 0, 0]","[0, 0, 1.1739130434782608, 0.8695652173913043, 4.5, 5.75]","[0, 1, 0, 0, 0, 0]","[0, 0, 0, 0, 0, 0]","[0, 0, 10.384615384615385, 2.076923076923077, 6, 0.48148148148148145]","[0, 0, 8.526315789473683, 1.8947368421052633, 2.0, 0.7916666666666666]"
23,2020-05-31,20200531KTWO0,"[0, 0, 0, 0, 0, 0]","[0, 0, 0, 0, 0, 0]","[0, 0, 0, 0, 0, 0]","[0, 0, 0, 0, 0, 0]","[0, 0, 4.263157894736842, 1.5789473684210527, 2.5, 0.9047619047619048]","[0, 0, 0, 0, 0, 0]","[0, 0, 0, 0, 0, 0]","[0, 1, 1.35, 0.75, 4.0, 1.9047619047619049]","[0, 0, 5.625, 1.6875, 2.6, 5.333333333333333]","[0, 0, 0.0, 2.0, 0.5, 1.0]","[0, 0, 0.0, 0.7894736842105263, 5, 1.0555555555555556]","[0, 1, 0.0, 1.0, 1, 1.0]","[0, 1, 7.875000000000001, 1.875, 2.3333333333333335, 0.8]","[0, 0, 3.8571428571428568, 1.3333333333333333, 2.5, 5.25]","[0, 0, 0, 0, 0, 0]","[0, 1, 4.354838709677419, 1.064516129032258, 1.5, 1.2916666666666667]","[0, 0, 0, 0, 0, 0]","[0, 0, 0, 0, 0, 0]","[0, 0, 0, 0, 0, 0]","[0, 0, 4.153846153846154, 1.4615384615384615, 1.8333333333333333, 4.333333333333333]","[0, 0, 0, 0, 0, 0]","[0, 1, 6.230769230769231, 1.2692307692307694, 9.0, 0.9629629629629629]","[1, 0, 5.225806451612903, 1.4032258064516128, 2.142857142857143, 5.166666666666667]","[0, 0, 9.529411764705882, 1.4117647058823528, 1.25, 0.9444444444444445]","[0, 0, 0, 0, 0, 0]","[0, 0, 0, 0, 0, 0]","[0, 0, 1.1739130434782608, 0.8695652173913043, 4.5, 5.75]","[0, 0, 0, 0, 0, 0]","[0, 0, 0, 0, 0, 0]","[0, 0, 10.384615384615385, 2.076923076923077, 6, 0.48148148148148145]","[0, 1, 9.45, 1.95, 2.0, 0.7407407407407408]"
24,2020-06-02,20200602WOHH0,"[0, 0, 0, 0, 0, 0]","[0, 0, 0, 0, 0, 0]","[0, 0, 0, 0, 0, 0]","[0, 0, 0, 0, 0, 0]","[0, 1, 6.136363636363636, 1.7727272727272727, 1.6666666666666667, 0.9166666666666666]","[0, 0, 0, 0, 0, 0]","[0, 0, 0, 0, 0, 0]","[0, 0, 1.35, 0.75, 4.0, 1.9047619047619049]","[1, 0, 6.639344262295082, 1.8688524590163935, 1.6666666666666667, 5.083333333333333]","[0, 0, 0.0, 2.0, 0.5, 1.0]","[0, 0, 0.0, 0.7894736842105263, 5, 1.0555555555555556]","[0, 0, 0.0, 1.0, 1, 1.0]","[0, 0, 7.875000000000001, 1.875, 2.3333333333333335, 0.8]","[0, 0, 3.8571428571428568, 1.3333333333333333, 2.5, 5.25]","[0, 0, 0, 0, 0, 0]","[0, 0, 4.354838709677419, 1.064516129032258, 1.5, 1.2916666666666667]","[0, 0, 0, 0, 0, 0]","[0, 0, 0, 0, 0, 0]","[0, 0, 0, 0, 0, 0]","[0, 0, 4.153846153846154, 1.4615384615384615, 1.8333333333333333, 4.333333333333333]","[0, 0, 0, 0, 0, 0]","[0, 0, 6.230769230769231, 1.2692307692307694, 9.0, 0.9629629629629629]","[0, 0, 5.225806451612903, 1.4032258064516128, 2.142857142857143, 5.166666666666667]","[0, 1, 9.45, 1.3499999999999999, 1.25, 0.9523809523809524]","[0, 0, 0, 0, 0, 0]","[0, 0, 0, 0, 0, 0]","[0, 0, 1.1739130434782608, 0.8695652173913043, 4.5, 5.75]","[0, 0, 0, 0, 0, 0]","[0, 0, 0, 0, 0, 0]","[0, 0, 10.384615384615385, 2.076923076923077, 6, 0.48148148148148145]","[0, 0, 9.45, 1.95, 2.0, 0.7407407407407408]"
25,2020-06-03,20200603WOHH0,"[0, 0, 0, 0, 0, 0]","[0, 0, 0, 0, 0, 0]","[0, 0, 0, 0, 0, 0]","[0, 0, 0, 0, 0, 0]","[0, 0, 6.136363636363636, 1.7727272727272727, 1.6666666666666667, 0.9166666666666666]","[0, 0, 0, 0, 0, 0]","[0, 0, 0, 0, 0, 0]","[0, 1, 1.2, 0.8, 2.5, 1.875]","[0, 0, 6.639344262295082, 1.8688524590163935, 1.6666666666666667, 5.083333333333333]","[0, 0, 0.0, 2.0, 0.5, 1.0]","[0, 1, 0.0, 0.625, 7, 1.1428571428571428]","[0, 0, 0.0, 1.0, 1, 1.0]","[0, 1, 7.5600000000000005, 1.7999999999999998, 2.3333333333333335, 0.7575757575757577]","[0, 0, 3.8571428571428568, 1.3333333333333333, 2.5, 5.25]","[0, 0, 0, 0, 0, 0]","[0, 0, 4.354838709677419, 1.064516129032258, 1.5, 1.2916666666666667]","[0, 0, 0, 0, 0, 0]","[0, 0, 0, 0, 0, 0]","[0, 0, 0, 0, 0, 0]","[0, 0, 4.153846153846154, 1.4615384615384615, 1.8333333333333333, 4.333333333333333]","[0, 0, 0, 0, 0, 0]","[0, 1, 5.586206896551724, 1.2413793103448276, 5.5, 0.9666666666666666]","[0, 0, 5.225806451612903, 1.4032258064516128, 2.142857142857143, 5.166666666666667]","[0, 0, 9.45, 1.3499999999999999, 1.25, 0.9523809523809524]","[0, 0, 0, 0, 0, 0]","[0, 0, 0, 0, 0, 0]","[0, 0, 1.1739130434782608, 0.8695652173913043, 4.5, 5.75]","[1, 0, 0.0, 1.0, 0.0, 1.0]","[0, 0, 0, 0, 0, 0]","[0, 0, 10.384615384615385, 2.076923076923077, 6, 0.48148148148148145]","[0, 0, 9.45, 1.95, 2.0, 0.7407407407407408]"
26,2020-06-04,20200604WOHH0,"[0, 0, 0, 0, 0, 0]","[0, 0, 0, 0, 0, 0]","[0, 0, 0, 0, 0, 0]","[0, 0, 0, 0, 0, 0]","[0, 1, 5.4, 1.5599999999999998, 2.0, 0.925925925925926]","[0, 0, 0, 0, 0, 0]","[0, 0, 0, 0, 0, 0]","[0, 1, 1.125, 0.75, 2.5, 1.7777777777777777]","[0, 0, 6.639344262295082, 1.8688524590163935, 1.6666666666666667, 5.083333333333333]","[0, 0, 0.0, 2.0, 0.5, 1.0]","[0, 0, 0.0, 0.625, 7, 1.1428571428571428]","[0, 0, 0.0, 1.0, 1, 1.0]","[0, 0, 7.5600000000000005, 1.7999999999999998, 2.3333333333333335, 0.7575757575757577]","[0, 0, 3.8571428571428568, 1.3333333333333333, 2.5, 5.25]","[0, 0, 0, 0, 0, 0]","[0, 0, 4.354838709677419, 1.064516129032258, 1.5, 1.2916666666666667]","[0, 0, 0, 0, 0, 0]","[0, 0, 0, 0, 0, 0]","[0, 0, 0, 0, 0, 0]","[0, 0, 4.153846153846154, 1.4615384615384615, 1.8333333333333333, 4.333333333333333]","[0, 0, 0, 0, 0, 0]","[0, 0, 5.586206896551724, 1.2413793103448276, 5.5, 0.9666666666666666]","[0, 0, 5.225806451612903, 1.4032258064516128, 2.142857142857143, 5.166666666666667]","[0, 0, 9.45, 1.3499999999999999, 1.25, 0.9523809523809524]","[0, 0, 0, 0, 0, 0]","[0, 0, 0, 0, 0, 0]","[1, 0, 0.9, 0.8666666666666667, 5.4, 6.0]","[0, 0, 0.0, 1.0, 0.0, 1.0]","[0, 0, 0, 0, 0, 0]","[0, 0, 10.384615384615385, 2.076923076923077, 6, 0.48148148148148145]","[0, 0, 9.45, 1.95, 2.0, 0.7407407407407408]"
27,2020-06-05,20200605LGWO0,"[0, 0, 0, 0, 0, 0]","[0, 0, 0, 0, 0, 0]","[0, 0, 0, 0, 0, 0]","[0, 0, 0, 0, 0, 0]","[0, 0, 5.4, 1.5599999999999998, 2.0, 0.925925925925926]","[0, 0, 0, 0, 0, 0]","[0, 0, 0, 0, 0, 0]","[0, 0, 1.125, 0.75, 2.5, 1.7777777777777777]","[0, 0, 6.639344262295082, 1.8688524590163935, 1.6666666666666667, 5.083333333333333]","[0, 0, 0.0, 2.0, 0.5, 1.0]","[0, 1, 0.0, 0.6428571428571428, 9, 1.1666666666666667]","[0, 0, 0.0, 1.0, 1, 1.0]","[0, 1, 7.0, 1.8888888888888888, 2.3333333333333335, 0.75]","[1, 0, 3.6666666666666665, 1.2222222222222223, 3.3333333333333335, 5.4]","[0, 0, 0, 0, 0, 0]","[0, 0, 4.354838709677419, 1.064516129032258, 1.5, 1.2916666666666667]","[0, 0, 0, 0, 0, 0]","[0, 0, 0, 0, 0, 0]","[0, 0, 0, 0, 0, 0]","[0, 0, 4.153846153846154, 1.4615384615384615, 1.8333333333333333, 4.333333333333333]","[0, 0, 0, 0, 0, 0]","[0, 0, 5.586206896551724, 1.2413793103448276, 5.5, 0.9666666666666666]","[0, 0, 5.225806451612903, 1.4032258064516128, 2.142857142857143, 5.166666666666667]","[0, 0, 9.45, 1.3499999999999999, 1.25, 0.9523809523809524]","[0, 0, 0, 0, 0, 0]","[0, 0, 0, 0, 0, 0]","[0, 0, 0.9, 0.8666666666666667, 5.4, 6.0]","[0, 0, 0.0, 1.0, 0.0, 1.0]","[0, 0, 0, 0, 0, 0]","[0, 0, 10.384615384615385, 2.076923076923077, 6, 0.48148148148148145]","[0, 0, 9.45, 1.95, 2.0, 0.7407407407407408]"
28,2020-06-06,20200606LGWO0,"[0, 0, 0, 0, 0, 0]","[0, 0, 0, 0, 0, 0]","[0, 0, 0, 0, 0, 0]","[0, 0, 0, 0, 0, 0]","[0, 1, 4.821428571428571, 1.3928571428571428, 2.0, 0.9333333333333333]","[0, 0, 0, 0, 0, 0]","[0, 0, 0, 0, 0, 0]","[0, 0, 1.125, 0.75, 2.5, 1.7777777777777777]","[0, 0, 6.639344262295082, 1.8688524590163935, 1.6666666666666667, 5.083333333333333]","[0, 0, 0.0, 2.0, 0.5, 1.0]","[0, 0, 0.0, 0.6428571428571428, 9, 1.1666666666666667]","[0, 1, 0.0, 0.42857142857142855, 3, 1.1666666666666667]","[0, 0, 7.0, 1.8888888888888888, 2.3333333333333335, 0.75]","[0, 0, 3.6666666666666665, 1.2222222222222223, 3.3333333333333335, 5.4]","[0, 0, 0, 0, 0, 0]","[0, 1, 4.5, 1.25, 1.6666666666666667, 1.3333333333333333]","[0, 0, 0, 0, 0, 0]","[0, 0, 0, 0, 0, 0]","[0, 0, 0, 0, 0, 0]","[0, 0, 4.153846153846154, 1.4615384615384615, 1.8333333333333333, 4.333333333333333]","[0, 0, 0, 0, 0, 0]","[0, 1, 5.0625, 1.125, 6.5, 0.9696969696969696]","[1, 0, 7.826086956521739, 1.6521739130434783, 1.7777777777777777, 4.6]","[0, 0, 9.45, 1.3499999999999999, 1.25, 0.9523809523809524]","[0, 0, 0, 0, 0, 0]","[0, 0, 0, 0, 0, 0]","[0, 0, 0.9, 0.8666666666666667, 5.4, 6.0]","[0, 0, 0.0, 1.0, 0.0, 1.0]","[0, 0, 0, 0, 0, 0]","[0, 0, 10.384615384615385, 2.076923076923077, 6, 0.48148148148148145]","[0, 0, 9.45, 1.95, 2.0, 0.7407407407407408]"
29,2020-06-07,20200607LGWO0,"[0, 0, 0, 0, 0, 0]","[0, 0, 0, 0, 0, 0]","[0, 0, 0, 0, 0, 0]","[0, 0, 0, 0, 0, 0]","[0, 0, 4.821428571428571, 1.3928571428571428, 2.0, 0.9333333333333333]","[0, 0, 0, 0, 0, 0]","[0, 0, 0, 0, 0, 0]","[0, 0, 1.125, 0.75, 2.5, 1.7777777777777777]","[1, 0, 5.597560975609756, 1.6463414634146343, 2.2222222222222223, 5.466666666666667]","[0, 0, 0.0, 2.0, 0.5, 1.0]","[0, 0, 0.0, 0.6428571428571428, 9, 1.1666666666666667]","[0, 1, 2.7, 0.8999999999999999, 4, 1.1111111111111112]","[0, 0, 7.0, 1.8888888888888888, 2.3333333333333335, 0.75]","[0, 0, 3.6666666666666665, 1.2222222222222223, 3.3333333333333335, 5.4]","[0, 0, 0, 0, 0, 0]","[0, 1, 4.153846153846154, 1.1538461538461537, 1.6666666666666667, 1.3]","[0, 0, 0, 0, 0, 0]","[0, 0, 0, 0, 0, 0]","[0, 0, 0, 0, 0, 0]","[0, 0, 4.153846153846154, 1.4615384615384615, 1.8333333333333333, 4.333333333333333]","[0, 0, 0, 0, 0, 0]","[0, 1, 4.628571428571429, 1.0285714285714287, 7.5, 0.9722222222222222]","[0, 0, 7.826086956521739, 1.6521739130434783, 1.7777777777777777, 4.6]","[0, 1, 8.217391304347826, 1.3043478260869565, 1.5, 0.9583333333333334]","[0, 0, 0, 0, 0, 0]","[0, 0, 0, 0, 0, 0]","[0, 0, 0.9, 0.8666666666666667, 5.4, 6.0]","[0, 0, 0.0, 1.0, 0.0, 1.0]","[0, 0, 0, 0, 0, 0]","[0, 0, 10.384615384615385, 2.076923076923077, 6, 0.48148148148148145]","[0, 0, 9.45, 1.95, 2.0, 0.7407407407407408]"
30,2020-06-09,20200609WOSS0,"[0, 0, 0, 0, 0, 0]","[0, 0, 0, 0, 0, 0]","[0, 0, 0, 0, 0, 0]","[0, 0, 0, 0, 0, 0]","[0, 1, 4.354838709677419, 1.2580645161290323, 2.6666666666666665, 0.9393939393939394]","[0, 0, 0, 0, 0, 0]","[0, 0, 0, 0, 0, 0]","[0, 1, 1.0188679245283019, 0.6792452830188679, 3.5, 1.7666666666666668]","[0, 0, 5.597560975609756, 1.6463414634146343, 2.2222222222222223, 5.466666666666667]","[0, 0, 0.0, 2.0, 0.5, 1.0]","[0, 1, 0.8709677419354839, 0.7741935483870968, 10.0, 1.1481481481481481]","[0, 0, 2.7, 0.8999999999999999, 4, 1.1111111111111112]","[0, 1, 6.3, 1.7, 2.6666666666666665, 0.7692307692307693]","[0, 0, 3.6666666666666665, 1.2222222222222223, 3.3333333333333335, 5.4]","[0, 0, 0, 0, 0, 0]","[0, 0, 4.153846153846154, 1.1538461538461537, 1.6666666666666667, 1.3]","[0, 0, 0, 0, 0, 0]","[0, 0, 0, 0, 0, 0]","[0, 0, 0, 0, 0, 0]","[0, 0, 4.153846153846154, 1.4615384615384615, 1.8333333333333333, 4.333333333333333]","[0, 0, 0, 0, 0, 0]","[0, 1, 5.108108108108109, 1.135135135135135, 8.0, 0.9487179487179488]","[0, 0, 7.826086956521739, 1.6521739130434783, 1.7777777777777777, 4.6]","[0, 0, 8.217391304347826, 1.3043478260869565, 1.5, 0.9583333333333334]","[0, 0, 0, 0, 0, 0]","[0, 0, 0, 0, 0, 0]","[0, 0, 0.9, 0.8666666666666667, 5.4, 6.0]","[1, 0, 3.0, 1.1666666666666667, 0.6666666666666666, 3.0]","[0, 0, 0, 0, 0, 0]","[0, 0, 10.384615384615385, 2.076923076923077, 6, 0.48148148148148145]","[0, 0, 9.45, 1.95, 2.0, 0.7407407407407408]"
31,2020-06-10,20200610WOSS0,"[0, 0, 0, 0, 0, 0]","[0, 0, 0, 0, 0, 0]","[0, 0, 0, 0, 0, 0]","[0, 0, 0, 0, 0, 0]","[0, 0, 4.354838709677419, 1.2580645161290323, 2.6666666666666665, 0.9393939393939394]","[0, 0, 0, 0, 0, 0]","[0, 0, 0, 0, 0, 0]","[0, 0, 1.0188679245283019, 0.6792452830188679, 3.5, 1.7666666666666668]","[0, 0, 5.597560975609756, 1.6463414634146343, 2.2222222222222223, 5.466666666666667]","[0, 0, 0.0, 2.0, 0.5, 1.0]","[0, 0, 0.8709677419354839, 0.7741935483870968, 10.0, 1.1481481481481481]","[0, 1, 1.8, 0.8, 4, 1.25]","[0, 0, 6.3, 1.7, 2.6666666666666665, 0.7692307692307693]","[0, 0, 3.6666666666666665, 1.2222222222222223, 3.3333333333333335, 5.4]","[0, 0, 0, 0, 0, 0]","[0, 1, 4.609756097560976, 1.3170731707317074, 1.5, 1.2424242424242424]","[0, 0, 0, 0, 0, 0]","[0, 0, 0, 0, 0, 0]","[0, 0, 0, 0, 0, 0]","[0, 0, 4.153846153846154, 1.4615384615384615, 1.8333333333333333, 4.333333333333333]","[0, 0, 0, 0, 0, 0]","[0, 0, 5.108108108108109, 1.135135135135135, 8.0, 0.9487179487179488]","[0, 0, 7.826086956521739, 1.6521739130434783, 1.7777777777777777, 4.6]","[0, 0, 8.217391304347826, 1.3043478260869565, 1.5, 0.9583333333333334]","[0, 0, 0, 0, 0, 0]","[0, 0, 0, 0, 0, 0]","[1, 0, 1.4862385321100917, 0.9357798165137614, 6.0, 6.055555555555556]","[0, 0, 3.0, 1.1666666666666667, 0.6666666666666666, 3.0]","[0, 0, 0, 0, 0, 0]","[0, 0, 10.384615384615385, 2.076923076923077, 6, 0.48148148148148145]","[0, 0, 9.45, 1.95, 2.0, 0.7407407407407408]"
32,2020-06-11,20200611WOSS0,"[0, 0, 0, 0, 0, 0]","[0, 0, 0, 0, 0, 0]","[0, 0, 0, 0, 0, 0]","[0, 0, 0, 0, 0, 0]","[0, 1, 3.6486486486486487, 1.2162162162162162, 3.3333333333333335, 1.027777777777778]","[0, 0, 0, 0, 0, 0]","[0, 0, 0, 0, 0, 0]","[0, 0, 1.0188679245283019, 0.6792452830188679, 3.5, 1.7666666666666668]","[0, 0, 5.597560975609756, 1.6463414634146343, 2.2222222222222223, 5.466666666666667]","[0, 0, 0.0, 2.0, 0.5, 1.0]","[0, 0, 0.8709677419354839, 0.7741935483870968, 10.0, 1.1481481481481481]","[0, 0, 1.8, 0.8, 4, 1.25]","[0, 0, 6.3, 1.7, 2.6666666666666665, 0.7692307692307693]","[1, 0, 3.441176470588235, 1.1176470588235294, 4.0, 5.666666666666667]","[0, 0, 0, 0, 0, 0]","[0, 1, 4.295454545454545, 1.3636363636363638, 1.75, 1.222222222222222]","[0, 0, 0, 0, 0, 0]","[0, 0, 0, 0, 0, 0]","[0, 0, 0, 0, 0, 0]","[0, 0, 4.153846153846154, 1.4615384615384615, 1.8333333333333333, 4.333333333333333]","[0, 0, 0, 0, 0, 0]","[0, 0, 5.108108108108109, 1.135135135135135, 8.0, 0.9487179487179488]","[0, 0, 7.826086956521739, 1.6521739130434783, 1.7777777777777777, 4.6]","[0, 0, 8.217391304347826, 1.3043478260869565, 1.5, 0.9583333333333334]","[0, 0, 0, 0, 0, 0]","[0, 0, 0, 0, 0, 0]","[0, 0, 1.4862385321100917, 0.9357798165137614, 6.0, 6.055555555555556]","[0, 0, 3.0, 1.1666666666666667, 0.6666666666666666, 3.0]","[0, 1, 0.0, 3.0, 1.0, 1.0]","[0, 0, 10.384615384615385, 2.076923076923077, 6, 0.48148148148148145]","[0, 0, 9.45, 1.95, 2.0, 0.7407407407407408]"
33,2020-06-12,20200612WONC0,"[0, 0, 0, 0, 0, 0]","[0, 0, 0, 0, 0, 0]","[0, 0, 0, 0, 0, 0]","[0, 0, 0, 0, 0, 0]","[0, 0, 3.6486486486486487, 1.2162162162162162, 3.3333333333333335, 1.027777777777778]","[0, 0, 0, 0, 0, 0]","[0, 0, 0, 0, 0, 0]","[0, 1, 0.9152542372881356, 0.6101694915254237, 4.5, 1.787878787878788]","[0, 0, 5.597560975609756, 1.6463414634146343, 2.2222222222222223, 5.466666666666667]","[0, 0, 0.0, 2.0, 0.5, 1.0]","[0, 1, 0.7941176470588235, 0.9705882352941176, 5.5, 1.1333333333333333]","[0, 0, 1.8, 0.8, 4, 1.25]","[0, 1, 5.7272727272727275, 1.5454545454545454, 2.6666666666666665, 0.7857142857142857]","[0, 0, 3.441176470588235, 1.1176470588235294, 4.0, 5.666666666666667]","[0, 0, 0, 0, 0, 0]","[0, 0, 4.295454545454545, 1.3636363636363638, 1.75, 1.222222222222222]","[0, 0, 0, 0, 0, 0]","[0, 0, 0, 0, 0, 0]","[0, 0, 0, 0, 0, 0]","[0, 0, 4.153846153846154, 1.4615384615384615, 1.8333333333333333, 4.333333333333333]","[0, 0, 0, 0, 0, 0]","[0, 0, 5.108108108108109, 1.135135135135135, 8.0, 0.9487179487179488]","[1, 0, 7.392857142857143, 1.6785714285714286, 1.2142857142857142, 4.666666666666667]","[0, 0, 8.217391304347826, 1.3043478260869565, 1.5, 0.9583333333333334]","[0, 0, 0, 0, 0, 0]","[0, 0, 0, 0, 0, 0]","[0, 0, 1.4862385321100917, 0.9357798165137614, 6.0, 6.055555555555556]","[0, 0, 3.0, 1.1666666666666667, 0.6666666666666666, 3.0]","[0, 0, 0.0, 3.0, 1.0, 1.0]","[0, 0, 10.384615384615385, 2.076923076923077, 6, 0.48148148148148145]","[0, 0, 9.45, 1.95, 2.0, 0.7407407407407408]"
34,2020-06-13,20200613WONC0,"[0, 0, 0, 0, 0, 0]","[0, 0, 0, 0, 0, 0]","[0, 0, 0, 0, 0, 0]","[0, 0, 0, 0, 0, 0]","[0, 0, 3.6486486486486487, 1.2162162162162162, 3.3333333333333335, 1.027777777777778]","[0, 0, 0, 0, 0, 0]","[0, 0, 0, 0, 0, 0]","[0, 0, 0.9152542372881356, 0.6101694915254237, 4.5, 1.787878787878788]","[1, 0, 4.959183673469388, 1.5306122448979593, 2.3, 5.444444444444444]","[0, 0, 0.0, 2.0, 0.5, 1.0]","[0, 0, 0.7941176470588235, 0.9705882352941176, 5.5, 1.1333333333333333]","[0, 1, 3.0, 1.0, 4.0, 1.2]","[0, 0, 5.7272727272727275, 1.5454545454545454, 2.6666666666666665, 0.7857142857142857]","[0, 0, 3.441176470588235, 1.1176470588235294, 4.0, 5.666666666666667]","[0, 0, 0, 0, 0, 0]","[0, 0, 4.295454545454545, 1.3636363636363638, 1.75, 1.222222222222222]","[0, 0, 0, 0, 0, 0]","[0, 0, 0, 0, 0, 0]","[0, 0, 0, 0, 0, 0]","[0, 0, 4.153846153846154, 1.4615384615384615, 1.8333333333333333, 4.333333333333333]","[0, 0, 0, 0, 0, 0]","[0, 1, 5.837837837837839, 1.2972972972972971, 5.333333333333333, 0.880952380952381]","[0, 0, 7.392857142857143, 1.6785714285714286, 1.2142857142857142, 4.666666666666667]","[0, 0, 8.217391304347826, 1.3043478260869565, 1.5, 0.9583333333333334]","[0, 0, 0, 0, 0, 0]","[0, 0, 0, 0, 0, 0]","[0, 0, 1.4862385321100917, 0.9357798165137614, 6.0, 6.055555555555556]","[0, 0, 3.0, 1.1666666666666667, 0.6666666666666666, 3.0]","[0, 1, 0.0, 2.0, 0.5, 1.0]","[0, 0, 10.384615384615385, 2.076923076923077, 6, 0.48148148148148145]","[0, 0, 9.45, 1.95, 2.0, 0.7407407407407408]"
35,2020-06-14,20200614WONC0,"[0, 0, 0, 0, 0, 0]","[0, 0, 0, 0, 0, 0]","[0, 0, 0, 0, 0, 0]","[0, 1, 0, 0, 0, 0]","[0, 1, 3.375, 1.2, 3.6666666666666665, 1.0256410256410258]","[0, 0, 0, 0, 0, 0]","[0, 0, 0, 0, 0, 0]","[0, 1, 1.7419354838709677, 0.7258064516129031, 5.0, 1.7222222222222223]","[0, 0, 4.959183673469388, 1.5306122448979593, 2.3, 5.444444444444444]","[0, 0, 0.0, 2.0, 0.5, 1.0]","[0, 0, 0.7941176470588235, 0.9705882352941176, 5.5, 1.1333333333333333]","[0, 0, 3.0, 1.0, 4.0, 1.2]","[0, 1, 5.25, 1.5, 2.25, 0.8]","[0, 0, 3.441176470588235, 1.1176470588235294, 4.0, 5.666666666666667]","[0, 0, 0, 0, 0, 0]","[0, 1, 4.0212765957446805, 1.2765957446808511, 2.25, 1.205128205128205]","[0, 0, 0, 0, 0, 0]","[0, 0, 0, 0, 0, 0]","[0, 0, 0, 0, 0, 0]","[0, 0, 4.153846153846154, 1.4615384615384615, 1.8333333333333333, 4.333333333333333]","[0, 0, 0, 0, 0, 0]","[0, 0, 5.837837837837839, 1.2972972972972971, 5.333333333333333, 0.880952380952381]","[0, 0, 7.392857142857143, 1.6785714285714286, 1.2142857142857142, 4.666666666666667]","[0, 0, 8.217391304347826, 1.3043478260869565, 1.5, 0.9583333333333334]","[0, 0, 0, 0, 0, 0]","[0, 0, 0, 0, 0, 0]","[0, 0, 1.4862385321100917, 0.9357798165137614, 6.0, 6.055555555555556]","[1, 0, 4.0, 1.6666666666666667, 0.8, 3.0]","[0, 0, 0.0, 2.0, 0.5, 1.0]","[0, 0, 10.384615384615385, 2.076923076923077, 6, 0.48148148148148145]","[0, 0, 9.45, 1.95, 2.0, 0.7407407407407408]"
36,2020-06-16,20200616LTWO0,"[0, 0, 0, 0, 0, 0]","[0, 0, 0, 0, 0, 0]","[0, 0, 0, 0, 0, 0]","[0, 0, 0, 0, 0, 0]","[0, 1, 3.8571428571428568, 1.3571428571428572, 2.75, 1.0]","[0, 0, 0, 0, 0, 0]","[0, 0, 0, 0, 0, 0]","[0, 1, 2.076923076923077, 0.8307692307692307, 5.5, 1.6666666666666667]","[0, 0, 4.959183673469388, 1.5306122448979593, 2.3, 5.444444444444444]","[0, 0, 0.0, 2.0, 0.5, 1.0]","[0, 0, 0.7941176470588235, 0.9705882352941176, 5.5, 1.1333333333333333]","[0, 1, 2.571428571428571, 1.0, 2.0, 1.1666666666666667]","[0, 0, 5.25, 1.5, 2.25, 0.8]","[0, 0, 3.441176470588235, 1.1176470588235294, 4.0, 5.666666666666667]","[0, 0, 0, 0, 0, 0]","[0, 0, 4.0212765957446805, 1.2765957446808511, 2.25, 1.205128205128205]","[0, 0, 0, 0, 0, 0]","[0, 0, 0, 0, 0, 0]","[0, 0, 0, 0, 0, 0]","[0, 0, 4.153846153846154, 1.4615384615384615, 1.8333333333333333, 4.333333333333333]","[0, 0, 0, 0, 0, 0]","[0, 0, 5.837837837837839, 1.2972972972972971, 5.333333333333333, 0.880952380952381]","[0, 0, 7.392857142857143, 1.6785714285714286, 1.2142857142857142, 4.666666666666667]","[0, 0, 8.217391304347826, 1.3043478260869565, 1.5, 0.9583333333333334]","[0, 0, 0, 0, 0, 0]","[0, 0, 0, 0, 0, 0]","[1, 0, 1.4881889763779528, 0.968503937007874, 4.714285714285714, 6.047619047619048]","[0, 0, 4.0, 1.6666666666666667, 0.8, 3.0]","[0, 0, 0.0, 2.0, 0.5, 1.0]","[0, 0, 10.384615384615385, 2.076923076923077, 6, 0.48148148148148145]","[0, 0, 9.45, 1.95, 2.0, 0.7407407407407408]"
37,2020-06-17,20200617LTWO0,"[0, 0, 0, 0, 0, 0]","[0, 0, 0, 0, 0, 0]","[0, 0, 0, 0, 0, 0]","[0, 0, 0, 0, 0, 0]","[0, 1, 3.6, 1.2666666666666666, 2.75, 1.0]","[0, 0, 0, 0, 0, 0]","[0, 0, 0, 0, 0, 0]","[0, 0, 2.076923076923077, 0.8307692307692307, 5.5, 1.6666666666666667]","[0, 0, 4.959183673469388, 1.5306122448979593, 2.3, 5.444444444444444]","[0, 0, 0.0, 2.0, 0.5, 1.0]","[0, 0, 0.7941176470588235, 0.9705882352941176, 5.5, 1.1333333333333333]","[0, 0, 2.571428571428571, 1.0, 2.0, 1.1666666666666667]","[0, 1, 7.105263157894736, 1.6578947368421053, 2.0, 0.7916666666666666]","[1, 0, 4.384615384615385, 1.1282051282051282, 4.333333333333333, 5.571428571428571]","[0, 0, 0, 0, 0, 0]","[0, 0, 4.0212765957446805, 1.2765957446808511, 2.25, 1.205128205128205]","[0, 0, 0, 0, 0, 0]","[0, 0, 0, 0, 0, 0]","[0, 0, 0, 0, 0, 0]","[0, 0, 4.153846153846154, 1.4615384615384615, 1.8333333333333333, 4.333333333333333]","[0, 0, 0, 0, 0, 0]","[0, 0, 5.837837837837839, 1.2972972972972971, 5.333333333333333, 0.880952380952381]","[0, 0, 7.392857142857143, 1.6785714285714286, 1.2142857142857142, 4.666666666666667]","[0, 0, 8.217391304347826, 1.3043478260869565, 1.5, 0.9583333333333334]","[0, 0, 0, 0, 0, 0]","[0, 0, 0, 0, 0, 0]","[0, 0, 1.4881889763779528, 0.968503937007874, 4.714285714285714, 6.047619047619048]","[0, 0, 4.0, 1.6666666666666667, 0.8, 3.0]","[0, 0, 0.0, 2.0, 0.5, 1.0]","[0, 0, 10.384615384615385, 2.076923076923077, 6, 0.48148148148148145]","[0, 1, 12.272727272727272, 2.4545454545454546, 1.5, 0.7333333333333333]"
38,2020-06-18,20200618LTWO0,"[0, 0, 0, 0, 0, 0]","[0, 0, 0, 0, 0, 0]","[0, 0, 0, 0, 0, 0]","[0, 1, 0.0, 1.5, 0, 1.3333333333333333]","[0, 0, 3.6, 1.2666666666666666, 2.75, 1.0]","[0, 0, 0, 0, 0, 0]","[0, 0, 0, 0, 0, 0]","[0, 0, 2.076923076923077, 0.8307692307692307, 5.5, 1.6666666666666667]","[0, 0, 4.959183673469388, 1.5306122448979593, 2.3, 5.444444444444444]","[0, 0, 0.0, 2.0, 0.5, 1.0]","[0, 0, 0.7941176470588235, 0.9705882352941176, 5.5, 1.1333333333333333]","[0, 0, 2.571428571428571, 1.0, 2.0, 1.1666666666666667]","[0, 1, 6.9230769230769225, 1.6153846153846154, 2.0, 0.7647058823529411]","[0, 0, 4.384615384615385, 1.1282051282051282, 4.333333333333333, 5.571428571428571]","[0, 0, 0, 0, 0, 0]","[0, 1, 4.153846153846154, 1.2692307692307694, 2.0, 1.238095238095238]","[0, 0, 0, 0, 0, 0]","[0, 0, 0, 0, 0, 0]","[0, 0, 0, 0, 0, 0]","[0, 0, 4.153846153846154, 1.4615384615384615, 1.8333333333333333, 4.333333333333333]","[0, 0, 0, 0, 0, 0]","[0, 0, 5.837837837837839, 1.2972972972972971, 5.333333333333333, 0.880952380952381]","[1, 0, 6.088235294117647, 1.5588235294117647, 1.25, 4.857142857142857]","[0, 0, 8.217391304347826, 1.3043478260869565, 1.5, 0.9583333333333334]","[0, 0, 0, 0, 0, 0]","[0, 0, 0, 0, 0, 0]","[0, 0, 1.4881889763779528, 0.968503937007874, 4.714285714285714, 6.047619047619048]","[0, 0, 4.0, 1.6666666666666667, 0.8, 3.0]","[0, 0, 0.0, 2.0, 0.5, 1.0]","[0, 0, 10.384615384615385, 2.076923076923077, 6, 0.48148148148148145]","[0, 1, 10.8, 2.1599999999999997, 1.8333333333333333, 0.7575757575757577]"
39,2020-06-19,20200619SKWO0,"[0, 0, 0, 0, 0, 0]","[0, 0, 0, 0, 0, 0]","[0, 0, 0, 0, 0, 0]","[0, 0, 0.0, 1.5, 0, 1.3333333333333333]","[0, 0, 3.6, 1.2666666666666666, 2.75, 1.0]","[0, 0, 0, 0, 0, 0]","[0, 0, 0, 0, 0, 0]","[0, 1, 3.272727272727273, 1.0454545454545454, 3.6666666666666665, 1.5714285714285714]","[1, 0, 5.120689655172414, 1.5258620689655173, 2.8, 5.523809523809524]","[0, 0, 0.0, 2.0, 0.5, 1.0]","[0, 0, 0.7941176470588235, 0.9705882352941176, 5.5, 1.1333333333333333]","[0, 0, 2.571428571428571, 1.0, 2.0, 1.1666666666666667]","[0, 0, 6.9230769230769225, 1.6153846153846154, 2.0, 0.7647058823529411]","[0, 0, 4.384615384615385, 1.1282051282051282, 4.333333333333333, 5.571428571428571]","[0, 0, 0, 0, 0, 0]","[0, 0, 4.153846153846154, 1.2692307692307694, 2.0, 1.238095238095238]","[0, 0, 0, 0, 0, 0]","[0, 0, 0, 0, 0, 0]","[0, 0, 0, 0, 0, 0]","[0, 0, 4.153846153846154, 1.4615384615384615, 1.8333333333333333, 4.333333333333333]","[0, 0, 0, 0, 0, 0]","[0, 0, 5.837837837837839, 1.2972972972972971, 5.333333333333333, 0.880952380952381]","[0, 0, 6.088235294117647, 1.5588235294117647, 1.25, 4.857142857142857]","[0, 0, 8.217391304347826, 1.3043478260869565, 1.5, 0.9583333333333334]","[0, 0, 0, 0, 0, 0]","[0, 0, 0, 0, 0, 0]","[0, 0, 1.4881889763779528, 0.968503937007874, 4.714285714285714, 6.047619047619048]","[0, 0, 4.0, 1.6666666666666667, 0.8, 3.0]","[0, 0, 0.0, 2.0, 0.5, 1.0]","[0, 0, 10.384615384615385, 2.076923076923077, 6, 0.48148148148148145]","[0, 0, 10.8, 2.1599999999999997, 1.8333333333333333, 0.7575757575757577]"
40,2020-06-20,20200620SKWO0,"[0, 0, 0, 0, 0, 0]","[0, 0, 0, 0, 0, 0]","[0, 0, 0, 0, 0, 0]","[0, 0, 0.0, 1.5, 0, 1.3333333333333333]","[0, 1, 3.375, 1.1875, 2.75, 1.0]","[0, 0, 0, 0, 0, 0]","[0, 0, 0, 0, 0, 0]","[0, 1, 3.0857142857142854, 1.0285714285714287, 4.0, 1.5555555555555556]","[0, 0, 5.120689655172414, 1.5258620689655173, 2.8, 5.523809523809524]","[0, 0, 0.0, 2.0, 0.5, 1.0]","[0, 0, 0.7941176470588235, 0.9705882352941176, 5.5, 1.1333333333333333]","[0, 1, 2.076923076923077, 0.8076923076923077, 3.0, 1.238095238095238]","[0, 1, 6.428571428571428, 1.5714285714285714, 2.0, 0.7777777777777778]","[0, 0, 4.384615384615385, 1.1282051282051282, 4.333333333333333, 5.571428571428571]","[0, 0, 0, 0, 0, 0]","[0, 1, 4.0754716981132075, 1.3018867924528301, 1.6666666666666667, 1.1777777777777778]","[0, 0, 0, 0, 0, 0]","[0, 0, 0, 0, 0, 0]","[0, 0, 0, 0, 0, 0]","[0, 0, 4.153846153846154, 1.4615384615384615, 1.8333333333333333, 4.333333333333333]","[0, 0, 0, 0, 0, 0]","[0, 0, 5.837837837837839, 1.2972972972972971, 5.333333333333333, 0.880952380952381]","[0, 0, 6.088235294117647, 1.5588235294117647, 1.25, 4.857142857142857]","[0, 0, 8.217391304347826, 1.3043478260869565, 1.5, 0.9583333333333334]","[0, 0, 0, 0, 0, 0]","[0, 0, 0, 0, 0, 0]","[0, 0, 1.4881889763779528, 0.968503937007874, 4.714285714285714, 6.047619047619048]","[1, 0, 5.4, 1.7142857142857144, 0.8571428571428571, 2.9166666666666665]","[0, 0, 0.0, 2.0, 0.5, 1.0]","[0, 0, 10.384615384615385, 2.076923076923077, 6, 0.48148148148148145]","[0, 1, 10.607142857142858, 2.142857142857143, 1.8333333333333333, 0.7777777777777778]"
41,2020-06-21,20200621SKWO0,"[0, 0, 0, 0, 0, 0]","[0, 0, 0, 0, 0, 0]","[0, 0, 0, 0, 0, 0]","[0, 1, 0.0, 1.0, 0, 1.0]","[0, 0, 3.375, 1.1875, 2.75, 1.0]","[0, 0, 0, 0, 0, 0]","[0, 0, 0, 0, 0, 0]","[0, 0, 3.0857142857142854, 1.0285714285714287, 4.0, 1.5555555555555556]","[0, 0, 5.120689655172414, 1.5258620689655173, 2.8, 5.523809523809524]","[0, 0, 0.0, 2.0, 0.5, 1.0]","[0, 0, 0.7941176470588235, 0.9705882352941176, 5.5, 1.1333333333333333]","[0, 0, 2.076923076923077, 0.8076923076923077, 3.0, 1.238095238095238]","[0, 0, 6.428571428571428, 1.5714285714285714, 2.0, 0.7777777777777778]","[0, 0, 4.384615384615385, 1.1282051282051282, 4.333333333333333, 5.571428571428571]","[0, 0, 0, 0, 0, 0]","[0, 0, 4.0754716981132075, 1.3018867924528301, 1.6666666666666667, 1.1777777777777778]","[0, 0, 0, 0, 0, 0]","[0, 0, 0, 0, 0, 0]","[0, 0, 0, 0, 0, 0]","[0, 0, 4.153846153846154, 1.4615384615384615, 1.8333333333333333, 4.333333333333333]","[0, 0, 0, 0, 0, 0]","[0, 0, 5.837837837837839, 1.2972972972972971, 5.333333333333333, 0.880952380952381]","[0, 0, 6.088235294117647, 1.5588235294117647, 1.25, 4.857142857142857]","[0, 0, 8.217391304347826, 1.3043478260869565, 1.5, 0.9583333333333334]","[0, 0, 0, 0, 0, 0]","[0, 0, 0, 0, 0, 0]","[1, 0, 1.6758620689655173, 0.993103448275862, 4.25, 6.041666666666667]","[0, 0, 5.4, 1.7142857142857144, 0.8571428571428571, 2.9166666666666665]","[0, 0, 0.0, 2.0, 0.5, 1.0]","[0, 0, 10.384615384615385, 2.076923076923077, 6, 0.48148148148148145]","[0, 1, 9.580645161290324, 2.032258064516129, 2.3333333333333335, 0.7948717948717949]"
42,2020-06-23,20200623WOLG0,"[0, 0, 0, 0, 0, 0]","[0, 0, 0, 0, 0, 0]","[0, 0, 0, 0, 0, 0]","[0, 0, 0.0, 1.0, 0, 1.0]","[0, 0, 3.375, 1.1875, 2.75, 1.0]","[0, 0, 0, 0, 0, 0]","[0, 0, 0, 0, 0, 0]","[0, 0, 3.0857142857142854, 1.0285714285714287, 4.0, 1.5555555555555556]","[0, 0, 5.120689655172414, 1.5258620689655173, 2.8, 5.523809523809524]","[0, 0, 0.0, 2.0, 0.5, 1.0]","[0, 0, 0.7941176470588235, 0.9705882352941176, 5.5, 1.1333333333333333]","[0, 0, 2.076923076923077, 0.8076923076923077, 3.0, 1.238095238095238]","[0, 1, 6.0, 1.4666666666666666, 2.2, 0.7894736842105263]","[1, 0, 4.335766423357664, 1.1824817518248176, 4.428571428571429, 5.708333333333333]","[0, 0, 0, 0, 0, 0]","[0, 0, 4.0754716981132075, 1.3018867924528301, 1.6666666666666667, 1.1777777777777778]","[0, 0, 0, 0, 0, 0]","[0, 0, 0, 0, 0, 0]","[0, 0, 0, 0, 0, 0]","[0, 0, 4.153846153846154, 1.4615384615384615, 1.8333333333333333, 4.333333333333333]","[0, 0, 0, 0, 0, 0]","[0, 0, 5.837837837837839, 1.2972972972972971, 5.333333333333333, 0.880952380952381]","[0, 0, 6.088235294117647, 1.5588235294117647, 1.25, 4.857142857142857]","[0, 0, 8.217391304347826, 1.3043478260869565, 1.5, 0.9583333333333334]","[0, 1, 0, 0, 0, 0]","[0, 0, 0, 0, 0, 0]","[0, 0, 1.6758620689655173, 0.993103448275862, 4.25, 6.041666666666667]","[0, 0, 5.4, 1.7142857142857144, 0.8571428571428571, 2.9166666666666665]","[0, 1, 3.0, 2.0, 1.0, 1.0]","[0, 0, 10.384615384615385, 2.076923076923077, 6, 0.48148148148148145]","[0, 0, 9.580645161290324, 2.032258064516129, 2.3333333333333335, 0.7948717948717949]"
43,2020-06-25,20200625WOLG1,"[0, 0, 0, 0, 0, 0]","[0, 0, 0, 0, 0, 0]","[0, 0, 0, 0, 0, 0]","[0, 0, 0.0, 1.0, 0, 1.0]","[0, 0, 3.375, 1.1875, 2.75, 1.0]","[0, 0, 0, 0, 0, 0]","[0, 0, 0, 0, 0, 0]","[0, 1, 2.958904109589041, 0.9863013698630138, 4.0, 1.5208333333333333]","[0, 0, 5.120689655172414, 1.5258620689655173, 2.8, 5.523809523809524]","[0, 0, 0.0, 2.0, 0.5, 1.0]","[0, 1, 0.675, 0.975, 4.0, 1.2121212121212122]","[0, 0, 2.076923076923077, 0.8076923076923077, 3.0, 1.238095238095238]","[0, 1, 5.625, 1.375, 2.2, 0.8]","[0, 0, 4.335766423357664, 1.1824817518248176, 4.428571428571429, 5.708333333333333]","[0, 0, 0, 0, 0, 0]","[0, 0, 4.0754716981132075, 1.3018867924528301, 1.6666666666666667, 1.1777777777777778]","[0, 0, 0, 0, 0, 0]","[0, 0, 0, 0, 0, 0]","[0, 0, 0, 0, 0, 0]","[0, 0, 4.153846153846154, 1.4615384615384615, 1.8333333333333333, 4.333333333333333]","[0, 0, 0, 0, 0, 0]","[0, 0, 5.837837837837839, 1.2972972972972971, 5.333333333333333, 0.880952380952381]","[1, 0, 5.048780487804878, 1.4634146341463414, 1.5, 5.125]","[0, 0, 8.217391304347826, 1.3043478260869565, 1.5, 0.9583333333333334]","[0, 0, 0, 0, 0, 0]","[0, 0, 0, 0, 0, 0]","[0, 0, 1.6758620689655173, 0.993103448275862, 4.25, 6.041666666666667]","[0, 0, 5.4, 1.7142857142857144, 0.8571428571428571, 2.9166666666666665]","[0, 0, 3.0, 2.0, 1.0, 1.0]","[0, 0, 10.384615384615385, 2.076923076923077, 6, 0.48148148148148145]","[0, 0, 9.580645161290324, 2.032258064516129, 2.3333333333333335, 0.7948717948717949]"
44,2020-06-25,20200625WOLG2,"[0, 0, 0, 0, 0, 0]","[0, 0, 0, 0, 0, 0]","[0, 0, 0, 0, 0, 0]","[0, 0, 0.0, 1.0, 0, 1.0]","[0, 1, 3.176470588235294, 1.1176470588235294, 3.0, 1.0]","[0, 0, 0, 0, 0, 0]","[0, 0, 0, 0, 0, 0]","[0, 0, 2.958904109589041, 0.9863013698630138, 4.0, 1.5208333333333333]","[1, 0, 4.467625899280575, 1.4460431654676258, 3.0, 5.791666666666667]","[0, 0, 0.0, 2.0, 0.5, 1.0]","[0, 1, 0.627906976744186, 0.9069767441860465, 4.333333333333333, 1.1944444444444444]","[0, 1, 1.8620689655172413, 0.7241379310344828, 3.0, 1.2083333333333333]","[0, 0, 5.625, 1.375, 2.2, 0.8]","[0, 0, 4.335766423357664, 1.1824817518248176, 4.428571428571429, 5.708333333333333]","[0, 0, 0, 0, 0, 0]","[0, 0, 4.0754716981132075, 1.3018867924528301, 1.6666666666666667, 1.1777777777777778]","[0, 0, 0, 0, 0, 0]","[0, 0, 0, 0, 0, 0]","[0, 0, 0, 0, 0, 0]","[0, 0, 4.153846153846154, 1.4615384615384615, 1.8333333333333333, 4.333333333333333]","[0, 0, 0, 0, 0, 0]","[0, 0, 5.837837837837839, 1.2972972972972971, 5.333333333333333, 0.880952380952381]","[0, 0, 5.048780487804878, 1.4634146341463414, 1.5, 5.125]","[0, 0, 8.217391304347826, 1.3043478260869565, 1.5, 0.9583333333333334]","[0, 1, 0.0, 0.0, 0, 1.0]","[0, 0, 0, 0, 0, 0]","[0, 0, 1.6758620689655173, 0.993103448275862, 4.25, 6.041666666666667]","[0, 0, 5.4, 1.7142857142857144, 0.8571428571428571, 2.9166666666666665]","[0, 1, 4.5, 2.0, 2.0, 1.0]","[0, 0, 10.384615384615385, 2.076923076923077, 6, 0.48148148148148145]","[0, 0, 9.580645161290324, 2.032258064516129, 2.3333333333333335, 0.7948717948717949]"
45,2020-06-26,20200626HTWO0,"[0, 0, 0, 0, 0, 0]","[0, 0, 0, 0, 0, 0]","[0, 0, 0, 0, 0, 0]","[0, 1, 0.0, 0.6666666666666666, 2, 1.0]","[0, 0, 3.176470588235294, 1.1176470588235294, 3.0, 1.0]","[0, 0, 0, 0, 0, 0]","[0, 0, 0, 0, 0, 0]","[0, 0, 2.958904109589041, 0.9863013698630138, 4.0, 1.5208333333333333]","[0, 0, 4.467625899280575, 1.4460431654676258, 3.0, 5.791666666666667]","[0, 0, 0.0, 2.0, 0.5, 1.0]","[0, 0, 0.627906976744186, 0.9069767441860465, 4.333333333333333, 1.1944444444444444]","[0, 1, 3.6, 0.9, 3.0, 1.1111111111111112]","[0, 0, 5.625, 1.375, 2.2, 0.8]","[0, 0, 4.335766423357664, 1.1824817518248176, 4.428571428571429, 5.708333333333333]","[0, 0, 0, 0, 0, 0]","[0, 0, 4.0754716981132075, 1.3018867924528301, 1.6666666666666667, 1.1777777777777778]","[0, 0, 0, 0, 0, 0]","[0, 0, 0, 0, 0, 0]","[0, 0, 0, 0, 0, 0]","[0, 0, 4.153846153846154, 1.4615384615384615, 1.8333333333333333, 4.333333333333333]","[0, 0, 0, 0, 0, 0]","[0, 0, 5.837837837837839, 1.2972972972972971, 5.333333333333333, 0.880952380952381]","[0, 0, 5.048780487804878, 1.4634146341463414, 1.5, 5.125]","[0, 0, 8.217391304347826, 1.3043478260869565, 1.5, 0.9583333333333334]","[0, 0, 0.0, 0.0, 0, 1.0]","[0, 0, 0, 0, 0, 0]","[0, 0, 1.6758620689655173, 0.993103448275862, 4.25, 6.041666666666667]","[1, 0, 4.695652173913043, 1.891304347826087, 0.7777777777777778, 3.066666666666667]","[0, 1, 5.785714285714286, 2.142857142857143, 2.0, 0.9333333333333333]","[0, 0, 10.384615384615385, 2.076923076923077, 6, 0.48148148148148145]","[0, 1, 9.529411764705882, 1.9411764705882353, 2.5, 0.8095238095238095]"
46,2020-06-27,20200627HTWO0,"[0, 0, 0, 0, 0, 0]","[0, 0, 0, 0, 0, 0]","[0, 0, 0, 0, 0, 0]","[0, 0, 0.0, 0.6666666666666666, 2, 1.0]","[0, 0, 3.176470588235294, 1.1176470588235294, 3.0, 1.0]","[0, 0, 0, 0, 0, 0]","[0, 0, 0, 0, 0, 0]","[0, 0, 2.958904109589041, 0.9863013698630138, 4.0, 1.5208333333333333]","[0, 0, 4.467625899280575, 1.4460431654676258, 3.0, 5.791666666666667]","[0, 0, 0.0, 2.0, 0.5, 1.0]","[0, 1, 0.5869565217391304, 0.8478260869565217, 5.0, 1.1794871794871795]","[0, 0, 3.6, 0.9, 3.0, 1.1111111111111112]","[0, 0, 5.625, 1.375, 2.2, 0.8]","[0, 0, 4.335766423357664, 1.1824817518248176, 4.428571428571429, 5.708333333333333]","[0, 0, 0, 0, 0, 0]","[0, 0, 4.0754716981132075, 1.3018867924528301, 1.6666666666666667, 1.1777777777777778]","[0, 0, 0, 0, 0, 0]","[0, 0, 0, 0, 0, 0]","[0, 0, 0, 0, 0, 0]","[0, 0, 4.153846153846154, 1.4615384615384615, 1.8333333333333333, 4.333333333333333]","[0, 0, 0, 0, 0, 0]","[0, 0, 5.837837837837839, 1.2972972972972971, 5.333333333333333, 0.880952380952381]","[0, 0, 5.048780487804878, 1.4634146341463414, 1.5, 5.125]","[0, 0, 8.217391304347826, 1.3043478260869565, 1.5, 0.9583333333333334]","[0, 0, 0.0, 0.0, 0, 1.0]","[0, 0, 0, 0, 0, 0]","[1, 0, 1.6265060240963856, 0.9397590361445782, 4.444444444444445, 6.148148148148149]","[0, 0, 4.695652173913043, 1.891304347826087, 0.7777777777777778, 3.066666666666667]","[0, 0, 5.785714285714286, 2.142857142857143, 2.0, 0.9333333333333333]","[0, 0, 10.384615384615385, 2.076923076923077, 6, 0.48148148148148145]","[0, 0, 9.529411764705882, 1.9411764705882353, 2.5, 0.8095238095238095]"
47,2020-06-28,20200628HTWO0,"[0, 0, 0, 0, 0, 0]","[0, 0, 0, 0, 0, 0]","[0, 0, 0, 0, 0, 0]","[0, 0, 0.0, 0.6666666666666666, 2, 1.0]","[0, 0, 3.176470588235294, 1.1176470588235294, 3.0, 1.0]","[0, 0, 0, 0, 0, 0]","[0, 0, 0, 0, 0, 0]","[0, 0, 2.958904109589041, 0.9863013698630138, 4.0, 1.5208333333333333]","[0, 0, 4.467625899280575, 1.4460431654676258, 3.0, 5.791666666666667]","[0, 0, 0.0, 2.0, 0.5, 1.0]","[0, 1, 0.5510204081632653, 0.8571428571428572, 5.0, 1.1666666666666665]","[0, 0, 3.6, 0.9, 3.0, 1.1111111111111112]","[0, 0, 5.625, 1.375, 2.2, 0.8]","[1, 0, 4.180645161290323, 1.2580645161290323, 3.888888888888889, 5.7407407407407405]","[0, 0, 0, 0, 0, 0]","[0, 0, 4.0754716981132075, 1.3018867924528301, 1.6666666666666667, 1.1777777777777778]","[0, 0, 0, 0, 0, 0]","[0, 0, 0, 0, 0, 0]","[0, 0, 0, 0, 0, 0]","[0, 0, 4.153846153846154, 1.4615384615384615, 1.8333333333333333, 4.333333333333333]","[0, 0, 0, 0, 0, 0]","[0, 0, 5.837837837837839, 1.2972972972972971, 5.333333333333333, 0.880952380952381]","[0, 0, 5.048780487804878, 1.4634146341463414, 1.5, 5.125]","[0, 0, 8.217391304347826, 1.3043478260869565, 1.5, 0.9583333333333334]","[0, 0, 0.0, 0.0, 0, 1.0]","[0, 0, 0, 0, 0, 0]","[0, 0, 1.6265060240963856, 0.9397590361445782, 4.444444444444445, 6.148148148148149]","[0, 0, 4.695652173913043, 1.891304347826087, 0.7777777777777778, 3.066666666666667]","[0, 0, 5.785714285714286, 2.142857142857143, 2.0, 0.9333333333333333]","[0, 0, 10.384615384615385, 2.076923076923077, 6, 0.48148148148148145]","[0, 1, 8.756756756756758, 1.8648648648648647, 2.8333333333333335, 0.8222222222222223]"
48,2020-06-30,20200630OBWO0,"[0, 0, 0, 0, 0, 0]","[0, 0, 0, 0, 0, 0]","[0, 0, 0, 0, 0, 0]","[0, 1, 0.0, 1.0, 5.0, 1.25]","[0, 0, 3.176470588235294, 1.1176470588235294, 3.0, 1.0]","[0, 0, 0, 0, 0, 0]","[0, 0, 0, 0, 0, 0]","[0, 1, 2.7341772151898733, 0.949367088607595, 4.666666666666667, 1.549019607843137]","[0, 0, 4.467625899280575, 1.4460431654676258, 3.0, 5.791666666666667]","[0, 0, 0.0, 2.0, 0.5, 1.0]","[0, 0, 0.5510204081632653, 0.8571428571428572, 5.0, 1.1666666666666665]","[0, 1, 3.272727272727273, 0.8181818181818182, 4.0, 1.1]","[0, 0, 5.625, 1.375, 2.2, 0.8]","[0, 0, 4.180645161290323, 1.2580645161290323, 3.888888888888889, 5.7407407407407405]","[0, 0, 0, 0, 0, 0]","[0, 0, 4.0754716981132075, 1.3018867924528301, 1.6666666666666667, 1.1777777777777778]","[0, 0, 0, 0, 0, 0]","[0, 0, 0, 0, 0, 0]","[0, 0, 0, 0, 0, 0]","[0, 0, 4.153846153846154, 1.4615384615384615, 1.8333333333333333, 4.333333333333333]","[0, 0, 0, 0, 0, 0]","[0, 0, 5.837837837837839, 1.2972972972972971, 5.333333333333333, 0.880952380952381]","[1, 0, 4.891304347826087, 1.4782608695652173, 1.6875, 5.111111111111111]","[0, 0, 8.217391304347826, 1.3043478260869565, 1.5, 0.9583333333333334]","[0, 0, 0.0, 0.0, 0, 1.0]","[0, 0, 0, 0, 0, 0]","[0, 0, 1.6265060240963856, 0.9397590361445782, 4.444444444444445, 6.148148148148149]","[0, 0, 4.695652173913043, 1.891304347826087, 0.7777777777777778, 3.066666666666667]","[0, 0, 5.785714285714286, 2.142857142857143, 2.0, 0.9333333333333333]","[0, 0, 10.384615384615385, 2.076923076923077, 6, 0.48148148148148145]","[0, 0, 8.756756756756758, 1.8648648648648647, 2.8333333333333335, 0.8222222222222223]"
49,2020-07-01,20200701OBWO0,"[0, 0, 0, 0, 0, 0]","[0, 0, 0, 0, 0, 0]","[0, 0, 0, 0, 0, 0]","[0, 0, 0.0, 1.0, 5.0, 1.25]","[0, 1, 3.0, 1.1111111111111112, 3.25, 1.0]","[0, 0, 0, 0, 0, 0]","[0, 0, 0, 0, 0, 0]","[0, 0, 2.7341772151898733, 0.949367088607595, 4.666666666666667, 1.549019607843137]","[1, 0, 4.383116883116883, 1.422077922077922, 3.1666666666666665, 5.703703703703704]","[0, 0, 0.0, 2.0, 0.5, 1.0]","[0, 0, 0.5510204081632653, 0.8571428571428572, 5.0, 1.1666666666666665]","[0, 1, 3.75, 1.0, 2.6666666666666665, 1.0909090909090908]","[0, 0, 5.625, 1.375, 2.2, 0.8]","[0, 0, 4.180645161290323, 1.2580645161290323, 3.888888888888889, 5.7407407407407405]","[0, 0, 0, 0, 0, 0]","[0, 0, 4.0754716981132075, 1.3018867924528301, 1.6666666666666667, 1.1777777777777778]","[0, 0, 0, 0, 0, 0]","[0, 0, 0, 0, 0, 0]","[0, 0, 0, 0, 0, 0]","[0, 0, 4.153846153846154, 1.4615384615384615, 1.8333333333333333, 4.333333333333333]","[0, 0, 0, 0, 0, 0]","[0, 1, 5.4, 1.3499999999999999, 3.4, 0.888888888888889]","[0, 0, 4.891304347826087, 1.4782608695652173, 1.6875, 5.111111111111111]","[0, 0, 8.217391304347826, 1.3043478260869565, 1.5, 0.9583333333333334]","[0, 1, 0.0, 0.0, 1, 1.0]","[0, 0, 0, 0, 0, 0]","[0, 0, 1.6265060240963856, 0.9397590361445782, 4.444444444444445, 6.148148148148149]","[0, 0, 4.695652173913043, 1.891304347826087, 0.7777777777777778, 3.066666666666667]","[0, 0, 5.785714285714286, 2.142857142857143, 2.0, 0.9333333333333333]","[0, 0, 10.384615384615385, 2.076923076923077, 6, 0.48148148148148145]","[0, 0, 8.756756756756758, 1.8648648648648647, 2.8333333333333335, 0.8222222222222223]"
50,2020-07-02,20200702OBWO0,"[0, 0, 0, 0, 0, 0]","[0, 0, 0, 0, 0, 0]","[0, 0, 0, 0, 0, 0]","[0, 1, 0.0, 0.8333333333333334, 5.0, 1.2]","[0, 1, 2.8421052631578947, 1.0526315789473684, 3.5, 1.0]","[0, 0, 0, 0, 0, 0]","[0, 0, 0, 0, 0, 0]","[0, 1, 2.6341463414634148, 0.9146341463414634, 4.666666666666667, 1.5185185185185184]","[0, 0, 4.383116883116883, 1.422077922077922, 3.1666666666666665, 5.703703703703704]","[0, 0, 0.0, 2.0, 0.5, 1.0]","[0, 1, 0.5192307692307693, 0.8653846153846154, 5.666666666666667, 1.1555555555555554]","[0, 0, 3.75, 1.0, 2.6666666666666665, 1.0909090909090908]","[0, 1, 5.294117647058823, 1.2941176470588236, 2.4, 0.8095238095238095]","[0, 0, 4.180645161290323, 1.2580645161290323, 3.888888888888889, 5.7407407407407405]","[0, 0, 0, 0, 0, 0]","[0, 0, 4.0754716981132075, 1.3018867924528301, 1.6666666666666667, 1.1777777777777778]","[0, 0, 0, 0, 0, 0]","[0, 0, 0, 0, 0, 0]","[0, 0, 0, 0, 0, 0]","[0, 0, 4.153846153846154, 1.4615384615384615, 1.8333333333333333, 4.333333333333333]","[0, 0, 0, 0, 0, 0]","[0, 0, 5.4, 1.3499999999999999, 3.4, 0.888888888888889]","[0, 0, 4.891304347826087, 1.4782608695652173, 1.6875, 5.111111111111111]","[0, 0, 8.217391304347826, 1.3043478260869565, 1.5, 0.9583333333333334]","[0, 0, 0.0, 0.0, 1, 1.0]","[0, 0, 0, 0, 0, 0]","[0, 0, 1.6265060240963856, 0.9397590361445782, 4.444444444444445, 6.148148148148149]","[1, 0, 6.872727272727272, 1.9636363636363638, 0.6153846153846154, 3.0555555555555554]","[0, 0, 5.785714285714286, 2.142857142857143, 2.0, 0.9333333333333333]","[0, 0, 10.384615384615385, 2.076923076923077, 6, 0.48148148148148145]","[0, 1, 8.1, 1.7999999999999998, 2.7142857142857144, 0.8333333333333334]"
51,2020-07-03,20200703WOKT0,"[0, 0, 0, 0, 0, 0]","[0, 0, 0, 0, 0, 0]","[0, 0, 0, 0, 0, 0]","[0, 0, 0.0, 0.8333333333333334, 5.0, 1.2]","[0, 0, 2.8421052631578947, 1.0526315789473684, 3.5, 1.0]","[0, 0, 0, 0, 0, 0]","[0, 0, 0, 0, 0, 0]","[0, 0, 2.6341463414634148, 0.9146341463414634, 4.666666666666667, 1.5185185185185184]","[0, 0, 4.383116883116883, 1.422077922077922, 3.1666666666666665, 5.703703703703704]","[0, 0, 0.0, 2.0, 0.5, 1.0]","[0, 1, 0.4909090909090909, 0.8727272727272728, 6.333333333333333, 1.1458333333333333]","[0, 0, 3.75, 1.0, 2.6666666666666665, 1.0909090909090908]","[0, 0, 5.294117647058823, 1.2941176470588236, 2.4, 0.8095238095238095]","[0, 0, 4.180645161290323, 1.2580645161290323, 3.888888888888889, 5.7407407407407405]","[0, 0, 0, 0, 0, 0]","[0, 0, 4.0754716981132075, 1.3018867924528301, 1.6666666666666667, 1.1777777777777778]","[0, 0, 0, 0, 0, 0]","[0, 0, 0, 0, 0, 0]","[0, 0, 0, 0, 0, 0]","[0, 0, 4.153846153846154, 1.4615384615384615, 1.8333333333333333, 4.333333333333333]","[0, 0, 0, 0, 0, 0]","[0, 0, 5.4, 1.3499999999999999, 3.4, 0.888888888888889]","[0, 0, 4.891304347826087, 1.4782608695652173, 1.6875, 5.111111111111111]","[0, 0, 8.217391304347826, 1.3043478260869565, 1.5, 0.9583333333333334]","[0, 1, 0.0, 0.0, 3, 1.0]","[0, 0, 0, 0, 0, 0]","[1, 0, 1.4210526315789473, 0.8526315789473684, 4.5, 6.333333333333334]","[0, 0, 6.872727272727272, 1.9636363636363638, 0.6153846153846154, 3.0555555555555554]","[0, 0, 5.785714285714286, 2.142857142857143, 2.0, 0.9333333333333333]","[0, 0, 10.384615384615385, 2.076923076923077, 6, 0.48148148148148145]","[0, 1, 7.534883720930233, 1.6744186046511627, 2.7142857142857144, 0.8431372549019608]"
52,2020-07-04,20200704WOKT0,"[0, 0, 0, 0, 0, 0]","[0, 0, 0, 0, 0, 0]","[0, 0, 0, 0, 0, 0]","[0, 0, 0.0, 0.8333333333333334, 5.0, 1.2]","[0, 0, 2.8421052631578947, 1.0526315789473684, 3.5, 1.0]","[0, 0, 0, 0, 0, 0]","[0, 0, 0, 0, 0, 0]","[0, 1, 2.7613636363636367, 1.0227272727272727, 3.4, 1.543859649122807]","[0, 0, 4.383116883116883, 1.422077922077922, 3.1666666666666665, 5.703703703703704]","[0, 0, 0.0, 2.0, 0.5, 1.0]","[0, 0, 0.4909090909090909, 0.8727272727272728, 6.333333333333333, 1.1458333333333333]","[0, 0, 3.75, 1.0, 2.6666666666666665, 1.0909090909090908]","[0, 1, 5.0, 1.2777777777777777, 2.6, 0.8181818181818182]","[1, 0, 3.6818181818181817, 1.1590909090909092, 3.727272727272727, 5.866666666666666]","[0, 0, 0, 0, 0, 0]","[0, 1, 4.5, 1.3888888888888888, 1.6666666666666667, 1.125]","[0, 0, 0, 0, 0, 0]","[0, 0, 0, 0, 0, 0]","[0, 0, 0, 0, 0, 0]","[0, 0, 4.153846153846154, 1.4615384615384615, 1.8333333333333333, 4.333333333333333]","[0, 0, 0, 0, 0, 0]","[0, 0, 5.4, 1.3499999999999999, 3.4, 0.888888888888889]","[0, 0, 4.891304347826087, 1.4782608695652173, 1.6875, 5.111111111111111]","[0, 0, 8.217391304347826, 1.3043478260869565, 1.5, 0.9583333333333334]","[0, 1, 0.0, 0.5, 5.0, 1.0]","[0, 0, 0, 0, 0, 0]","[0, 0, 1.4210526315789473, 0.8526315789473684, 4.5, 6.333333333333334]","[0, 0, 6.872727272727272, 1.9636363636363638, 0.6153846153846154, 3.0555555555555554]","[0, 0, 5.785714285714286, 2.142857142857143, 2.0, 0.9333333333333333]","[0, 0, 10.384615384615385, 2.076923076923077, 6, 0.48148148148148145]","[0, 0, 7.534883720930233, 1.6744186046511627, 2.7142857142857144, 0.8431372549019608]"
53,2020-07-05,20200705WOKT0,"[0, 0, 0, 0, 0, 0]","[0, 0, 0, 0, 0, 0]","[0, 0, 0, 0, 0, 0]","[0, 1, 2.4545454545454546, 1.3636363636363638, 1.0, 1.222222222222222]","[0, 0, 2.8421052631578947, 1.0526315789473684, 3.5, 1.0]","[0, 0, 0, 0, 0, 0]","[0, 1, 0, 0, 0, 0]","[0, 0, 2.7613636363636367, 1.0227272727272727, 3.4, 1.543859649122807]","[0, 0, 4.383116883116883, 1.422077922077922, 3.1666666666666665, 5.703703703703704]","[0, 1, 5.4, 2.6999999999999997, 0.5, 0.8333333333333334]","[0, 0, 0.4909090909090909, 0.8727272727272728, 6.333333333333333, 1.1458333333333333]","[0, 0, 3.75, 1.0, 2.6666666666666665, 1.0909090909090908]","[0, 0, 5.0, 1.2777777777777777, 2.6, 0.8181818181818182]","[0, 0, 3.6818181818181817, 1.1590909090909092, 3.727272727272727, 5.866666666666666]","[0, 0, 0, 0, 0, 0]","[0, 1, 4.7368421052631575, 1.4210526315789473, 1.8333333333333333, 1.1176470588235294]","[0, 0, 0, 0, 0, 0]","[0, 0, 0, 0, 0, 0]","[0, 0, 0, 0, 0, 0]","[0, 0, 4.153846153846154, 1.4615384615384615, 1.8333333333333333, 4.333333333333333]","[0, 0, 0, 0, 0, 0]","[0, 0, 5.4, 1.3499999999999999, 3.4, 0.888888888888889]","[1, 0, 4.5, 1.4038461538461537, 2.0, 5.2]","[0, 0, 8.217391304347826, 1.3043478260869565, 1.5, 0.9583333333333334]","[0, 0, 0.0, 0.5, 5.0, 1.0]","[0, 0, 0, 0, 0, 0]","[0, 0, 1.4210526315789473, 0.8526315789473684, 4.5, 6.333333333333334]","[0, 0, 6.872727272727272, 1.9636363636363638, 0.6153846153846154, 3.0555555555555554]","[0, 0, 5.785714285714286, 2.142857142857143, 2.0, 0.9333333333333333]","[0, 0, 10.384615384615385, 2.076923076923077, 6, 0.48148148148148145]","[0, 1, 7.2, 1.8, 2.5, 0.8333333333333334]"
54,2020-07-07,20200707SSWO0,"[0, 0, 0, 0, 0, 0]","[0, 0, 0, 0, 0, 0]","[0, 0, 0, 0, 0, 0]","[0, 0, 2.4545454545454546, 1.3636363636363638, 1.0, 1.222222222222222]","[0, 1, 2.571428571428571, 1.0, 3.75, 1.05]","[0, 0, 0, 0, 0, 0]","[0, 1, 9.0, 3.0, 1.0, 1.0]","[0, 0, 2.7613636363636367, 1.0227272727272727, 3.4, 1.543859649122807]","[0, 0, 4.383116883116883, 1.422077922077922, 3.1666666666666665, 5.703703703703704]","[0, 0, 5.4, 2.6999999999999997, 0.5, 0.8333333333333334]","[0, 0, 0.4909090909090909, 0.8727272727272728, 6.333333333333333, 1.1458333333333333]","[0, 0, 3.75, 1.0, 2.6666666666666665, 1.0909090909090908]","[0, 0, 5.0, 1.2777777777777777, 2.6, 0.8181818181818182]","[0, 0, 3.6818181818181817, 1.1590909090909092, 3.727272727272727, 5.866666666666666]","[0, 0, 0, 0, 0, 0]","[0, 0, 4.7368421052631575, 1.4210526315789473, 1.8333333333333333, 1.1176470588235294]","[0, 0, 0, 0, 0, 0]","[0, 0, 0, 0, 0, 0]","[0, 0, 0, 0, 0, 0]","[0, 0, 4.153846153846154, 1.4615384615384615, 1.8333333333333333, 4.333333333333333]","[0, 0, 0, 0, 0, 0]","[1, 0, 5.4, 1.5, 3.0, 1.0416666666666667]","[0, 0, 4.5, 1.4038461538461537, 2.0, 5.2]","[0, 0, 8.217391304347826, 1.3043478260869565, 1.5, 0.9583333333333334]","[0, 0, 0.0, 0.5, 5.0, 1.0]","[0, 0, 0, 0, 0, 0]","[0, 0, 1.4210526315789473, 0.8526315789473684, 4.5, 6.333333333333334]","[0, 0, 6.872727272727272, 1.9636363636363638, 0.6153846153846154, 3.0555555555555554]","[0, 1, 6.75, 2.4, 2.0, 1.1111111111111112]","[0, 0, 10.384615384615385, 2.076923076923077, 6, 0.48148148148148145]","[0, 1, 6.75, 1.75, 2.5, 0.8421052631578947]"
55,2020-07-08,20200708SSWO0,"[0, 0, 0, 0, 0, 0]","[0, 0, 0, 0, 0, 0]","[0, 0, 0, 0, 0, 0]","[1, 0, 2.16, 1.3199999999999998, 1.2, 1.1904761904761905]","[0, 0, 2.571428571428571, 1.0, 3.75, 1.05]","[0, 0, 0, 0, 0, 0]","[0, 0, 9.0, 3.0, 1.0, 1.0]","[0, 1, 2.872340425531915, 1.021276595744681, 3.8, 1.5666666666666667]","[0, 0, 4.383116883116883, 1.422077922077922, 3.1666666666666665, 5.703703703703704]","[0, 0, 5.4, 2.6999999999999997, 0.5, 0.8333333333333334]","[0, 1, 0.9310344827586207, 0.9310344827586208, 6.666666666666667, 1.1372549019607843]","[0, 0, 3.75, 1.0, 2.6666666666666665, 1.0909090909090908]","[0, 1, 4.7368421052631575, 1.368421052631579, 2.5, 0.8260869565217391]","[0, 0, 3.6818181818181817, 1.1590909090909092, 3.727272727272727, 5.866666666666666]","[0, 0, 0, 0, 0, 0]","[0, 1, 4.285714285714286, 1.3333333333333333, 2.3333333333333335, 1.1666666666666667]","[0, 0, 0, 0, 0, 0]","[0, 0, 0, 0, 0, 0]","[0, 0, 0, 0, 0, 0]","[0, 0, 4.153846153846154, 1.4615384615384615, 1.8333333333333333, 4.333333333333333]","[0, 0, 0, 0, 0, 0]","[0, 0, 5.4, 1.5, 3.0, 1.0416666666666667]","[0, 0, 4.5, 1.4038461538461537, 2.0, 5.2]","[0, 0, 8.217391304347826, 1.3043478260869565, 1.5, 0.9583333333333334]","[0, 1, 0.0, 0.8, 3.0, 1.0]","[0, 0, 0, 0, 0, 0]","[0, 0, 1.4210526315789473, 0.8526315789473684, 4.5, 6.333333333333334]","[0, 0, 6.872727272727272, 1.9636363636363638, 0.6153846153846154, 3.0555555555555554]","[0, 0, 6.75, 2.4, 2.0, 1.1111111111111112]","[0, 0, 10.384615384615385, 2.076923076923077, 6, 0.48148148148148145]","[0, 0, 6.75, 1.75, 2.5, 0.8421052631578947]"
56,2020-07-09,20200709SSWO0,"[0, 0, 0, 0, 0, 0]","[0, 0, 0, 0, 0, 0]","[0, 0, 0, 0, 0, 0]","[0, 0, 2.16, 1.3199999999999998, 1.2, 1.1904761904761905]","[0, 0, 2.571428571428571, 1.0, 3.75, 1.05]","[0, 0, 0, 0, 0, 0]","[0, 0, 9.0, 3.0, 1.0, 1.0]","[0, 0, 2.872340425531915, 1.021276595744681, 3.8, 1.5666666666666667]","[0, 0, 4.383116883116883, 1.422077922077922, 3.1666666666666665, 5.703703703703704]","[0, 0, 5.4, 2.6999999999999997, 0.5, 0.8333333333333334]","[0, 1, 0.8852459016393444, 0.8852459016393444, 6.666666666666667, 1.1296296296296295]","[0, 0, 3.75, 1.0, 2.6666666666666665, 1.0909090909090908]","[0, 0, 4.7368421052631575, 1.368421052631579, 2.5, 0.8260869565217391]","[0, 0, 3.6818181818181817, 1.1590909090909092, 3.727272727272727, 5.866666666666666]","[0, 0, 0, 0, 0, 0]","[0, 0, 4.285714285714286, 1.3333333333333333, 2.3333333333333335, 1.1666666666666667]","[0, 0, 0, 0, 0, 0]","[0, 0, 0, 0, 0, 0]","[0, 0, 0, 0, 0, 0]","[0, 0, 4.153846153846154, 1.4615384615384615, 1.8333333333333333, 4.333333333333333]","[0, 0, 0, 0, 0, 0]","[0, 0, 5.4, 1.5, 3.0, 1.0416666666666667]","[0, 0, 4.5, 1.4038461538461537, 2.0, 5.2]","[0, 0, 8.217391304347826, 1.3043478260869565, 1.5, 0.9583333333333334]","[0, 1, 0.0, 0.6666666666666666, 3.5, 1.0]","[0, 0, 0, 0, 0, 0]","[1, 0, 1.2980769230769231, 0.8653846153846154, 4.9, 6.303030303030303]","[0, 0, 6.872727272727272, 1.9636363636363638, 0.6153846153846154, 3.0555555555555554]","[0, 0, 6.75, 2.4, 2.0, 1.1111111111111112]","[0, 0, 10.384615384615385, 2.076923076923077, 6, 0.48148148148148145]","[0, 0, 6.75, 1.75, 2.5, 0.8421052631578947]"
57,2020-07-10,20200710WOHT0,"[0, 0, 0, 0, 0, 0]","[0, 0, 0, 0, 0, 0]","[0, 0, 0, 0, 0, 0]","[0, 0, 2.16, 1.3199999999999998, 1.2, 1.1904761904761905]","[0, 1, 2.3478260869565215, 1.0, 4.0, 1.0952380952380953]","[0, 0, 0, 0, 0, 0]","[0, 1, 9.0, 3.0, 3.0, 1.0]","[0, 1, 3.896907216494845, 1.11340206185567, 3.3333333333333335, 1.5396825396825398]","[0, 0, 4.383116883116883, 1.422077922077922, 3.1666666666666665, 5.703703703703704]","[0, 0, 5.4, 2.6999999999999997, 0.5, 0.8333333333333334]","[0, 0, 0.8852459016393444, 0.8852459016393444, 6.666666666666667, 1.1296296296296295]","[0, 0, 3.75, 1.0, 2.6666666666666665, 1.0909090909090908]","[0, 0, 4.7368421052631575, 1.368421052631579, 2.5, 0.8260869565217391]","[1, 0, 4.0212765957446805, 1.2446808510638299, 2.75, 5.696969696969696]","[0, 0, 0, 0, 0, 0]","[0, 1, 4.695652173913043, 1.434782608695652, 2.5, 1.2105263157894737]","[0, 0, 0, 0, 0, 0]","[0, 0, 0, 0, 0, 0]","[0, 1, 0, 0, 0, 0]","[0, 0, 4.153846153846154, 1.4615384615384615, 1.8333333333333333, 4.333333333333333]","[0, 0, 0, 0, 0, 0]","[0, 1, 5.785714285714286, 1.7142857142857142, 2.857142857142857, 1.0980392156862746]","[0, 0, 4.5, 1.4038461538461537, 2.0, 5.2]","[0, 0, 8.217391304347826, 1.3043478260869565, 1.5, 0.9583333333333334]","[0, 0, 0.0, 0.6666666666666666, 3.5, 1.0]","[0, 0, 0, 0, 0, 0]","[0, 0, 1.2980769230769231, 0.8653846153846154, 4.9, 6.303030303030303]","[0, 0, 6.872727272727272, 1.9636363636363638, 0.6153846153846154, 3.0555555555555554]","[0, 0, 6.75, 2.4, 2.0, 1.1111111111111112]","[0, 0, 10.384615384615385, 2.076923076923077, 6, 0.48148148148148145]","[0, 1, 6.352941176470588, 1.7058823529411764, 2.5, 0.85]"
58,2020-07-11,20200711WOHT0,"[0, 0, 0, 0, 0, 0]","[0, 1, 0, 0, 0, 0]","[0, 0, 0, 0, 0, 0]","[0, 0, 2.16, 1.3199999999999998, 1.2, 1.1904761904761905]","[0, 0, 2.3478260869565215, 1.0, 4.0, 1.0952380952380953]","[0, 0, 0, 0, 0, 0]","[0, 1, 11.571428571428571, 3.4285714285714284, 1.5, 0.7777777777777778]","[0, 0, 3.896907216494845, 1.11340206185567, 3.3333333333333335, 1.5396825396825398]","[0, 0, 4.383116883116883, 1.422077922077922, 3.1666666666666665, 5.703703703703704]","[0, 0, 5.4, 2.6999999999999997, 0.5, 0.8333333333333334]","[0, 0, 0.8852459016393444, 0.8852459016393444, 6.666666666666667, 1.1296296296296295]","[0, 0, 3.75, 1.0, 2.6666666666666665, 1.0909090909090908]","[0, 0, 4.7368421052631575, 1.368421052631579, 2.5, 0.8260869565217391]","[0, 0, 4.0212765957446805, 1.2446808510638299, 2.75, 5.696969696969696]","[0, 0, 0, 0, 0, 0]","[0, 1, 4.5, 1.4583333333333333, 2.6666666666666665, 1.2]","[0, 0, 0, 0, 0, 0]","[0, 0, 0, 0, 0, 0]","[0, 1, 27.0, 9.0, 1.0, 0.3333333333333333]","[0, 0, 4.153846153846154, 1.4615384615384615, 1.8333333333333333, 4.333333333333333]","[0, 0, 0, 0, 0, 0]","[0, 1, 5.491525423728814, 1.6271186440677965, 2.857142857142857, 1.0925925925925926]","[1, 0, 5.333333333333333, 1.462962962962963, 1.9411764705882353, 4.909090909090909]","[0, 0, 8.217391304347826, 1.3043478260869565, 1.5, 0.9583333333333334]","[0, 0, 0.0, 0.6666666666666666, 3.5, 1.0]","[0, 0, 0, 0, 0, 0]","[0, 0, 1.2980769230769231, 0.8653846153846154, 4.9, 6.303030303030303]","[0, 0, 6.872727272727272, 1.9636363636363638, 0.6153846153846154, 3.0555555555555554]","[0, 0, 6.75, 2.4, 2.0, 1.1111111111111112]","[0, 0, 10.384615384615385, 2.076923076923077, 6, 0.48148148148148145]","[0, 0, 6.352941176470588, 1.7058823529411764, 2.5, 0.85]"
59,2020-07-13,20200713WOHT0,"[0, 0, 0, 0, 0, 0]","[0, 1, 0.0, 1.0, 1.0, 1.0]","[0, 0, 0, 0, 0, 0]","[0, 1, 1.588235294117647, 1.3235294117647058, 0.875, 1.4166666666666667]","[0, 0, 2.3478260869565215, 1.0, 4.0, 1.0952380952380953]","[0, 0, 0, 0, 0, 0]","[0, 0, 11.571428571428571, 3.4285714285714284, 1.5, 0.7777777777777778]","[0, 0, 3.896907216494845, 1.11340206185567, 3.3333333333333335, 1.5396825396825398]","[1, 0, 5.943396226415095, 1.6226415094339623, 2.7142857142857144, 5.3]","[0, 0, 5.4, 2.6999999999999997, 0.5, 0.8333333333333334]","[0, 0, 0.8852459016393444, 0.8852459016393444, 6.666666666666667, 1.1296296296296295]","[0, 0, 3.75, 1.0, 2.6666666666666665, 1.0909090909090908]","[0, 0, 4.7368421052631575, 1.368421052631579, 2.5, 0.8260869565217391]","[0, 0, 4.0212765957446805, 1.2446808510638299, 2.75, 5.696969696969696]","[0, 0, 0, 0, 0, 0]","[0, 1, 4.68, 1.48, 2.8333333333333335, 1.1904761904761905]","[0, 0, 0, 0, 0, 0]","[0, 0, 0, 0, 0, 0]","[0, 1, 13.5, 4.5, 1.0, 0.3333333333333333]","[0, 0, 4.153846153846154, 1.4615384615384615, 1.8333333333333333, 4.333333333333333]","[0, 0, 0, 0, 0, 0]","[0, 1, 5.225806451612903, 1.6451612903225805, 2.2222222222222223, 1.087719298245614]","[0, 0, 5.333333333333333, 1.462962962962963, 1.9411764705882353, 4.909090909090909]","[0, 0, 8.217391304347826, 1.3043478260869565, 1.5, 0.9583333333333334]","[0, 0, 0.0, 0.6666666666666666, 3.5, 1.0]","[0, 0, 0, 0, 0, 0]","[0, 0, 1.2980769230769231, 0.8653846153846154, 4.9, 6.303030303030303]","[0, 0, 6.872727272727272, 1.9636363636363638, 0.6153846153846154, 3.0555555555555554]","[0, 0, 6.75, 2.4, 2.0, 1.1111111111111112]","[0, 0, 10.384615384615385, 2.076923076923077, 6, 0.48148148148148145]","[0, 0, 6.352941176470588, 1.7058823529411764, 2.5, 0.85]"
60,2020-07-14,20200714NCWO0,"[0, 0, 0, 0, 0, 0]","[0, 0, 0.0, 1.0, 1.0, 1.0]","[0, 0, 0, 0, 0, 0]","[0, 0, 1.588235294117647, 1.3235294117647058, 0.875, 1.4166666666666667]","[0, 1, 2.16, 0.96, 4.0, 1.1363636363636365]","[0, 0, 0, 0, 0, 0]","[0, 0, 11.571428571428571, 3.4285714285714284, 1.5, 0.7777777777777778]","[0, 0, 3.896907216494845, 1.11340206185567, 3.3333333333333335, 1.5396825396825398]","[0, 0, 5.943396226415095, 1.6226415094339623, 2.7142857142857144, 5.3]","[0, 0, 5.4, 2.6999999999999997, 0.5, 0.8333333333333334]","[0, 1, 0.84375, 0.890625, 7.0, 1.1228070175438596]","[0, 0, 3.75, 1.0, 2.6666666666666665, 1.0909090909090908]","[0, 0, 4.7368421052631575, 1.368421052631579, 2.5, 0.8260869565217391]","[0, 0, 4.0212765957446805, 1.2446808510638299, 2.75, 5.696969696969696]","[0, 0, 0, 0, 0, 0]","[0, 0, 4.68, 1.48, 2.8333333333333335, 1.1904761904761905]","[0, 0, 0, 0, 0, 0]","[0, 0, 0, 0, 0, 0]","[0, 0, 13.5, 4.5, 1.0, 0.3333333333333333]","[1, 0, 5.0, 1.5555555555555556, 2.0, 4.5]","[0, 0, 0, 0, 0, 0]","[0, 0, 5.225806451612903, 1.6451612903225805, 2.2222222222222223, 1.087719298245614]","[0, 0, 5.333333333333333, 1.462962962962963, 1.9411764705882353, 4.909090909090909]","[0, 0, 8.217391304347826, 1.3043478260869565, 1.5, 0.9583333333333334]","[0, 1, 0.0, 0.8571428571428571, 2.3333333333333335, 1.0]","[0, 0, 0, 0, 0, 0]","[0, 0, 1.2980769230769231, 0.8653846153846154, 4.9, 6.303030303030303]","[0, 0, 6.872727272727272, 1.9636363636363638, 0.6153846153846154, 3.0555555555555554]","[0, 0, 6.75, 2.4, 2.0, 1.1111111111111112]","[0, 0, 10.384615384615385, 2.076923076923077, 6, 0.48148148148148145]","[0, 1, 6.0, 1.6111111111111112, 2.5, 0.8571428571428571]"
61,2020-07-15,20200715NCWO0,"[0, 0, 0, 0, 0, 0]","[0, 0, 0.0, 1.0, 1.0, 1.0]","[0, 0, 0, 0, 0, 0]","[0, 0, 1.588235294117647, 1.3235294117647058, 0.875, 1.4166666666666667]","[0, 0, 2.16, 0.96, 4.0, 1.1363636363636365]","[0, 0, 0, 0, 0, 0]","[0, 0, 11.571428571428571, 3.4285714285714284, 1.5, 0.7777777777777778]","[0, 1, 3.818181818181818, 1.121212121212121, 3.142857142857143, 1.5]","[0, 0, 5.943396226415095, 1.6226415094339623, 2.7142857142857144, 5.3]","[0, 0, 5.4, 2.6999999999999997, 0.5, 0.8333333333333334]","[0, 1, 0.8059701492537313, 0.8507462686567164, 7.666666666666667, 1.1166666666666667]","[0, 0, 3.75, 1.0, 2.6666666666666665, 1.0909090909090908]","[0, 0, 4.7368421052631575, 1.368421052631579, 2.5, 0.8260869565217391]","[0, 0, 4.0212765957446805, 1.2446808510638299, 2.75, 5.696969696969696]","[0, 0, 0, 0, 0, 0]","[0, 0, 4.68, 1.48, 2.8333333333333335, 1.1904761904761905]","[0, 0, 0, 0, 0, 0]","[0, 0, 0, 0, 0, 0]","[0, 0, 13.5, 4.5, 1.0, 0.3333333333333333]","[0, 0, 5.0, 1.5555555555555556, 2.0, 4.5]","[0, 0, 0, 0, 0, 0]","[0, 0, 5.225806451612903, 1.6451612903225805, 2.2222222222222223, 1.087719298245614]","[0, 0, 5.333333333333333, 1.462962962962963, 1.9411764705882353, 4.909090909090909]","[0, 0, 8.217391304347826, 1.3043478260869565, 1.5, 0.9583333333333334]","[0, 1, 0.0, 0.75, 3.0, 1.0]","[0, 0, 0, 0, 0, 0]","[1, 0, 1.4148471615720524, 0.8908296943231442, 5.4, 6.361111111111111]","[0, 0, 6.872727272727272, 1.9636363636363638, 0.6153846153846154, 3.0555555555555554]","[0, 0, 6.75, 2.4, 2.0, 1.1111111111111112]","[0, 0, 10.384615384615385, 2.076923076923077, 6, 0.48148148148148145]","[0, 0, 6.0, 1.6111111111111112, 2.5, 0.8571428571428571]"
62,2020-07-16,20200716NCWO0,"[0, 0, 0, 0, 0, 0]","[0, 1, 0.0, 0.5, 2.0, 1.0]","[0, 0, 0, 0, 0, 0]","[1, 0, 1.4594594594594597, 1.2972972972972971, 1.0, 1.3703703703703705]","[0, 0, 2.16, 0.96, 4.0, 1.1363636363636365]","[0, 0, 0, 0, 0, 0]","[0, 0, 11.571428571428571, 3.4285714285714284, 1.5, 0.7777777777777778]","[0, 0, 3.818181818181818, 1.121212121212121, 3.142857142857143, 1.5]","[0, 0, 5.943396226415095, 1.6226415094339623, 2.7142857142857144, 5.3]","[0, 0, 5.4, 2.6999999999999997, 0.5, 0.8333333333333334]","[0, 0, 0.8059701492537313, 0.8507462686567164, 7.666666666666667, 1.1166666666666667]","[0, 1, 4.5, 1.0, 2.6666666666666665, 1.1666666666666667]","[0, 0, 4.7368421052631575, 1.368421052631579, 2.5, 0.8260869565217391]","[0, 0, 4.0212765957446805, 1.2446808510638299, 2.75, 5.696969696969696]","[0, 0, 0, 0, 0, 0]","[0, 0, 4.68, 1.48, 2.8333333333333335, 1.1904761904761905]","[0, 0, 0, 0, 0, 0]","[0, 1, 0, 0, 0, 0]","[0, 0, 13.5, 4.5, 1.0, 0.3333333333333333]","[0, 0, 5.0, 1.5555555555555556, 2.0, 4.5]","[0, 0, 0, 0, 0, 0]","[0, 1, 4.764705882352941, 1.588235294117647, 2.3333333333333335, 1.1333333333333333]","[0, 0, 5.333333333333333, 1.462962962962963, 1.9411764705882353, 4.909090909090909]","[0, 0, 8.217391304347826, 1.3043478260869565, 1.5, 0.9583333333333334]","[0, 0, 0.0, 0.75, 3.0, 1.0]","[0, 0, 0, 0, 0, 0]","[0, 0, 1.4148471615720524, 0.8908296943231442, 5.4, 6.361111111111111]","[0, 0, 6.872727272727272, 1.9636363636363638, 0.6153846153846154, 3.0555555555555554]","[0, 0, 6.75, 2.4, 2.0, 1.1111111111111112]","[0, 0, 10.384615384615385, 2.076923076923077, 6, 0.48148148148148145]","[0, 0, 6.0, 1.6111111111111112, 2.5, 0.8571428571428571]"
63,2020-07-17,20200717WOSK0,"[0, 0, 0, 0, 0, 0]","[0, 0, 0.0, 0.5, 2.0, 1.0]","[0, 0, 0, 0, 0, 0]","[0, 0, 1.4594594594594597, 1.2972972972972971, 1.0, 1.3703703703703705]","[0, 1, 2.076923076923077, 0.9230769230769231, 4.5, 1.1304347826086956]","[0, 0, 0, 0, 0, 0]","[0, 0, 11.571428571428571, 3.4285714285714284, 1.5, 0.7777777777777778]","[0, 1, 4.00990099009901, 1.1881188118811883, 2.75, 1.4637681159420288]","[0, 0, 5.943396226415095, 1.6226415094339623, 2.7142857142857144, 5.3]","[0, 0, 5.4, 2.6999999999999997, 0.5, 0.8333333333333334]","[0, 1, 0.7714285714285714, 0.8571428571428572, 7.666666666666667, 1.1111111111111112]","[0, 0, 4.5, 1.0, 2.6666666666666665, 1.1666666666666667]","[0, 1, 4.5, 1.35, 2.142857142857143, 0.8333333333333334]","[0, 0, 4.0212765957446805, 1.2446808510638299, 2.75, 5.696969696969696]","[0, 0, 0, 0, 0, 0]","[0, 0, 4.68, 1.48, 2.8333333333333335, 1.1904761904761905]","[0, 0, 0, 0, 0, 0]","[0, 0, 0, 0, 0, 0]","[0, 0, 13.5, 4.5, 1.0, 0.3333333333333333]","[0, 0, 5.0, 1.5555555555555556, 2.0, 4.5]","[0, 0, 0, 0, 0, 0]","[0, 0, 4.764705882352941, 1.588235294117647, 2.3333333333333335, 1.1333333333333333]","[1, 0, 5.8965517241379315, 1.5172413793103448, 2.0555555555555554, 4.833333333333333]","[0, 0, 8.217391304347826, 1.3043478260869565, 1.5, 0.9583333333333334]","[0, 1, 0.0, 0.72, 3.3333333333333335, 0.925925925925926]","[0, 0, 0, 0, 0, 0]","[0, 0, 1.4148471615720524, 0.8908296943231442, 5.4, 6.361111111111111]","[0, 0, 6.872727272727272, 1.9636363636363638, 0.6153846153846154, 3.0555555555555554]","[0, 0, 6.75, 2.4, 2.0, 1.1111111111111112]","[0, 0, 10.384615384615385, 2.076923076923077, 6, 0.48148148148148145]","[0, 1, 5.684210526315789, 1.5263157894736843, 2.5, 0.8636363636363636]"
64,2020-07-18,20200718WOSK0,"[0, 0, 0, 0, 0, 0]","[0, 0, 0.0, 0.5, 2.0, 1.0]","[0, 0, 0, 0, 0, 0]","[0, 0, 1.4594594594594597, 1.2972972972972971, 1.0, 1.3703703703703705]","[0, 0, 2.076923076923077, 0.9230769230769231, 4.5, 1.1304347826086956]","[0, 0, 0, 0, 0, 0]","[0, 0, 11.571428571428571, 3.4285714285714284, 1.5, 0.7777777777777778]","[0, 1, 4.114285714285715, 1.2285714285714286, 3.0, 1.4583333333333333]","[1, 0, 6.872727272727272, 1.7454545454545454, 2.4375, 5.0]","[0, 0, 5.4, 2.6999999999999997, 0.5, 0.8333333333333334]","[0, 1, 0.7605633802816901, 0.9295774647887324, 8.0, 1.075757575757576]","[0, 0, 4.5, 1.0, 2.6666666666666665, 1.1666666666666667]","[0, 1, 4.714285714285714, 1.3333333333333333, 2.142857142857143, 0.84]","[0, 0, 4.0212765957446805, 1.2446808510638299, 2.75, 5.696969696969696]","[0, 0, 0, 0, 0, 0]","[0, 0, 4.68, 1.48, 2.8333333333333335, 1.1904761904761905]","[0, 0, 0, 0, 0, 0]","[0, 0, 0, 0, 0, 0]","[0, 0, 13.5, 4.5, 1.0, 0.3333333333333333]","[0, 0, 5.0, 1.5555555555555556, 2.0, 4.5]","[0, 0, 0, 0, 0, 0]","[0, 0, 4.764705882352941, 1.588235294117647, 2.3333333333333335, 1.1333333333333333]","[0, 0, 5.8965517241379315, 1.5172413793103448, 2.0555555555555554, 4.833333333333333]","[0, 0, 8.217391304347826, 1.3043478260869565, 1.5, 0.9583333333333334]","[0, 0, 0.0, 0.72, 3.3333333333333335, 0.925925925925926]","[0, 0, 0, 0, 0, 0]","[0, 0, 1.4148471615720524, 0.8908296943231442, 5.4, 6.361111111111111]","[0, 0, 6.872727272727272, 1.9636363636363638, 0.6153846153846154, 3.0555555555555554]","[0, 0, 6.75, 2.4, 2.0, 1.1111111111111112]","[0, 0, 10.384615384615385, 2.076923076923077, 6, 0.48148148148148145]","[0, 0, 5.684210526315789, 1.5263157894736843, 2.5, 0.8636363636363636]"
65,2020-07-19,20200719WOSK0,"[0, 0, 0, 0, 0, 0]","[0, 0, 0.0, 0.5, 2.0, 1.0]","[0, 0, 0, 0, 0, 0]","[0, 0, 1.4594594594594597, 1.2972972972972971, 1.0, 1.3703703703703705]","[0, 1, 2.6341463414634148, 0.9878048780487805, 3.8, 1.1388888888888888]","[0, 0, 0, 0, 0, 0]","[0, 0, 11.571428571428571, 3.4285714285714284, 1.5, 0.7777777777777778]","[0, 0, 4.114285714285715, 1.2285714285714286, 3.0, 1.4583333333333333]","[0, 0, 6.872727272727272, 1.7454545454545454, 2.4375, 5.0]","[0, 0, 5.4, 2.6999999999999997, 0.5, 0.8333333333333334]","[0, 0, 0.7605633802816901, 0.9295774647887324, 8.0, 1.075757575757576]","[0, 1, 4.32, 0.96, 3.3333333333333335, 1.2820512820512822]","[0, 0, 4.714285714285714, 1.3333333333333333, 2.142857142857143, 0.84]","[0, 0, 4.0212765957446805, 1.2446808510638299, 2.75, 5.696969696969696]","[0, 0, 0, 0, 0, 0]","[0, 0, 4.68, 1.48, 2.8333333333333335, 1.1904761904761905]","[0, 0, 0, 0, 0, 0]","[0, 0, 0, 0, 0, 0]","[0, 0, 13.5, 4.5, 1.0, 0.3333333333333333]","[1, 0, 4.304347826086956, 1.391304347826087, 2.0, 4.6]","[0, 0, 0, 0, 0, 0]","[0, 1, 4.563380281690141, 1.5633802816901408, 2.3333333333333335, 1.126984126984127]","[0, 0, 5.8965517241379315, 1.5172413793103448, 2.0555555555555554, 4.833333333333333]","[0, 0, 8.217391304347826, 1.3043478260869565, 1.5, 0.9583333333333334]","[0, 1, 3.8571428571428568, 1.0714285714285714, 2.0, 0.9333333333333333]","[0, 0, 0, 0, 0, 0]","[0, 0, 1.4148471615720524, 0.8908296943231442, 5.4, 6.361111111111111]","[0, 0, 6.872727272727272, 1.9636363636363638, 0.6153846153846154, 3.0555555555555554]","[0, 1, 11.172413793103448, 2.689655172413793, 1.0, 1.380952380952381]","[0, 0, 10.384615384615385, 2.076923076923077, 6, 0.48148148148148145]","[0, 0, 5.684210526315789, 1.5263157894736843, 2.5, 0.8636363636363636]"
