,date,game_key,샘슨,최준용,스트레일리,박재민,박명현,홍민기,박시영,장국헌,신동훈,김원중,정태승,박진형,구승민,박세웅,이인복,김유영,최영환,박종무,한승혁,윤성빈,강동호,최하늘,이승헌,김현,서준원,김동규,고효준,노경은,김건국,장원삼,배장호,송승준,김대우,오현택,진명호
0,2020-05-05,20200505LTKT0,"[0, 0, 0, 0, 0, 0]","[0, 0, 0, 0, 0, 0]","[1, 0, 0, 0, 0, 0]","[0, 0, 0, 0, 0, 0]","[0, 0, 0, 0, 0, 0]","[0, 0, 0, 0, 0, 0]","[0, 0, 0, 0, 0, 0]","[0, 0, 0, 0, 0, 0]","[0, 0, 0, 0, 0, 0]","[0, 1, 0, 0, 0, 0]","[0, 0, 0, 0, 0, 0]","[0, 1, 0, 0, 0, 0]","[0, 0, 0, 0, 0, 0]","[0, 0, 0, 0, 0, 0]","[0, 0, 0, 0, 0, 0]","[0, 0, 0, 0, 0, 0]","[0, 0, 0, 0, 0, 0]","[0, 0, 0, 0, 0, 0]","[0, 0, 0, 0, 0, 0]","[0, 0, 0, 0, 0, 0]","[0, 0, 0, 0, 0, 0]","[0, 0, 0, 0, 0, 0]","[0, 0, 0, 0, 0, 0]","[0, 0, 0, 0, 0, 0]","[0, 0, 0, 0, 0, 0]","[0, 0, 0, 0, 0, 0]","[0, 0, 0, 0, 0, 0]","[0, 0, 0, 0, 0, 0]","[0, 0, 0, 0, 0, 0]","[0, 0, 0, 0, 0, 0]","[0, 0, 0, 0, 0, 0]","[0, 0, 0, 0, 0, 0]","[0, 0, 0, 0, 0, 0]","[0, 1, 0, 0, 0, 0]","[0, 0, 0, 0, 0, 0]"
1,2020-05-06,20200506LTKT0,"[0, 0, 0, 0, 0, 0]","[0, 0, 0, 0, 0, 0]","[0, 0, 0, 0, 0, 0]","[0, 0, 0, 0, 0, 0]","[0, 0, 0, 0, 0, 0]","[0, 0, 0, 0, 0, 0]","[0, 1, 0, 0, 0, 0]","[0, 0, 0, 0, 0, 0]","[0, 0, 0, 0, 0, 0]","[0, 0, 0, 0, 0, 0]","[0, 0, 0, 0, 0, 0]","[0, 0, 0, 0, 0, 0]","[0, 1, 0, 0, 0, 0]","[0, 0, 0, 0, 0, 0]","[0, 0, 0, 0, 0, 0]","[0, 0, 0, 0, 0, 0]","[0, 0, 0, 0, 0, 0]","[0, 0, 0, 0, 0, 0]","[0, 0, 0, 0, 0, 0]","[0, 0, 0, 0, 0, 0]","[0, 0, 0, 0, 0, 0]","[0, 0, 0, 0, 0, 0]","[0, 0, 0, 0, 0, 0]","[0, 0, 0, 0, 0, 0]","[1, 0, 0, 0, 0, 0]","[0, 0, 0, 0, 0, 0]","[0, 0, 0, 0, 0, 0]","[0, 0, 0, 0, 0, 0]","[0, 0, 0, 0, 0, 0]","[0, 0, 0, 0, 0, 0]","[0, 0, 0, 0, 0, 0]","[0, 0, 0, 0, 0, 0]","[0, 0, 0, 0, 0, 0]","[0, 0, 0, 0, 0, 0]","[0, 1, 0, 0, 0, 0]"
2,2020-05-07,20200507LTKT0,"[0, 0, 0, 0, 0, 0]","[0, 0, 0, 0, 0, 0]","[0, 0, 0, 0, 0, 0]","[0, 0, 0, 0, 0, 0]","[0, 0, 0, 0, 0, 0]","[0, 0, 0, 0, 0, 0]","[0, 0, 0, 0, 0, 0]","[0, 0, 0, 0, 0, 0]","[0, 0, 0, 0, 0, 0]","[0, 1, 0.0, 1.0, 2.0, 1.0]","[0, 0, 0, 0, 0, 0]","[0, 1, 0.0, 2.0, 1.0, 1.0]","[0, 1, 0.0, 0.0, 0, 1.0]","[1, 0, 0, 0, 0, 0]","[0, 0, 0, 0, 0, 0]","[0, 0, 0, 0, 0, 0]","[0, 0, 0, 0, 0, 0]","[0, 0, 0, 0, 0, 0]","[0, 0, 0, 0, 0, 0]","[0, 0, 0, 0, 0, 0]","[0, 0, 0, 0, 0, 0]","[0, 0, 0, 0, 0, 0]","[0, 0, 0, 0, 0, 0]","[0, 0, 0, 0, 0, 0]","[0, 0, 0, 0, 0, 0]","[0, 0, 0, 0, 0, 0]","[0, 0, 0, 0, 0, 0]","[0, 0, 0, 0, 0, 0]","[0, 0, 0, 0, 0, 0]","[0, 0, 0, 0, 0, 0]","[0, 0, 0, 0, 0, 0]","[0, 0, 0, 0, 0, 0]","[0, 0, 0, 0, 0, 0]","[0, 1, 0.0, 0.75, 1, 1.3333333333333333]","[0, 1, 9.0, 1.0, 1, 1.0]"
3,2020-05-08,20200508SKLT0,"[0, 0, 0, 0, 0, 0]","[0, 0, 0, 0, 0, 0]","[0, 0, 0, 0, 0, 0]","[0, 0, 0, 0, 0, 0]","[0, 0, 0, 0, 0, 0]","[0, 0, 0, 0, 0, 0]","[0, 1, 18.0, 3.0, 0.0, 1.0]","[0, 0, 0, 0, 0, 0]","[0, 0, 0, 0, 0, 0]","[0, 1, 0.0, 0.5, 2.0, 1.0]","[0, 0, 0, 0, 0, 0]","[0, 1, 0.0, 2.25, 1.0, 0.6666666666666666]","[0, 1, 0.0, 0.0, 0, 1.0]","[0, 0, 0, 0, 0, 0]","[0, 0, 0, 0, 0, 0]","[0, 0, 0, 0, 0, 0]","[0, 0, 0, 0, 0, 0]","[0, 0, 0, 0, 0, 0]","[0, 0, 0, 0, 0, 0]","[0, 0, 0, 0, 0, 0]","[0, 0, 0, 0, 0, 0]","[0, 0, 0, 0, 0, 0]","[0, 0, 0, 0, 0, 0]","[0, 0, 0, 0, 0, 0]","[0, 0, 0, 0, 0, 0]","[0, 0, 0, 0, 0, 0]","[0, 0, 0, 0, 0, 0]","[1, 0, 0, 0, 0, 0]","[0, 0, 0, 0, 0, 0]","[0, 0, 0, 0, 0, 0]","[0, 0, 0, 0, 0, 0]","[0, 0, 0, 0, 0, 0]","[0, 1, 0, 0, 0, 0]","[0, 0, 0.0, 0.75, 1, 1.3333333333333333]","[0, 0, 9.0, 1.0, 1, 1.0]"
4,2020-05-10,20200510SKLT0,"[0, 0, 0, 0, 0, 0]","[0, 0, 0, 0, 0, 0]","[1, 0, 3.176470588235294, 1.0588235294117647, 1.3333333333333333, 5.666666666666667]","[0, 0, 0, 0, 0, 0]","[0, 0, 0, 0, 0, 0]","[0, 0, 0, 0, 0, 0]","[0, 0, 18.0, 3.0, 0.0, 1.0]","[0, 0, 0, 0, 0, 0]","[0, 0, 0, 0, 0, 0]","[0, 0, 0.0, 0.5, 2.0, 1.0]","[0, 0, 0, 0, 0, 0]","[0, 1, 0.0, 1.7142857142857142, 3.0, 0.7777777777777778]","[0, 0, 0.0, 0.0, 0, 1.0]","[0, 0, 0, 0, 0, 0]","[0, 0, 0, 0, 0, 0]","[0, 0, 0, 0, 0, 0]","[0, 0, 0, 0, 0, 0]","[0, 0, 0, 0, 0, 0]","[0, 0, 0, 0, 0, 0]","[0, 0, 0, 0, 0, 0]","[0, 0, 0, 0, 0, 0]","[0, 0, 0, 0, 0, 0]","[0, 0, 0, 0, 0, 0]","[0, 0, 0, 0, 0, 0]","[0, 0, 0, 0, 0, 0]","[0, 0, 0, 0, 0, 0]","[0, 0, 0, 0, 0, 0]","[0, 0, 0, 0, 0, 0]","[0, 0, 0, 0, 0, 0]","[0, 0, 0, 0, 0, 0]","[0, 0, 0, 0, 0, 0]","[0, 0, 0, 0, 0, 0]","[0, 0, 0, 0, 0, 0]","[0, 0, 0.0, 0.75, 1, 1.3333333333333333]","[0, 1, 4.5, 0.5, 2, 1.0]"
5,2020-05-12,20200512OBLT0,"[0, 0, 0, 0, 0, 0]","[0, 0, 0, 0, 0, 0]","[0, 0, 3.176470588235294, 1.0588235294117647, 1.3333333333333333, 5.666666666666667]","[0, 0, 0, 0, 0, 0]","[0, 0, 0, 0, 0, 0]","[0, 0, 0, 0, 0, 0]","[0, 1, 18.0, 3.0, 0.0, 1.0]","[0, 0, 0, 0, 0, 0]","[0, 0, 0, 0, 0, 0]","[0, 0, 0.0, 0.5, 2.0, 1.0]","[0, 0, 0, 0, 0, 0]","[0, 0, 0.0, 1.7142857142857142, 3.0, 0.7777777777777778]","[0, 1, 0.0, 0.0, 1, 1.0]","[0, 0, 0, 0, 0, 0]","[0, 0, 0, 0, 0, 0]","[0, 0, 0, 0, 0, 0]","[0, 1, 0, 0, 0, 0]","[0, 0, 0, 0, 0, 0]","[0, 0, 0, 0, 0, 0]","[0, 0, 0, 0, 0, 0]","[0, 0, 0, 0, 0, 0]","[0, 0, 0, 0, 0, 0]","[0, 0, 0, 0, 0, 0]","[0, 0, 0, 0, 0, 0]","[0, 0, 0, 0, 0, 0]","[0, 0, 0, 0, 0, 0]","[0, 0, 0, 0, 0, 0]","[0, 0, 0, 0, 0, 0]","[0, 0, 0, 0, 0, 0]","[1, 0, 0, 0, 0, 0]","[0, 0, 0, 0, 0, 0]","[0, 1, 0, 0, 0, 0]","[0, 1, 9.0, 1.0, 0.0, 1.0]","[0, 0, 0.0, 0.75, 1, 1.3333333333333333]","[0, 0, 4.5, 0.5, 2, 1.0]"
6,2020-05-13,20200513OBLT0,"[0, 0, 0, 0, 0, 0]","[0, 0, 0, 0, 0, 0]","[0, 0, 3.176470588235294, 1.0588235294117647, 1.3333333333333333, 5.666666666666667]","[0, 0, 0, 0, 0, 0]","[0, 0, 0, 0, 0, 0]","[0, 0, 0, 0, 0, 0]","[0, 0, 18.0, 3.0, 0.0, 1.0]","[0, 0, 0, 0, 0, 0]","[0, 0, 0, 0, 0, 0]","[0, 1, 0.0, 0.3333333333333333, 3.0, 1.0]","[0, 0, 0, 0, 0, 0]","[0, 1, 0.0, 1.2, 4.0, 0.8333333333333334]","[0, 0, 0.0, 0.0, 1, 1.0]","[0, 0, 0, 0, 0, 0]","[0, 0, 0, 0, 0, 0]","[0, 0, 0, 0, 0, 0]","[0, 0, 0, 0, 0, 0]","[0, 0, 0, 0, 0, 0]","[0, 0, 0, 0, 0, 0]","[0, 0, 0, 0, 0, 0]","[0, 0, 0, 0, 0, 0]","[0, 0, 0, 0, 0, 0]","[0, 0, 0, 0, 0, 0]","[0, 0, 0, 0, 0, 0]","[1, 0, 0.0, 1.0, 2.0, 6.0]","[0, 0, 0, 0, 0, 0]","[0, 1, 0, 0, 0, 0]","[0, 0, 0, 0, 0, 0]","[0, 0, 0, 0, 0, 0]","[0, 0, 0, 0, 0, 0]","[0, 0, 0, 0, 0, 0]","[0, 0, 0, 0, 0, 0]","[0, 0, 9.0, 1.0, 0.0, 1.0]","[0, 1, 0.0, 0.42857142857142855, 2, 1.1666666666666667]","[0, 1, 3.0, 0.3333333333333333, 2, 1.0]"
7,2020-05-14,20200514OBLT0,"[0, 0, 0, 0, 0, 0]","[0, 0, 0, 0, 0, 0]","[0, 0, 3.176470588235294, 1.0588235294117647, 1.3333333333333333, 5.666666666666667]","[0, 0, 0, 0, 0, 0]","[0, 0, 0, 0, 0, 0]","[0, 0, 0, 0, 0, 0]","[0, 0, 18.0, 3.0, 0.0, 1.0]","[0, 0, 0, 0, 0, 0]","[0, 0, 0, 0, 0, 0]","[0, 0, 0.0, 0.3333333333333333, 3.0, 1.0]","[0, 0, 0, 0, 0, 0]","[0, 0, 0.0, 1.2, 4.0, 0.8333333333333334]","[0, 0, 0.0, 0.0, 1, 1.0]","[1, 0, 5.785714285714286, 1.7142857142857142, 1.0, 4.666666666666667]","[0, 0, 0, 0, 0, 0]","[0, 0, 0, 0, 0, 0]","[0, 1, 9.0, 3.0, 0.0, 1.0]","[0, 0, 0, 0, 0, 0]","[0, 0, 0, 0, 0, 0]","[0, 0, 0, 0, 0, 0]","[0, 0, 0, 0, 0, 0]","[0, 0, 0, 0, 0, 0]","[0, 0, 0, 0, 0, 0]","[0, 0, 0, 0, 0, 0]","[0, 0, 0.0, 1.0, 2.0, 6.0]","[0, 0, 0, 0, 0, 0]","[0, 1, 0.0, 1.5, 0.0, 0.6666666666666666]","[0, 0, 0, 0, 0, 0]","[0, 0, 0, 0, 0, 0]","[0, 0, 0, 0, 0, 0]","[0, 0, 0, 0, 0, 0]","[0, 0, 0, 0, 0, 0]","[0, 1, 13.5, 2.0, 0.0, 1.0]","[0, 1, 0.0, 0.375, 2, 0.8888888888888888]","[0, 0, 3.0, 0.3333333333333333, 2, 1.0]"
8,2020-05-15,20200515LTHH0,"[0, 0, 0, 0, 0, 0]","[0, 0, 0, 0, 0, 0]","[1, 0, 1.4210526315789473, 0.7105263157894737, 5.0, 6.333333333333333]","[0, 0, 0, 0, 0, 0]","[0, 0, 0, 0, 0, 0]","[0, 0, 0, 0, 0, 0]","[0, 1, 12.0, 2.3333333333333335, 1.0, 1.0]","[0, 0, 0, 0, 0, 0]","[0, 0, 0, 0, 0, 0]","[0, 0, 0.0, 0.3333333333333333, 3.0, 1.0]","[0, 0, 0, 0, 0, 0]","[0, 0, 0.0, 1.2, 4.0, 0.8333333333333334]","[0, 1, 2.25, 0.5, 2, 1.0]","[0, 0, 5.785714285714286, 1.7142857142857142, 1.0, 4.666666666666667]","[0, 0, 0, 0, 0, 0]","[0, 0, 0, 0, 0, 0]","[0, 0, 9.0, 3.0, 0.0, 1.0]","[0, 0, 0, 0, 0, 0]","[0, 0, 0, 0, 0, 0]","[0, 0, 0, 0, 0, 0]","[0, 0, 0, 0, 0, 0]","[0, 0, 0, 0, 0, 0]","[0, 0, 0, 0, 0, 0]","[0, 0, 0, 0, 0, 0]","[0, 0, 0.0, 1.0, 2.0, 6.0]","[0, 0, 0, 0, 0, 0]","[0, 0, 0.0, 1.5, 0.0, 0.6666666666666666]","[0, 0, 0, 0, 0, 0]","[0, 0, 0, 0, 0, 0]","[0, 0, 0, 0, 0, 0]","[0, 0, 0, 0, 0, 0]","[0, 0, 0, 0, 0, 0]","[0, 0, 13.5, 2.0, 0.0, 1.0]","[0, 1, 0.0, 0.8181818181818182, 2, 0.9166666666666666]","[0, 1, 9.0, 1.25, 1.5, 1.0]"
9,2020-05-16,20200516LTHH0,"[0, 0, 0, 0, 0, 0]","[0, 0, 0, 0, 0, 0]","[0, 0, 1.4210526315789473, 0.7105263157894737, 5.0, 6.333333333333333]","[0, 0, 0, 0, 0, 0]","[0, 0, 0, 0, 0, 0]","[0, 0, 0, 0, 0, 0]","[0, 0, 12.0, 2.3333333333333335, 1.0, 1.0]","[0, 0, 0, 0, 0, 0]","[0, 0, 0, 0, 0, 0]","[0, 1, 2.25, 0.5, 4.0, 1.0]","[0, 0, 0, 0, 0, 0]","[0, 1, 0.0, 1.153846153846154, 5.0, 0.8666666666666666]","[0, 1, 1.6875, 0.375, 5, 1.0666666666666667]","[0, 0, 5.785714285714286, 1.7142857142857142, 1.0, 4.666666666666667]","[0, 0, 0, 0, 0, 0]","[0, 0, 0, 0, 0, 0]","[0, 0, 9.0, 3.0, 0.0, 1.0]","[0, 0, 0, 0, 0, 0]","[0, 0, 0, 0, 0, 0]","[0, 0, 0, 0, 0, 0]","[0, 0, 0, 0, 0, 0]","[0, 0, 0, 0, 0, 0]","[0, 0, 0, 0, 0, 0]","[0, 0, 0, 0, 0, 0]","[0, 0, 0.0, 1.0, 2.0, 6.0]","[0, 0, 0, 0, 0, 0]","[0, 1, 27.0, 4.0, 1.0, 0.5]","[1, 0, 9.0, 2.0, 3.0, 5.0]","[0, 0, 0, 0, 0, 0]","[0, 0, 0, 0, 0, 0]","[0, 0, 0, 0, 0, 0]","[0, 0, 0, 0, 0, 0]","[0, 0, 13.5, 2.0, 0.0, 1.0]","[0, 0, 0.0, 0.8181818181818182, 2, 0.9166666666666666]","[0, 1, 7.7142857142857135, 1.0714285714285714, 2.0, 0.9333333333333333]"
10,2020-05-17,20200517LTHH0,"[0, 0, 0, 0, 0, 0]","[0, 0, 0, 0, 0, 0]","[0, 0, 1.4210526315789473, 0.7105263157894737, 5.0, 6.333333333333333]","[0, 0, 0, 0, 0, 0]","[0, 0, 0, 0, 0, 0]","[0, 0, 0, 0, 0, 0]","[0, 1, 9.0, 1.75, 2.5, 1.0]","[0, 0, 0, 0, 0, 0]","[0, 0, 0, 0, 0, 0]","[0, 1, 1.8, 0.4, 6.0, 1.0]","[0, 0, 0, 0, 0, 0]","[0, 1, 0.0, 1.2857142857142856, 5.0, 0.7777777777777778]","[0, 0, 1.6875, 0.375, 5, 1.0666666666666667]","[0, 0, 5.785714285714286, 1.7142857142857142, 1.0, 4.666666666666667]","[0, 0, 0, 0, 0, 0]","[0, 0, 0, 0, 0, 0]","[0, 0, 9.0, 3.0, 0.0, 1.0]","[0, 0, 0, 0, 0, 0]","[0, 0, 0, 0, 0, 0]","[0, 0, 0, 0, 0, 0]","[0, 0, 0, 0, 0, 0]","[0, 0, 0, 0, 0, 0]","[1, 0, 0, 0, 0, 0]","[0, 0, 0, 0, 0, 0]","[0, 0, 0.0, 1.0, 2.0, 6.0]","[0, 0, 0, 0, 0, 0]","[0, 1, 27.0, 5.0, 0.5, 0.3333333333333333]","[0, 0, 9.0, 2.0, 3.0, 5.0]","[0, 0, 0, 0, 0, 0]","[0, 0, 0, 0, 0, 0]","[0, 0, 0, 0, 0, 0]","[0, 1, 9.0, 1.5, 0, 2.0]","[0, 1, 8.1, 1.5, 1.0, 1.1111111111111112]","[0, 1, 0.0, 0.9230769230769231, 3, 0.8666666666666666]","[0, 0, 7.7142857142857135, 1.0714285714285714, 2.0, 0.9333333333333333]"
11,2020-05-19,20200519LTHT0,"[0, 0, 0, 0, 0, 0]","[0, 0, 0, 0, 0, 0]","[0, 0, 1.4210526315789473, 0.7105263157894737, 5.0, 6.333333333333333]","[0, 0, 0, 0, 0, 0]","[0, 0, 0, 0, 0, 0]","[0, 0, 0, 0, 0, 0]","[0, 0, 9.0, 1.75, 2.5, 1.0]","[0, 0, 0, 0, 0, 0]","[0, 0, 0, 0, 0, 0]","[0, 0, 1.8, 0.4, 6.0, 1.0]","[0, 0, 0, 0, 0, 0]","[0, 0, 0.0, 1.2857142857142856, 5.0, 0.7777777777777778]","[0, 0, 1.6875, 0.375, 5, 1.0666666666666667]","[0, 0, 5.785714285714286, 1.7142857142857142, 1.0, 4.666666666666667]","[0, 0, 0, 0, 0, 0]","[0, 0, 0, 0, 0, 0]","[0, 1, 7.7142857142857135, 2.571428571428571, 0.0, 1.1666666666666667]","[0, 0, 0, 0, 0, 0]","[0, 0, 0, 0, 0, 0]","[0, 0, 0, 0, 0, 0]","[0, 0, 0, 0, 0, 0]","[0, 0, 0, 0, 0, 0]","[0, 0, 0, 0, 0, 0]","[0, 0, 0, 0, 0, 0]","[1, 0, 4.090909090909091, 1.3636363636363635, 0.8, 5.5]","[0, 0, 0, 0, 0, 0]","[0, 1, 16.2, 3.0, 0.5, 0.4166666666666667]","[0, 0, 9.0, 2.0, 3.0, 5.0]","[0, 0, 0, 0, 0, 0]","[0, 0, 0, 0, 0, 0]","[0, 0, 0, 0, 0, 0]","[0, 0, 9.0, 1.5, 0, 2.0]","[0, 1, 7.2, 1.2, 0.6666666666666666, 1.25]","[0, 0, 0.0, 0.9230769230769231, 3, 0.8666666666666666]","[0, 0, 7.7142857142857135, 1.0714285714285714, 2.0, 0.9333333333333333]"
12,2020-05-20,20200520LTHT0,"[0, 0, 0, 0, 0, 0]","[0, 0, 0, 0, 0, 0]","[1, 0, 2.1176470588235294, 1.1176470588235294, 3.1666666666666665, 5.666666666666667]","[0, 0, 0, 0, 0, 0]","[0, 0, 0, 0, 0, 0]","[0, 0, 0, 0, 0, 0]","[0, 0, 9.0, 1.75, 2.5, 1.0]","[0, 0, 0, 0, 0, 0]","[0, 0, 0, 0, 0, 0]","[0, 0, 1.8, 0.4, 6.0, 1.0]","[0, 0, 0, 0, 0, 0]","[0, 0, 0.0, 1.2857142857142856, 5.0, 0.7777777777777778]","[0, 0, 1.6875, 0.375, 5, 1.0666666666666667]","[0, 0, 5.785714285714286, 1.7142857142857142, 1.0, 4.666666666666667]","[0, 1, 0, 0, 0, 0]","[0, 0, 0, 0, 0, 0]","[0, 0, 7.7142857142857135, 2.571428571428571, 0.0, 1.1666666666666667]","[0, 0, 0, 0, 0, 0]","[0, 0, 0, 0, 0, 0]","[0, 0, 0, 0, 0, 0]","[0, 0, 0, 0, 0, 0]","[0, 0, 0, 0, 0, 0]","[0, 0, 0, 0, 0, 0]","[0, 0, 0, 0, 0, 0]","[0, 0, 4.090909090909091, 1.3636363636363635, 0.8, 5.5]","[0, 0, 0, 0, 0, 0]","[0, 0, 16.2, 3.0, 0.5, 0.4166666666666667]","[0, 0, 9.0, 2.0, 3.0, 5.0]","[0, 0, 0, 0, 0, 0]","[0, 0, 0, 0, 0, 0]","[0, 0, 0, 0, 0, 0]","[0, 1, 7.363636363636363, 2.181818181818182, 0.0, 1.8333333333333333]","[0, 0, 7.2, 1.2, 0.6666666666666666, 1.25]","[0, 0, 0.0, 0.9230769230769231, 3, 0.8666666666666666]","[0, 0, 7.7142857142857135, 1.0714285714285714, 2.0, 0.9333333333333333]"
13,2020-05-21,20200521LTHT0,"[0, 0, 0, 0, 0, 0]","[0, 0, 0, 0, 0, 0]","[0, 0, 2.1176470588235294, 1.1176470588235294, 3.1666666666666665, 5.666666666666667]","[0, 0, 0, 0, 0, 0]","[0, 0, 0, 0, 0, 0]","[0, 0, 0, 0, 0, 0]","[0, 1, 6.352941176470588, 1.4117647058823528, 2.0, 1.1333333333333333]","[0, 0, 0, 0, 0, 0]","[0, 0, 0, 0, 0, 0]","[0, 0, 1.8, 0.4, 6.0, 1.0]","[0, 0, 0, 0, 0, 0]","[0, 0, 0.0, 1.2857142857142856, 5.0, 0.7777777777777778]","[0, 0, 1.6875, 0.375, 5, 1.0666666666666667]","[1, 0, 3.7241379310344827, 1.5517241379310345, 1.75, 4.833333333333333]","[0, 1, 0.0, 0.0, 0, 1.0]","[0, 0, 0, 0, 0, 0]","[0, 1, 4.153846153846154, 2.076923076923077, 1.0, 1.4444444444444444]","[0, 0, 0, 0, 0, 0]","[0, 0, 0, 0, 0, 0]","[0, 0, 0, 0, 0, 0]","[0, 0, 0, 0, 0, 0]","[0, 0, 0, 0, 0, 0]","[0, 0, 0, 0, 0, 0]","[0, 0, 0, 0, 0, 0]","[0, 0, 4.090909090909091, 1.3636363636363635, 0.8, 5.5]","[0, 0, 0, 0, 0, 0]","[0, 0, 16.2, 3.0, 0.5, 0.4166666666666667]","[0, 0, 9.0, 2.0, 3.0, 5.0]","[0, 0, 0, 0, 0, 0]","[0, 0, 0, 0, 0, 0]","[0, 0, 0, 0, 0, 0]","[0, 0, 7.363636363636363, 2.181818181818182, 0.0, 1.8333333333333333]","[0, 1, 6.0, 1.3333333333333333, 1.3333333333333333, 1.2]","[0, 0, 0.0, 0.9230769230769231, 3, 0.8666666666666666]","[0, 0, 7.7142857142857135, 1.0714285714285714, 2.0, 0.9333333333333333]"
14,2020-05-22,20200522WOLT0,"[0, 0, 0, 0, 0, 0]","[0, 0, 0, 0, 0, 0]","[0, 0, 2.1176470588235294, 1.1176470588235294, 3.1666666666666665, 5.666666666666667]","[0, 0, 0, 0, 0, 0]","[0, 0, 0, 0, 0, 0]","[0, 0, 0, 0, 0, 0]","[0, 1, 5.4, 1.3499999999999999, 1.75, 1.1111111111111112]","[0, 0, 0, 0, 0, 0]","[0, 0, 0, 0, 0, 0]","[0, 1, 1.4210526315789473, 0.4736842105263158, 6.0, 1.0555555555555556]","[0, 0, 0, 0, 0, 0]","[0, 1, 0.0, 1.125, 5.0, 0.7619047619047619]","[0, 1, 1.4210526315789473, 0.4736842105263158, 5, 1.0555555555555556]","[0, 0, 3.7241379310344827, 1.5517241379310345, 1.75, 4.833333333333333]","[0, 0, 0.0, 0.0, 0, 1.0]","[0, 0, 0, 0, 0, 0]","[0, 0, 4.153846153846154, 2.076923076923077, 1.0, 1.4444444444444444]","[0, 0, 0, 0, 0, 0]","[0, 0, 0, 0, 0, 0]","[0, 0, 0, 0, 0, 0]","[0, 0, 0, 0, 0, 0]","[0, 0, 0, 0, 0, 0]","[0, 0, 0, 0, 0, 0]","[0, 0, 0, 0, 0, 0]","[0, 0, 4.090909090909091, 1.3636363636363635, 0.8, 5.5]","[0, 0, 0, 0, 0, 0]","[0, 0, 16.2, 3.0, 0.5, 0.4166666666666667]","[1, 0, 4.909090909090909, 1.6363636363636365, 7.0, 5.5]","[0, 0, 0, 0, 0, 0]","[0, 0, 0, 0, 0, 0]","[0, 0, 0, 0, 0, 0]","[0, 0, 7.363636363636363, 2.181818181818182, 0.0, 1.8333333333333333]","[0, 0, 6.0, 1.3333333333333333, 1.3333333333333333, 1.2]","[0, 1, 0.0, 1.0, 4, 0.8333333333333334]","[0, 1, 6.75, 0.9375, 2.0, 0.8888888888888888]"
15,2020-05-23,20200523WOLT0,"[0, 0, 0, 0, 0, 0]","[0, 0, 0, 0, 0, 0]","[0, 0, 2.1176470588235294, 1.1176470588235294, 3.1666666666666665, 5.666666666666667]","[0, 0, 0, 0, 0, 0]","[0, 0, 0, 0, 0, 0]","[0, 0, 0, 0, 0, 0]","[0, 1, 5.869565217391304, 1.3043478260869565, 2.0, 1.0952380952380953]","[0, 0, 0, 0, 0, 0]","[0, 0, 0, 0, 0, 0]","[0, 0, 1.4210526315789473, 0.4736842105263158, 6.0, 1.0555555555555556]","[0, 0, 0, 0, 0, 0]","[0, 0, 0.0, 1.125, 5.0, 0.7619047619047619]","[0, 0, 1.4210526315789473, 0.4736842105263158, 5, 1.0555555555555556]","[0, 0, 3.7241379310344827, 1.5517241379310345, 1.75, 4.833333333333333]","[1, 0, 0.0, 0.0, 0, 1.0]","[0, 0, 0, 0, 0, 0]","[0, 1, 3.375, 1.875, 1.5, 1.3333333333333333]","[0, 0, 0, 0, 0, 0]","[0, 0, 0, 0, 0, 0]","[0, 0, 0, 0, 0, 0]","[0, 1, 0, 0, 0, 0]","[0, 0, 0, 0, 0, 0]","[0, 0, 0, 0, 0, 0]","[0, 0, 0, 0, 0, 0]","[0, 0, 4.090909090909091, 1.3636363636363635, 0.8, 5.5]","[0, 0, 0, 0, 0, 0]","[0, 0, 16.2, 3.0, 0.5, 0.4166666666666667]","[0, 0, 4.909090909090909, 1.6363636363636365, 7.0, 5.5]","[0, 0, 0, 0, 0, 0]","[0, 0, 0, 0, 0, 0]","[0, 0, 0, 0, 0, 0]","[0, 1, 6.352941176470588, 1.9411764705882353, 1.0, 1.888888888888889]","[0, 0, 6.0, 1.3333333333333333, 1.3333333333333333, 1.2]","[0, 1, 0.0, 0.8333333333333334, 4, 0.8571428571428571]","[0, 1, 10.125, 1.6875, 0.6666666666666666, 0.7619047619047619]"
16,2020-05-24,20200524WOLT0,"[0, 0, 0, 0, 0, 0]","[0, 0, 0, 0, 0, 0]","[0, 0, 2.1176470588235294, 1.1176470588235294, 3.1666666666666665, 5.666666666666667]","[0, 0, 0, 0, 0, 0]","[0, 0, 0, 0, 0, 0]","[0, 0, 0, 0, 0, 0]","[0, 0, 5.869565217391304, 1.3043478260869565, 2.0, 1.0952380952380953]","[0, 0, 0, 0, 0, 0]","[0, 0, 0, 0, 0, 0]","[0, 1, 1.2272727272727273, 0.4090909090909091, 6.0, 1.0476190476190477]","[0, 0, 0, 0, 0, 0]","[0, 1, 0.0, 1.105263157894737, 4.0, 0.7916666666666666]","[0, 1, 1.2272727272727273, 0.4090909090909091, 8, 1.0476190476190477]","[0, 0, 3.7241379310344827, 1.5517241379310345, 1.75, 4.833333333333333]","[0, 0, 0.0, 0.0, 0, 1.0]","[0, 0, 0, 0, 0, 0]","[0, 0, 3.375, 1.875, 1.5, 1.3333333333333333]","[0, 0, 0, 0, 0, 0]","[0, 0, 0, 0, 0, 0]","[0, 0, 0, 0, 0, 0]","[0, 0, 0, 0, 0, 0]","[0, 0, 0, 0, 0, 0]","[0, 0, 0, 0, 0, 0]","[0, 0, 0, 0, 0, 0]","[1, 0, 7.2, 1.7333333333333334, 1.2, 5.0]","[0, 0, 0, 0, 0, 0]","[0, 0, 16.2, 3.0, 0.5, 0.4166666666666667]","[0, 0, 4.909090909090909, 1.6363636363636365, 7.0, 5.5]","[0, 0, 0, 0, 0, 0]","[0, 0, 0, 0, 0, 0]","[0, 0, 0, 0, 0, 0]","[0, 0, 6.352941176470588, 1.9411764705882353, 1.0, 1.888888888888889]","[0, 0, 6.0, 1.3333333333333333, 1.3333333333333333, 1.2]","[0, 0, 0.0, 0.8333333333333334, 4, 0.8571428571428571]","[0, 0, 10.125, 1.6875, 0.6666666666666666, 0.7619047619047619]"
17,2020-05-26,20200526SSLT0,"[0, 0, 0, 0, 0, 0]","[0, 0, 0, 0, 0, 0]","[1, 0, 3.6818181818181817, 1.3181818181818181, 2.5, 5.5]","[0, 0, 0, 0, 0, 0]","[0, 0, 0, 0, 0, 0]","[0, 0, 0, 0, 0, 0]","[0, 0, 5.869565217391304, 1.3043478260869565, 2.0, 1.0952380952380953]","[0, 0, 0, 0, 0, 0]","[0, 0, 0, 0, 0, 0]","[0, 1, 1.08, 0.72, 2.3333333333333335, 1.0416666666666667]","[0, 0, 0, 0, 0, 0]","[0, 1, 0.0, 1.2857142857142858, 2.0, 0.7777777777777778]","[0, 1, 1.125, 0.375, 8, 1.0]","[0, 0, 3.7241379310344827, 1.5517241379310345, 1.75, 4.833333333333333]","[0, 0, 0.0, 0.0, 0, 1.0]","[0, 0, 0, 0, 0, 0]","[0, 0, 3.375, 1.875, 1.5, 1.3333333333333333]","[0, 0, 0, 0, 0, 0]","[0, 0, 0, 0, 0, 0]","[0, 0, 0, 0, 0, 0]","[0, 0, 0, 0, 0, 0]","[0, 0, 0, 0, 0, 0]","[0, 0, 0, 0, 0, 0]","[0, 0, 0, 0, 0, 0]","[0, 0, 7.2, 1.7333333333333334, 1.2, 5.0]","[0, 0, 0, 0, 0, 0]","[0, 0, 16.2, 3.0, 0.5, 0.4166666666666667]","[0, 0, 4.909090909090909, 1.6363636363636365, 7.0, 5.5]","[0, 0, 0, 0, 0, 0]","[0, 0, 0, 0, 0, 0]","[0, 0, 0, 0, 0, 0]","[0, 0, 6.352941176470588, 1.9411764705882353, 1.0, 1.888888888888889]","[0, 0, 6.0, 1.3333333333333333, 1.3333333333333333, 1.2]","[0, 0, 0.0, 0.8333333333333334, 4, 0.8571428571428571]","[0, 0, 10.125, 1.6875, 0.6666666666666666, 0.7619047619047619]"
18,2020-05-27,20200527SSLT0,"[0, 0, 0, 0, 0, 0]","[0, 0, 0, 0, 0, 0]","[0, 0, 3.6818181818181817, 1.3181818181818181, 2.5, 5.5]","[0, 0, 0, 0, 0, 0]","[0, 0, 0, 0, 0, 0]","[0, 0, 0, 0, 0, 0]","[0, 1, 6.4799999999999995, 1.5599999999999998, 1.6, 1.0416666666666667]","[0, 0, 0, 0, 0, 0]","[0, 0, 0, 0, 0, 0]","[0, 0, 1.08, 0.72, 2.3333333333333335, 1.0416666666666667]","[0, 0, 0, 0, 0, 0]","[0, 0, 0.0, 1.2857142857142858, 2.0, 0.7777777777777778]","[0, 0, 1.125, 0.375, 8, 1.0]","[1, 0, 5.926829268292683, 1.7560975609756098, 1.2857142857142858, 4.555555555555555]","[0, 1, 3.0, 0.6666666666666666, 2, 1.0]","[0, 0, 0, 0, 0, 0]","[0, 0, 3.375, 1.875, 1.5, 1.3333333333333333]","[0, 0, 0, 0, 0, 0]","[0, 0, 0, 0, 0, 0]","[0, 0, 0, 0, 0, 0]","[0, 1, 22.5, 3.5, 1.5, 2.0]","[0, 0, 0, 0, 0, 0]","[0, 0, 0, 0, 0, 0]","[0, 0, 0, 0, 0, 0]","[0, 0, 7.2, 1.7333333333333334, 1.2, 5.0]","[0, 0, 0, 0, 0, 0]","[0, 0, 16.2, 3.0, 0.5, 0.4166666666666667]","[0, 0, 4.909090909090909, 1.6363636363636365, 7.0, 5.5]","[0, 0, 0, 0, 0, 0]","[0, 0, 0, 0, 0, 0]","[0, 0, 0, 0, 0, 0]","[0, 0, 6.352941176470588, 1.9411764705882353, 1.0, 1.888888888888889]","[0, 1, 6.428571428571428, 1.5714285714285714, 1.25, 1.1666666666666667]","[0, 0, 0.0, 0.8333333333333334, 4, 0.8571428571428571]","[0, 1, 8.526315789473683, 1.4210526315789473, 1.0, 0.7916666666666666]"
19,2020-05-28,20200528SSLT0,"[1, 0, 0, 0, 0, 0]","[0, 0, 0, 0, 0, 0]","[0, 0, 3.6818181818181817, 1.3181818181818181, 2.5, 5.5]","[0, 0, 0, 0, 0, 0]","[0, 0, 0, 0, 0, 0]","[0, 0, 0, 0, 0, 0]","[0, 1, 9.719999999999999, 2.04, 1.1428571428571428, 0.925925925925926]","[0, 0, 0, 0, 0, 0]","[0, 0, 0, 0, 0, 0]","[0, 0, 1.08, 0.72, 2.3333333333333335, 1.0416666666666667]","[0, 0, 0, 0, 0, 0]","[0, 0, 0.0, 1.2857142857142858, 2.0, 0.7777777777777778]","[0, 1, 1.0, 0.3333333333333333, 8, 1.0]","[0, 0, 5.926829268292683, 1.7560975609756098, 1.2857142857142858, 4.555555555555555]","[0, 0, 3.0, 0.6666666666666666, 2, 1.0]","[0, 0, 0, 0, 0, 0]","[0, 0, 3.375, 1.875, 1.5, 1.3333333333333333]","[0, 0, 0, 0, 0, 0]","[0, 0, 0, 0, 0, 0]","[0, 0, 0, 0, 0, 0]","[0, 0, 22.5, 3.5, 1.5, 2.0]","[0, 0, 0, 0, 0, 0]","[0, 0, 0, 0, 0, 0]","[0, 0, 0, 0, 0, 0]","[0, 0, 7.2, 1.7333333333333334, 1.2, 5.0]","[0, 0, 0, 0, 0, 0]","[0, 0, 16.2, 3.0, 0.5, 0.4166666666666667]","[0, 0, 4.909090909090909, 1.6363636363636365, 7.0, 5.5]","[0, 0, 0, 0, 0, 0]","[0, 0, 0, 0, 0, 0]","[0, 0, 0, 0, 0, 0]","[0, 1, 4.32, 1.3199999999999998, 3.0, 2.0833333333333335]","[0, 0, 6.428571428571428, 1.5714285714285714, 1.25, 1.1666666666666667]","[0, 1, 2.8421052631578947, 1.105263157894737, 4, 0.7916666666666666]","[0, 0, 8.526315789473683, 1.4210526315789473, 1.0, 0.7916666666666666]"
20,2020-05-29,20200529LTOB0,"[0, 0, 0, 0, 0, 0]","[0, 0, 0, 0, 0, 0]","[0, 0, 3.6818181818181817, 1.3181818181818181, 2.5, 5.5]","[0, 0, 0, 0, 0, 0]","[0, 0, 0, 0, 0, 0]","[0, 0, 0, 0, 0, 0]","[0, 0, 9.719999999999999, 2.04, 1.1428571428571428, 0.925925925925926]","[0, 0, 0, 0, 0, 0]","[0, 0, 0, 0, 0, 0]","[0, 0, 1.08, 0.72, 2.3333333333333335, 1.0416666666666667]","[0, 0, 0, 0, 0, 0]","[0, 0, 0.0, 1.2857142857142858, 2.0, 0.7777777777777778]","[0, 0, 1.0, 0.3333333333333333, 8, 1.0]","[0, 0, 5.926829268292683, 1.7560975609756098, 1.2857142857142858, 4.555555555555555]","[0, 0, 3.0, 0.6666666666666666, 2, 1.0]","[0, 0, 0, 0, 0, 0]","[0, 0, 3.375, 1.875, 1.5, 1.3333333333333333]","[0, 0, 0, 0, 0, 0]","[0, 0, 0, 0, 0, 0]","[0, 0, 0, 0, 0, 0]","[0, 0, 22.5, 3.5, 1.5, 2.0]","[0, 0, 0, 0, 0, 0]","[0, 0, 0, 0, 0, 0]","[0, 0, 0, 0, 0, 0]","[0, 0, 7.2, 1.7333333333333334, 1.2, 5.0]","[0, 0, 0, 0, 0, 0]","[0, 0, 16.2, 3.0, 0.5, 0.4166666666666667]","[1, 0, 6.0, 1.7333333333333334, 2.5, 5.0]","[0, 0, 0, 0, 0, 0]","[0, 0, 0, 0, 0, 0]","[0, 0, 0, 0, 0, 0]","[0, 0, 4.32, 1.3199999999999998, 3.0, 2.0833333333333335]","[0, 0, 6.428571428571428, 1.5714285714285714, 1.25, 1.1666666666666667]","[0, 1, 2.4545454545454546, 0.9545454545454546, 5, 0.8148148148148148]","[0, 1, 7.7142857142857135, 1.4285714285714286, 0.8571428571428571, 0.7777777777777778]"
21,2020-05-30,20200530LTOB0,"[0, 0, 0, 0, 0, 0]","[0, 0, 0, 0, 0, 0]","[0, 0, 3.6818181818181817, 1.3181818181818181, 2.5, 5.5]","[0, 0, 0, 0, 0, 0]","[0, 0, 0, 0, 0, 0]","[0, 0, 0, 0, 0, 0]","[0, 1, 8.678571428571429, 1.9285714285714284, 1.2857142857142858, 0.9333333333333333]","[0, 0, 0, 0, 0, 0]","[0, 0, 0, 0, 0, 0]","[0, 1, 0.9642857142857142, 0.75, 2.3333333333333335, 1.0370370370370372]","[0, 0, 0, 0, 0, 0]","[0, 1, 0.0, 1.1739130434782608, 2.5, 0.7666666666666667]","[0, 1, 0.8709677419354839, 0.3870967741935484, 9.0, 1.0333333333333334]","[0, 0, 5.926829268292683, 1.7560975609756098, 1.2857142857142858, 4.555555555555555]","[0, 0, 3.0, 0.6666666666666666, 2, 1.0]","[0, 0, 0, 0, 0, 0]","[0, 0, 3.375, 1.875, 1.5, 1.3333333333333333]","[0, 0, 0, 0, 0, 0]","[0, 0, 0, 0, 0, 0]","[0, 0, 0, 0, 0, 0]","[0, 0, 22.5, 3.5, 1.5, 2.0]","[0, 0, 0, 0, 0, 0]","[0, 0, 0, 0, 0, 0]","[0, 0, 0, 0, 0, 0]","[1, 0, 4.984615384615385, 1.3846153846153846, 1.6666666666666667, 5.416666666666667]","[0, 0, 0, 0, 0, 0]","[0, 0, 16.2, 3.0, 0.5, 0.4166666666666667]","[0, 0, 6.0, 1.7333333333333334, 2.5, 5.0]","[0, 0, 0, 0, 0, 0]","[0, 0, 0, 0, 0, 0]","[0, 0, 0, 0, 0, 0]","[0, 1, 4.21875, 1.40625, 3.0, 2.1333333333333333]","[0, 0, 6.428571428571428, 1.5714285714285714, 1.25, 1.1666666666666667]","[0, 0, 2.4545454545454546, 0.9545454545454546, 5, 0.8148148148148148]","[0, 1, 6.75, 1.25, 1.1428571428571428, 0.8]"
22,2020-05-31,20200531LTOB0,"[0, 0, 0, 0, 0, 0]","[0, 0, 0, 0, 0, 0]","[1, 0, 2.8588235294117648, 1.2705882352941178, 2.2857142857142856, 5.666666666666666]","[0, 0, 0, 0, 0, 0]","[0, 0, 0, 0, 0, 0]","[0, 0, 0, 0, 0, 0]","[0, 0, 8.678571428571429, 1.9285714285714284, 1.2857142857142858, 0.9333333333333333]","[0, 0, 0, 0, 0, 0]","[0, 0, 0, 0, 0, 0]","[0, 0, 0.9642857142857142, 0.75, 2.3333333333333335, 1.0370370370370372]","[0, 0, 0, 0, 0, 0]","[0, 1, 2.076923076923077, 1.2692307692307694, 2.75, 0.7878787878787878]","[0, 1, 0.7941176470588235, 0.4411764705882353, 10.0, 1.0303030303030303]","[0, 0, 5.926829268292683, 1.7560975609756098, 1.2857142857142858, 4.555555555555555]","[0, 1, 1.9285714285714284, 0.42857142857142855, 3, 1.1666666666666667]","[0, 0, 0, 0, 0, 0]","[0, 0, 3.375, 1.875, 1.5, 1.3333333333333333]","[0, 0, 0, 0, 0, 0]","[0, 0, 0, 0, 0, 0]","[0, 0, 0, 0, 0, 0]","[0, 0, 22.5, 3.5, 1.5, 2.0]","[0, 0, 0, 0, 0, 0]","[0, 0, 0, 0, 0, 0]","[0, 0, 0, 0, 0, 0]","[0, 0, 4.984615384615385, 1.3846153846153846, 1.6666666666666667, 5.416666666666667]","[0, 0, 0, 0, 0, 0]","[0, 0, 16.2, 3.0, 0.5, 0.4166666666666667]","[0, 0, 6.0, 1.7333333333333334, 2.5, 5.0]","[0, 0, 0, 0, 0, 0]","[0, 0, 0, 0, 0, 0]","[0, 0, 0, 0, 0, 0]","[0, 0, 4.21875, 1.40625, 3.0, 2.1333333333333333]","[0, 0, 6.428571428571428, 1.5714285714285714, 1.25, 1.1666666666666667]","[0, 1, 3.2399999999999998, 0.96, 5, 0.8333333333333334]","[0, 1, 6.4799999999999995, 1.3199999999999998, 1.125, 0.7575757575757577]"
23,2020-06-02,20200602LTHT0,"[0, 0, 0, 0, 0, 0]","[0, 0, 0, 0, 0, 0]","[0, 0, 2.8588235294117648, 1.2705882352941178, 2.2857142857142856, 5.666666666666666]","[0, 0, 0, 0, 0, 0]","[0, 0, 0, 0, 0, 0]","[0, 0, 0, 0, 0, 0]","[0, 0, 8.678571428571429, 1.9285714285714284, 1.2857142857142858, 0.9333333333333333]","[0, 0, 0, 0, 0, 0]","[0, 0, 0, 0, 0, 0]","[0, 0, 0.9642857142857142, 0.75, 2.3333333333333335, 1.0370370370370372]","[0, 0, 0, 0, 0, 0]","[0, 0, 2.076923076923077, 1.2692307692307694, 2.75, 0.7878787878787878]","[0, 0, 0.7941176470588235, 0.4411764705882353, 10.0, 1.0303030303030303]","[1, 0, 6.5, 1.8333333333333333, 1.0909090909090908, 4.5]","[0, 1, 1.1739130434782608, 0.5217391304347826, 4, 1.5333333333333334]","[0, 0, 0, 0, 0, 0]","[0, 0, 3.375, 1.875, 1.5, 1.3333333333333333]","[0, 0, 0, 0, 0, 0]","[0, 0, 0, 0, 0, 0]","[0, 0, 0, 0, 0, 0]","[0, 0, 22.5, 3.5, 1.5, 2.0]","[0, 0, 0, 0, 0, 0]","[0, 0, 0, 0, 0, 0]","[0, 0, 0, 0, 0, 0]","[0, 0, 4.984615384615385, 1.3846153846153846, 1.6666666666666667, 5.416666666666667]","[0, 0, 0, 0, 0, 0]","[0, 0, 16.2, 3.0, 0.5, 0.4166666666666667]","[0, 0, 6.0, 1.7333333333333334, 2.5, 5.0]","[0, 0, 0, 0, 0, 0]","[0, 0, 0, 0, 0, 0]","[0, 0, 0, 0, 0, 0]","[0, 0, 4.21875, 1.40625, 3.0, 2.1333333333333333]","[0, 1, 9.818181818181818, 2.181818181818182, 0.8333333333333334, 1.0476190476190477]","[0, 1, 2.892857142857143, 0.9642857142857142, 6, 0.8484848484848485]","[0, 1, 8.64, 1.5599999999999998, 0.9, 0.6944444444444445]"
24,2020-06-03,20200603LTHT0,"[1, 0, 5.4, 1.2, 3.0, 3.3333333333333335]","[0, 0, 0, 0, 0, 0]","[0, 0, 2.8588235294117648, 1.2705882352941178, 2.2857142857142856, 5.666666666666666]","[0, 0, 0, 0, 0, 0]","[0, 0, 0, 0, 0, 0]","[0, 0, 0, 0, 0, 0]","[0, 1, 8.1, 2.0, 1.0, 0.9090909090909091]","[0, 0, 0, 0, 0, 0]","[0, 0, 0, 0, 0, 0]","[0, 0, 0.9642857142857142, 0.75, 2.3333333333333335, 1.0370370370370372]","[0, 0, 0, 0, 0, 0]","[0, 0, 2.076923076923077, 1.2692307692307694, 2.75, 0.7878787878787878]","[0, 0, 0.7941176470588235, 0.4411764705882353, 10.0, 1.0303030303030303]","[0, 0, 6.5, 1.8333333333333333, 1.0909090909090908, 4.5]","[0, 0, 1.1739130434782608, 0.5217391304347826, 4, 1.5333333333333334]","[0, 0, 0, 0, 0, 0]","[0, 0, 3.375, 1.875, 1.5, 1.3333333333333333]","[0, 0, 0, 0, 0, 0]","[0, 0, 0, 0, 0, 0]","[0, 0, 0, 0, 0, 0]","[0, 0, 22.5, 3.5, 1.5, 2.0]","[0, 0, 0, 0, 0, 0]","[0, 0, 0, 0, 0, 0]","[0, 0, 0, 0, 0, 0]","[0, 0, 4.984615384615385, 1.3846153846153846, 1.6666666666666667, 5.416666666666667]","[0, 0, 0, 0, 0, 0]","[0, 1, 16.875, 3.375, 0.2, 0.5333333333333333]","[0, 0, 6.0, 1.7333333333333334, 2.5, 5.0]","[0, 0, 0, 0, 0, 0]","[0, 0, 0, 0, 0, 0]","[0, 0, 0, 0, 0, 0]","[0, 1, 4.764705882352941, 1.588235294117647, 2.25, 1.888888888888889]","[0, 1, 8.64, 2.04, 0.7142857142857143, 1.0416666666666667]","[0, 0, 2.892857142857143, 0.9642857142857142, 6, 0.8484848484848485]","[0, 0, 8.64, 1.5599999999999998, 0.9, 0.6944444444444445]"
25,2020-06-04,20200604LTHT0,"[0, 0, 5.4, 1.2, 3.0, 3.3333333333333335]","[0, 0, 0, 0, 0, 0]","[0, 0, 2.8588235294117648, 1.2705882352941178, 2.2857142857142856, 5.666666666666666]","[0, 0, 0, 0, 0, 0]","[0, 0, 0, 0, 0, 0]","[0, 0, 0, 0, 0, 0]","[0, 0, 8.1, 2.0, 1.0, 0.9090909090909091]","[0, 0, 0, 0, 0, 0]","[0, 0, 0, 0, 0, 0]","[0, 0, 0.9642857142857142, 0.75, 2.3333333333333335, 1.0370370370370372]","[0, 0, 0, 0, 0, 0]","[0, 0, 2.076923076923077, 1.2692307692307694, 2.75, 0.7878787878787878]","[0, 0, 0.7941176470588235, 0.4411764705882353, 10.0, 1.0303030303030303]","[0, 0, 6.5, 1.8333333333333333, 1.0909090909090908, 4.5]","[0, 1, 1.125, 0.75, 4, 1.3333333333333333]","[0, 0, 0, 0, 0, 0]","[0, 0, 3.375, 1.875, 1.5, 1.3333333333333333]","[0, 0, 0, 0, 0, 0]","[0, 0, 0, 0, 0, 0]","[0, 0, 0, 0, 0, 0]","[0, 0, 22.5, 3.5, 1.5, 2.0]","[0, 0, 0, 0, 0, 0]","[0, 0, 0, 0, 0, 0]","[0, 0, 0, 0, 0, 0]","[0, 0, 4.984615384615385, 1.3846153846153846, 1.6666666666666667, 5.416666666666667]","[0, 0, 0, 0, 0, 0]","[0, 0, 16.875, 3.375, 0.2, 0.5333333333333333]","[1, 0, 5.571428571428571, 1.5714285714285714, 2.0, 5.25]","[0, 0, 0, 0, 0, 0]","[0, 0, 0, 0, 0, 0]","[0, 0, 0, 0, 0, 0]","[0, 0, 4.764705882352941, 1.588235294117647, 2.25, 1.888888888888889]","[0, 1, 7.7142857142857135, 1.8214285714285714, 1.0, 1.0370370370370372]","[0, 0, 2.892857142857143, 0.9642857142857142, 6, 0.8484848484848485]","[0, 0, 8.64, 1.5599999999999998, 0.9, 0.6944444444444445]"
26,2020-06-05,20200605KTLT0,"[0, 0, 5.4, 1.2, 3.0, 3.3333333333333335]","[0, 0, 0, 0, 0, 0]","[0, 0, 2.8588235294117648, 1.2705882352941178, 2.2857142857142856, 5.666666666666666]","[0, 0, 0, 0, 0, 0]","[0, 0, 0, 0, 0, 0]","[0, 0, 0, 0, 0, 0]","[0, 0, 8.1, 2.0, 1.0, 0.9090909090909091]","[0, 0, 0, 0, 0, 0]","[0, 0, 0, 0, 0, 0]","[0, 1, 0.8709677419354839, 0.7741935483870968, 2.3333333333333335, 1.0333333333333334]","[0, 0, 0, 0, 0, 0]","[0, 1, 1.8620689655172413, 1.2413793103448276, 3.0, 0.8055555555555555]","[0, 1, 0.7297297297297298, 0.4054054054054054, 10.0, 1.027777777777778]","[0, 0, 6.5, 1.8333333333333333, 1.0909090909090908, 4.5]","[0, 0, 1.125, 0.75, 4, 1.3333333333333333]","[0, 0, 0, 0, 0, 0]","[0, 0, 3.375, 1.875, 1.5, 1.3333333333333333]","[0, 0, 0, 0, 0, 0]","[0, 0, 0, 0, 0, 0]","[0, 0, 0, 0, 0, 0]","[0, 0, 22.5, 3.5, 1.5, 2.0]","[0, 0, 0, 0, 0, 0]","[0, 0, 0, 0, 0, 0]","[0, 0, 0, 0, 0, 0]","[1, 0, 4.228915662650603, 1.3012048192771084, 1.5714285714285714, 5.533333333333333]","[0, 0, 0, 0, 0, 0]","[0, 0, 16.875, 3.375, 0.2, 0.5333333333333333]","[0, 0, 5.571428571428571, 1.5714285714285714, 2.0, 5.25]","[0, 0, 0, 0, 0, 0]","[0, 0, 0, 0, 0, 0]","[0, 0, 0, 0, 0, 0]","[0, 0, 4.764705882352941, 1.588235294117647, 2.25, 1.888888888888889]","[0, 0, 7.7142857142857135, 1.8214285714285714, 1.0, 1.0370370370370372]","[0, 0, 2.892857142857143, 0.9642857142857142, 6, 0.8484848484848485]","[0, 0, 8.64, 1.5599999999999998, 0.9, 0.6944444444444445]"
27,2020-06-06,20200606KTLT0,"[0, 0, 5.4, 1.2, 3.0, 3.3333333333333335]","[0, 0, 0, 0, 0, 0]","[1, 0, 2.7, 1.3199999999999998, 2.466666666666667, 5.555555555555556]","[0, 0, 0, 0, 0, 0]","[0, 0, 0, 0, 0, 0]","[0, 0, 0, 0, 0, 0]","[0, 0, 8.1, 2.0, 1.0, 0.9090909090909091]","[0, 0, 0, 0, 0, 0]","[0, 0, 0, 0, 0, 0]","[0, 1, 0.7941176470588235, 0.7058823529411764, 2.6666666666666665, 1.0303030303030303]","[0, 0, 0, 0, 0, 0]","[0, 1, 1.6875, 1.21875, 3.0, 0.8205128205128205]","[0, 0, 0.7297297297297298, 0.4054054054054054, 10.0, 1.027777777777778]","[0, 0, 6.5, 1.8333333333333333, 1.0909090909090908, 4.5]","[0, 0, 1.125, 0.75, 4, 1.3333333333333333]","[0, 0, 0, 0, 0, 0]","[0, 0, 3.375, 1.875, 1.5, 1.3333333333333333]","[0, 0, 0, 0, 0, 0]","[0, 0, 0, 0, 0, 0]","[0, 0, 0, 0, 0, 0]","[0, 0, 22.5, 3.5, 1.5, 2.0]","[0, 0, 0, 0, 0, 0]","[0, 0, 0, 0, 0, 0]","[0, 0, 0, 0, 0, 0]","[0, 0, 4.228915662650603, 1.3012048192771084, 1.5714285714285714, 5.533333333333333]","[0, 0, 0, 0, 0, 0]","[0, 0, 16.875, 3.375, 0.2, 0.5333333333333333]","[0, 0, 5.571428571428571, 1.5714285714285714, 2.0, 5.25]","[0, 0, 0, 0, 0, 0]","[0, 0, 0, 0, 0, 0]","[0, 0, 0, 0, 0, 0]","[0, 0, 4.764705882352941, 1.588235294117647, 2.25, 1.888888888888889]","[0, 0, 7.7142857142857135, 1.8214285714285714, 1.0, 1.0370370370370372]","[0, 0, 2.892857142857143, 0.9642857142857142, 6, 0.8484848484848485]","[0, 0, 8.64, 1.5599999999999998, 0.9, 0.6944444444444445]"
28,2020-06-07,20200607KTLT0,"[0, 0, 5.4, 1.2, 3.0, 3.3333333333333335]","[0, 0, 0, 0, 0, 0]","[0, 0, 2.7, 1.3199999999999998, 2.466666666666667, 5.555555555555556]","[0, 0, 0, 0, 0, 0]","[0, 0, 0, 0, 0, 0]","[0, 0, 0, 0, 0, 0]","[0, 0, 8.1, 2.0, 1.0, 0.9090909090909091]","[0, 0, 0, 0, 0, 0]","[0, 0, 0, 0, 0, 0]","[0, 1, 0.7297297297297298, 0.6486486486486486, 2.6666666666666665, 1.027777777777778]","[0, 0, 0, 0, 0, 0]","[0, 1, 1.5428571428571427, 1.2, 3.4, 0.8333333333333333]","[0, 1, 1.35, 0.44999999999999996, 11.0, 1.0256410256410258]","[1, 0, 6.375, 1.75, 1.5454545454545454, 4.8]","[0, 0, 1.125, 0.75, 4, 1.3333333333333333]","[0, 0, 0, 0, 0, 0]","[0, 0, 3.375, 1.875, 1.5, 1.3333333333333333]","[0, 0, 0, 0, 0, 0]","[0, 0, 0, 0, 0, 0]","[0, 0, 0, 0, 0, 0]","[0, 0, 22.5, 3.5, 1.5, 2.0]","[0, 0, 0, 0, 0, 0]","[0, 0, 0, 0, 0, 0]","[0, 0, 0, 0, 0, 0]","[0, 0, 4.228915662650603, 1.3012048192771084, 1.5714285714285714, 5.533333333333333]","[0, 0, 0, 0, 0, 0]","[0, 0, 16.875, 3.375, 0.2, 0.5333333333333333]","[0, 0, 5.571428571428571, 1.5714285714285714, 2.0, 5.25]","[0, 0, 0, 0, 0, 0]","[0, 0, 0, 0, 0, 0]","[0, 0, 0, 0, 0, 0]","[0, 0, 4.764705882352941, 1.588235294117647, 2.25, 1.888888888888889]","[0, 0, 7.7142857142857135, 1.8214285714285714, 1.0, 1.0370370370370372]","[0, 1, 3.7241379310344827, 1.0344827586206897, 6, 0.8055555555555555]","[0, 0, 8.64, 1.5599999999999998, 0.9, 0.6944444444444445]"
29,2020-06-09,20200609HHLT0,"[1, 0, 9.391304347826086, 2.0869565217391304, 1.5, 3.8333333333333335]","[0, 0, 0, 0, 0, 0]","[0, 0, 2.7, 1.3199999999999998, 2.466666666666667, 5.555555555555556]","[0, 0, 0, 0, 0, 0]","[0, 0, 0, 0, 0, 0]","[0, 0, 0, 0, 0, 0]","[0, 0, 8.1, 2.0, 1.0, 0.9090909090909091]","[0, 0, 0, 0, 0, 0]","[0, 0, 0, 0, 0, 0]","[0, 0, 0.7297297297297298, 0.6486486486486486, 2.6666666666666665, 1.027777777777778]","[0, 0, 0, 0, 0, 0]","[0, 0, 1.5428571428571427, 1.2, 3.4, 0.8333333333333333]","[0, 0, 1.35, 0.44999999999999996, 11.0, 1.0256410256410258]","[0, 0, 6.375, 1.75, 1.5454545454545454, 4.8]","[0, 1, 1.8620689655172413, 0.8275862068965518, 5, 1.380952380952381]","[0, 0, 0, 0, 0, 0]","[0, 0, 3.375, 1.875, 1.5, 1.3333333333333333]","[0, 0, 0, 0, 0, 0]","[0, 0, 0, 0, 0, 0]","[0, 0, 0, 0, 0, 0]","[0, 0, 22.5, 3.5, 1.5, 2.0]","[0, 0, 0, 0, 0, 0]","[0, 0, 0, 0, 0, 0]","[0, 0, 0, 0, 0, 0]","[0, 0, 4.228915662650603, 1.3012048192771084, 1.5714285714285714, 5.533333333333333]","[0, 0, 0, 0, 0, 0]","[0, 0, 16.875, 3.375, 0.2, 0.5333333333333333]","[0, 0, 5.571428571428571, 1.5714285714285714, 2.0, 5.25]","[0, 0, 0, 0, 0, 0]","[0, 0, 0, 0, 0, 0]","[0, 0, 0, 0, 0, 0]","[0, 1, 4.725, 1.575, 1.8, 1.9047619047619049]","[0, 0, 7.7142857142857135, 1.8214285714285714, 1.0, 1.0370370370370372]","[0, 0, 3.7241379310344827, 1.0344827586206897, 6, 0.8055555555555555]","[0, 0, 8.64, 1.5599999999999998, 0.9, 0.6944444444444445]"
30,2020-06-10,20200610HHLT0,"[0, 0, 9.391304347826086, 2.0869565217391304, 1.5, 3.8333333333333335]","[0, 0, 0, 0, 0, 0]","[0, 0, 2.7, 1.3199999999999998, 2.466666666666667, 5.555555555555556]","[0, 0, 0, 0, 0, 0]","[0, 0, 0, 0, 0, 0]","[0, 0, 0, 0, 0, 0]","[0, 1, 10.451612903225806, 2.225806451612903, 1.0, 0.8611111111111112]","[0, 0, 0, 0, 0, 0]","[0, 0, 0, 0, 0, 0]","[0, 0, 0.7297297297297298, 0.6486486486486486, 2.6666666666666665, 1.027777777777778]","[0, 0, 0, 0, 0, 0]","[0, 0, 1.5428571428571427, 1.2, 3.4, 0.8333333333333333]","[0, 0, 1.35, 0.44999999999999996, 11.0, 1.0256410256410258]","[0, 0, 6.375, 1.75, 1.5454545454545454, 4.8]","[0, 0, 1.8620689655172413, 0.8275862068965518, 5, 1.380952380952381]","[0, 0, 0, 0, 0, 0]","[0, 0, 3.375, 1.875, 1.5, 1.3333333333333333]","[0, 0, 0, 0, 0, 0]","[0, 0, 0, 0, 0, 0]","[0, 0, 0, 0, 0, 0]","[0, 0, 22.5, 3.5, 1.5, 2.0]","[0, 0, 0, 0, 0, 0]","[0, 0, 0, 0, 0, 0]","[0, 0, 0, 0, 0, 0]","[0, 0, 4.228915662650603, 1.3012048192771084, 1.5714285714285714, 5.533333333333333]","[0, 0, 0, 0, 0, 0]","[0, 1, 18.0, 3.6666666666666665, 0.16666666666666666, 0.5]","[1, 0, 6.576923076923077, 1.5384615384615385, 1.875, 5.2]","[0, 0, 0, 0, 0, 0]","[0, 0, 0, 0, 0, 0]","[0, 0, 0, 0, 0, 0]","[0, 0, 4.725, 1.575, 1.8, 1.9047619047619049]","[0, 0, 7.7142857142857135, 1.8214285714285714, 1.0, 1.0370370370370372]","[0, 0, 3.7241379310344827, 1.0344827586206897, 6, 0.8055555555555555]","[0, 0, 8.64, 1.5599999999999998, 0.9, 0.6944444444444445]"
31,2020-06-11,20200611HHLT0,"[0, 0, 9.391304347826086, 2.0869565217391304, 1.5, 3.8333333333333335]","[0, 0, 0, 0, 0, 0]","[0, 0, 2.7, 1.3199999999999998, 2.466666666666667, 5.555555555555556]","[0, 0, 0, 0, 0, 0]","[0, 0, 0, 0, 0, 0]","[0, 0, 0, 0, 0, 0]","[0, 1, 9.529411764705882, 2.0294117647058822, 1.0, 0.8717948717948718]","[0, 0, 0, 0, 0, 0]","[0, 0, 0, 0, 0, 0]","[0, 0, 0.7297297297297298, 0.6486486486486486, 2.6666666666666665, 1.027777777777778]","[0, 0, 0, 0, 0, 0]","[0, 1, 1.4594594594594597, 1.135135135135135, 3.4, 0.8222222222222223]","[0, 1, 1.975609756097561, 0.7317073170731707, 12.0, 0.9761904761904762]","[0, 0, 6.375, 1.75, 1.5454545454545454, 4.8]","[0, 0, 1.8620689655172413, 0.8275862068965518, 5, 1.380952380952381]","[0, 0, 0, 0, 0, 0]","[0, 0, 3.375, 1.875, 1.5, 1.3333333333333333]","[0, 0, 0, 0, 0, 0]","[0, 0, 0, 0, 0, 0]","[0, 0, 0, 0, 0, 0]","[0, 0, 22.5, 3.5, 1.5, 2.0]","[0, 0, 0, 0, 0, 0]","[0, 0, 0, 0, 0, 0]","[0, 0, 0, 0, 0, 0]","[1, 0, 4.2772277227722775, 1.3366336633663367, 1.75, 5.611111111111111]","[0, 0, 0, 0, 0, 0]","[0, 0, 18.0, 3.6666666666666665, 0.16666666666666666, 0.5]","[0, 0, 6.576923076923077, 1.5384615384615385, 1.875, 5.2]","[0, 0, 0, 0, 0, 0]","[0, 0, 0, 0, 0, 0]","[0, 0, 0, 0, 0, 0]","[0, 0, 4.725, 1.575, 1.8, 1.9047619047619049]","[0, 0, 7.7142857142857135, 1.8214285714285714, 1.0, 1.0370370370370372]","[0, 1, 3.375, 0.9375, 8, 0.8205128205128205]","[0, 0, 8.64, 1.5599999999999998, 0.9, 0.6944444444444445]"
32,2020-06-12,20200612LTLG0,"[0, 0, 9.391304347826086, 2.0869565217391304, 1.5, 3.8333333333333335]","[0, 0, 0, 0, 0, 0]","[1, 0, 2.231404958677686, 1.2148760330578512, 2.8666666666666667, 5.761904761904762]","[0, 0, 0, 0, 0, 0]","[0, 0, 0, 0, 0, 0]","[0, 0, 0, 0, 0, 0]","[0, 0, 9.529411764705882, 2.0294117647058822, 1.0, 0.8717948717948718]","[0, 0, 0, 0, 0, 0]","[0, 0, 0, 0, 0, 0]","[0, 0, 0.7297297297297298, 0.6486486486486486, 2.6666666666666665, 1.027777777777778]","[0, 0, 0, 0, 0, 0]","[0, 1, 1.35, 1.05, 4.0, 0.8333333333333334]","[0, 1, 1.8409090909090908, 0.6818181818181819, 13.0, 0.9777777777777777]","[0, 0, 6.375, 1.75, 1.5454545454545454, 4.8]","[0, 0, 1.8620689655172413, 0.8275862068965518, 5, 1.380952380952381]","[0, 0, 0, 0, 0, 0]","[0, 0, 3.375, 1.875, 1.5, 1.3333333333333333]","[0, 0, 0, 0, 0, 0]","[0, 0, 0, 0, 0, 0]","[0, 0, 0, 0, 0, 0]","[0, 0, 22.5, 3.5, 1.5, 2.0]","[0, 0, 0, 0, 0, 0]","[0, 0, 0, 0, 0, 0]","[0, 0, 0, 0, 0, 0]","[0, 0, 4.2772277227722775, 1.3366336633663367, 1.75, 5.611111111111111]","[0, 0, 0, 0, 0, 0]","[0, 0, 18.0, 3.6666666666666665, 0.16666666666666666, 0.5]","[0, 0, 6.576923076923077, 1.5384615384615385, 1.875, 5.2]","[0, 0, 0, 0, 0, 0]","[0, 0, 0, 0, 0, 0]","[0, 0, 0, 0, 0, 0]","[0, 0, 4.725, 1.575, 1.8, 1.9047619047619049]","[0, 0, 7.7142857142857135, 1.8214285714285714, 1.0, 1.0370370370370372]","[0, 0, 3.375, 0.9375, 8, 0.8205128205128205]","[0, 0, 8.64, 1.5599999999999998, 0.9, 0.6944444444444445]"
33,2020-06-13,20200613LTLG0,"[0, 0, 9.391304347826086, 2.0869565217391304, 1.5, 3.8333333333333335]","[0, 0, 0, 0, 0, 0]","[0, 0, 2.231404958677686, 1.2148760330578512, 2.8666666666666667, 5.761904761904762]","[0, 0, 0, 0, 0, 0]","[0, 0, 0, 0, 0, 0]","[0, 0, 0, 0, 0, 0]","[0, 1, 8.756756756756758, 1.8648648648648647, 1.0, 0.880952380952381]","[0, 0, 0, 0, 0, 0]","[0, 0, 0, 0, 0, 0]","[0, 1, 0.675, 0.6749999999999999, 2.6666666666666665, 1.0256410256410258]","[0, 0, 0, 0, 0, 0]","[0, 1, 1.975609756097561, 1.2439024390243902, 3.3333333333333335, 0.8039215686274509]","[0, 0, 1.8409090909090908, 0.6818181818181819, 13.0, 0.9777777777777777]","[1, 0, 5.4, 1.5333333333333334, 2.0, 5.0]","[0, 0, 1.8620689655172413, 0.8275862068965518, 5, 1.380952380952381]","[0, 0, 0, 0, 0, 0]","[0, 0, 3.375, 1.875, 1.5, 1.3333333333333333]","[0, 0, 0, 0, 0, 0]","[0, 0, 0, 0, 0, 0]","[0, 0, 0, 0, 0, 0]","[0, 0, 22.5, 3.5, 1.5, 2.0]","[0, 0, 0, 0, 0, 0]","[0, 0, 0, 0, 0, 0]","[0, 0, 0, 0, 0, 0]","[0, 0, 4.2772277227722775, 1.3366336633663367, 1.75, 5.611111111111111]","[0, 0, 0, 0, 0, 0]","[0, 0, 18.0, 3.6666666666666665, 0.16666666666666666, 0.5]","[0, 0, 6.576923076923077, 1.5384615384615385, 1.875, 5.2]","[0, 0, 0, 0, 0, 0]","[0, 0, 0, 0, 0, 0]","[0, 0, 0, 0, 0, 0]","[0, 1, 4.295454545454545, 1.5, 2.0, 1.8333333333333333]","[0, 0, 7.7142857142857135, 1.8214285714285714, 1.0, 1.0370370370370372]","[0, 1, 3.0857142857142854, 0.942857142857143, 8, 0.8333333333333333]","[0, 0, 8.64, 1.5599999999999998, 0.9, 0.6944444444444445]"
34,2020-06-14,20200614LTLG0,"[1, 0, 6.906976744186046, 1.8837209302325582, 1.5, 4.777777777777778]","[0, 0, 0, 0, 0, 0]","[0, 0, 2.231404958677686, 1.2148760330578512, 2.8666666666666667, 5.761904761904762]","[0, 0, 0, 0, 0, 0]","[0, 0, 0, 0, 0, 0]","[0, 0, 0, 0, 0, 0]","[0, 1, 8.307692307692308, 1.7692307692307692, 1.2, 0.8666666666666667]","[0, 0, 0, 0, 0, 0]","[0, 0, 0, 0, 0, 0]","[0, 0, 0.675, 0.6749999999999999, 2.6666666666666665, 1.0256410256410258]","[0, 0, 0, 0, 0, 0]","[0, 0, 1.975609756097561, 1.2439024390243902, 3.3333333333333335, 0.8039215686274509]","[0, 0, 1.8409090909090908, 0.6818181818181819, 13.0, 0.9777777777777777]","[0, 0, 5.4, 1.5333333333333334, 2.0, 5.0]","[0, 1, 1.6875, 0.84375, 5, 1.3333333333333333]","[0, 0, 0, 0, 0, 0]","[0, 0, 3.375, 1.875, 1.5, 1.3333333333333333]","[0, 0, 0, 0, 0, 0]","[0, 0, 0, 0, 0, 0]","[0, 0, 0, 0, 0, 0]","[0, 0, 22.5, 3.5, 1.5, 2.0]","[0, 0, 0, 0, 0, 0]","[0, 0, 0, 0, 0, 0]","[0, 0, 0, 0, 0, 0]","[0, 0, 4.2772277227722775, 1.3366336633663367, 1.75, 5.611111111111111]","[0, 0, 0, 0, 0, 0]","[0, 0, 18.0, 3.6666666666666665, 0.16666666666666666, 0.5]","[0, 0, 6.576923076923077, 1.5384615384615385, 1.875, 5.2]","[0, 0, 0, 0, 0, 0]","[0, 0, 0, 0, 0, 0]","[0, 0, 0, 0, 0, 0]","[0, 0, 4.295454545454545, 1.5, 2.0, 1.8333333333333333]","[0, 1, 6.75, 1.6875, 1.1428571428571428, 1.0666666666666667]","[0, 1, 2.9189189189189193, 0.8918918918918919, 8, 0.8222222222222223]","[0, 0, 8.64, 1.5599999999999998, 0.9, 0.6944444444444445]"
35,2020-06-16,20200616LTWO0,"[0, 0, 6.906976744186046, 1.8837209302325582, 1.5, 4.777777777777778]","[0, 0, 0, 0, 0, 0]","[0, 0, 2.231404958677686, 1.2148760330578512, 2.8666666666666667, 5.761904761904762]","[0, 0, 0, 0, 0, 0]","[0, 0, 0, 0, 0, 0]","[0, 0, 0, 0, 0, 0]","[0, 0, 8.307692307692308, 1.7692307692307692, 1.2, 0.8666666666666667]","[0, 0, 0, 0, 0, 0]","[0, 0, 0, 0, 0, 0]","[0, 1, 0.627906976744186, 0.7674418604651162, 3.0, 1.023809523809524]","[0, 0, 0, 0, 0, 0]","[0, 1, 1.8837209302325582, 1.1860465116279069, 3.5, 0.7962962962962963]","[0, 1, 1.653061224489796, 0.6122448979591837, 14.0, 1.0208333333333333]","[0, 0, 5.4, 1.5333333333333334, 2.0, 5.0]","[0, 0, 1.6875, 0.84375, 5, 1.3333333333333333]","[0, 0, 0, 0, 0, 0]","[0, 0, 3.375, 1.875, 1.5, 1.3333333333333333]","[0, 0, 0, 0, 0, 0]","[0, 0, 0, 0, 0, 0]","[0, 0, 0, 0, 0, 0]","[0, 0, 22.5, 3.5, 1.5, 2.0]","[0, 0, 0, 0, 0, 0]","[0, 0, 0, 0, 0, 0]","[0, 0, 0, 0, 0, 0]","[0, 0, 4.2772277227722775, 1.3366336633663367, 1.75, 5.611111111111111]","[0, 0, 0, 0, 0, 0]","[0, 0, 18.0, 3.6666666666666665, 0.16666666666666666, 0.5]","[1, 0, 5.454545454545454, 1.3636363636363635, 2.5, 5.5]","[0, 0, 0, 0, 0, 0]","[0, 0, 0, 0, 0, 0]","[0, 0, 0, 0, 0, 0]","[0, 0, 4.295454545454545, 1.5, 2.0, 1.8333333333333333]","[0, 0, 6.75, 1.6875, 1.1428571428571428, 1.0666666666666667]","[0, 0, 2.9189189189189193, 0.8918918918918919, 8, 0.8222222222222223]","[0, 0, 8.64, 1.5599999999999998, 0.9, 0.6944444444444445]"
36,2020-06-17,20200617LTWO0,"[0, 0, 6.906976744186046, 1.8837209302325582, 1.5, 4.777777777777778]","[0, 0, 0, 0, 0, 0]","[0, 0, 2.231404958677686, 1.2148760330578512, 2.8666666666666667, 5.761904761904762]","[0, 0, 0, 0, 0, 0]","[0, 0, 0, 0, 0, 0]","[0, 0, 0, 0, 0, 0]","[0, 0, 8.307692307692308, 1.7692307692307692, 1.2, 0.8666666666666667]","[0, 0, 0, 0, 0, 0]","[0, 0, 0, 0, 0, 0]","[0, 0, 0.627906976744186, 0.7674418604651162, 3.0, 1.023809523809524]","[0, 0, 0, 0, 0, 0]","[0, 1, 1.7608695652173914, 1.1739130434782608, 3.6666666666666665, 0.8070175438596492]","[0, 1, 1.5576923076923077, 0.6923076923076924, 7.5, 1.0196078431372548]","[0, 0, 5.4, 1.5333333333333334, 2.0, 5.0]","[0, 1, 1.5428571428571427, 0.7714285714285715, 6, 1.2962962962962963]","[0, 0, 0, 0, 0, 0]","[0, 0, 3.375, 1.875, 1.5, 1.3333333333333333]","[0, 0, 0, 0, 0, 0]","[0, 0, 0, 0, 0, 0]","[0, 0, 0, 0, 0, 0]","[0, 0, 22.5, 3.5, 1.5, 2.0]","[0, 0, 0, 0, 0, 0]","[0, 0, 0, 0, 0, 0]","[0, 0, 0, 0, 0, 0]","[1, 0, 3.7241379310344827, 1.370689655172414, 1.5, 5.523809523809524]","[0, 0, 0, 0, 0, 0]","[0, 0, 18.0, 3.6666666666666665, 0.16666666666666666, 0.5]","[0, 0, 5.454545454545454, 1.3636363636363635, 2.5, 5.5]","[0, 0, 0, 0, 0, 0]","[0, 0, 0, 0, 0, 0]","[0, 0, 0, 0, 0, 0]","[0, 1, 4.595744680851063, 1.4680851063829787, 2.0, 1.7407407407407407]","[0, 0, 6.75, 1.6875, 1.1428571428571428, 1.0666666666666667]","[0, 0, 2.9189189189189193, 0.8918918918918919, 8, 0.8222222222222223]","[0, 0, 8.64, 1.5599999999999998, 0.9, 0.6944444444444445]"
37,2020-06-18,20200618LTWO0,"[0, 0, 6.906976744186046, 1.8837209302325582, 1.5, 4.777777777777778]","[0, 0, 0, 0, 0, 0]","[1, 0, 2.076923076923077, 1.1118881118881119, 2.9411764705882355, 5.958333333333333]","[0, 0, 0, 0, 0, 0]","[0, 0, 0, 0, 0, 0]","[0, 0, 0, 0, 0, 0]","[0, 1, 9.219512195121952, 1.975609756097561, 1.0909090909090908, 0.8541666666666666]","[0, 0, 0, 0, 0, 0]","[0, 0, 0, 0, 0, 0]","[0, 0, 0.627906976744186, 0.7674418604651162, 3.0, 1.023809523809524]","[0, 0, 0, 0, 0, 0]","[0, 0, 1.7608695652173914, 1.1739130434782608, 3.6666666666666665, 0.8070175438596492]","[0, 0, 1.5576923076923077, 0.6923076923076924, 7.5, 1.0196078431372548]","[0, 0, 5.4, 1.5333333333333334, 2.0, 5.0]","[0, 0, 1.5428571428571427, 0.7714285714285715, 6, 1.2962962962962963]","[0, 0, 0, 0, 0, 0]","[0, 0, 3.375, 1.875, 1.5, 1.3333333333333333]","[0, 0, 0, 0, 0, 0]","[0, 0, 0, 0, 0, 0]","[0, 0, 0, 0, 0, 0]","[0, 0, 22.5, 3.5, 1.5, 2.0]","[0, 0, 0, 0, 0, 0]","[0, 0, 0, 0, 0, 0]","[0, 0, 0, 0, 0, 0]","[0, 0, 3.7241379310344827, 1.370689655172414, 1.5, 5.523809523809524]","[0, 0, 0, 0, 0, 0]","[0, 0, 18.0, 3.6666666666666665, 0.16666666666666666, 0.5]","[0, 0, 5.454545454545454, 1.3636363636363635, 2.5, 5.5]","[0, 0, 0, 0, 0, 0]","[0, 0, 0, 0, 0, 0]","[0, 0, 0, 0, 0, 0]","[0, 1, 4.5, 1.5625, 1.5, 1.6]","[0, 0, 6.75, 1.6875, 1.1428571428571428, 1.0666666666666667]","[0, 1, 4.378378378378379, 1.054054054054054, 8.0, 0.7708333333333334]","[0, 0, 8.64, 1.5599999999999998, 0.9, 0.6944444444444445]"
38,2020-06-19,20200619LTKT0,"[0, 0, 6.906976744186046, 1.8837209302325582, 1.5, 4.777777777777778]","[0, 0, 0, 0, 0, 0]","[0, 0, 2.076923076923077, 1.1118881118881119, 2.9411764705882355, 5.958333333333333]","[0, 0, 0, 0, 0, 0]","[0, 0, 0, 0, 0, 0]","[0, 0, 0, 0, 0, 0]","[0, 1, 8.790697674418606, 1.8837209302325582, 1.1818181818181819, 0.8431372549019608]","[0, 0, 0, 0, 0, 0]","[0, 0, 0, 0, 0, 0]","[0, 0, 0.627906976744186, 0.7674418604651162, 3.0, 1.023809523809524]","[0, 0, 0, 0, 0, 0]","[0, 1, 2.204081632653061, 1.3469387755102042, 3.2857142857142856, 0.8166666666666667]","[0, 1, 1.4210526315789473, 0.6842105263157895, 5.333333333333333, 1.0555555555555556]","[1, 0, 5.914285714285715, 1.542857142857143, 2.3846153846153846, 5.0]","[0, 1, 2.25, 1.0, 6.0, 1.2]","[0, 0, 0, 0, 0, 0]","[0, 0, 3.375, 1.875, 1.5, 1.3333333333333333]","[0, 0, 0, 0, 0, 0]","[0, 0, 0, 0, 0, 0]","[0, 0, 0, 0, 0, 0]","[0, 0, 22.5, 3.5, 1.5, 2.0]","[0, 0, 0, 0, 0, 0]","[0, 0, 0, 0, 0, 0]","[0, 0, 0, 0, 0, 0]","[0, 0, 3.7241379310344827, 1.370689655172414, 1.5, 5.523809523809524]","[0, 0, 0, 0, 0, 0]","[0, 0, 18.0, 3.6666666666666665, 0.16666666666666666, 0.5]","[0, 0, 5.454545454545454, 1.3636363636363635, 2.5, 5.5]","[0, 0, 0, 0, 0, 0]","[0, 0, 0, 0, 0, 0]","[0, 0, 0, 0, 0, 0]","[0, 0, 4.5, 1.5625, 1.5, 1.6]","[0, 0, 6.75, 1.6875, 1.1428571428571428, 1.0666666666666667]","[0, 1, 4.846153846153846, 1.1538461538461537, 8.0, 0.7647058823529411]","[0, 0, 8.64, 1.5599999999999998, 0.9, 0.6944444444444445]"
39,2020-06-20,20200620LTKT0,"[1, 0, 7.779661016949153, 1.8813559322033897, 2.1666666666666665, 4.916666666666667]","[0, 0, 0, 0, 0, 0]","[0, 0, 2.076923076923077, 1.1118881118881119, 2.9411764705882355, 5.958333333333333]","[0, 0, 0, 0, 0, 0]","[0, 0, 0, 0, 0, 0]","[0, 0, 0, 0, 0, 0]","[0, 0, 8.790697674418606, 1.8837209302325582, 1.1818181818181819, 0.8431372549019608]","[0, 0, 0, 0, 0, 0]","[0, 0, 0, 0, 0, 0]","[0, 0, 0.627906976744186, 0.7674418604651162, 3.0, 1.023809523809524]","[0, 0, 0, 0, 0, 0]","[0, 0, 2.204081632653061, 1.3469387755102042, 3.2857142857142856, 0.8166666666666667]","[0, 0, 1.4210526315789473, 0.6842105263157895, 5.333333333333333, 1.0555555555555556]","[0, 0, 5.914285714285715, 1.542857142857143, 2.3846153846153846, 5.0]","[0, 0, 2.25, 1.0, 6.0, 1.2]","[0, 0, 0, 0, 0, 0]","[0, 0, 3.375, 1.875, 1.5, 1.3333333333333333]","[0, 0, 0, 0, 0, 0]","[0, 0, 0, 0, 0, 0]","[0, 0, 0, 0, 0, 0]","[0, 0, 22.5, 3.5, 1.5, 2.0]","[0, 0, 0, 0, 0, 0]","[0, 0, 0, 0, 0, 0]","[0, 0, 0, 0, 0, 0]","[0, 0, 3.7241379310344827, 1.370689655172414, 1.5, 5.523809523809524]","[0, 0, 0, 0, 0, 0]","[0, 0, 18.0, 3.6666666666666665, 0.16666666666666666, 0.5]","[0, 0, 5.454545454545454, 1.3636363636363635, 2.5, 5.5]","[0, 0, 0, 0, 0, 0]","[0, 0, 0, 0, 0, 0]","[0, 0, 0, 0, 0, 0]","[0, 0, 4.5, 1.5625, 1.5, 1.6]","[0, 1, 6.171428571428571, 1.6285714285714286, 1.0, 1.0606060606060606]","[0, 0, 4.846153846153846, 1.1538461538461537, 8.0, 0.7647058823529411]","[0, 1, 10.384615384615385, 1.7307692307692308, 0.75, 0.6666666666666666]"
40,2020-06-21,20200621LTKT0,"[0, 0, 7.779661016949153, 1.8813559322033897, 2.1666666666666665, 4.916666666666667]","[0, 0, 0, 0, 0, 0]","[0, 0, 2.076923076923077, 1.1118881118881119, 2.9411764705882355, 5.958333333333333]","[0, 0, 0, 0, 0, 0]","[0, 0, 0, 0, 0, 0]","[0, 0, 0, 0, 0, 0]","[0, 1, 9.818181818181818, 1.9772727272727273, 1.0833333333333333, 0.8148148148148148]","[0, 0, 0, 0, 0, 0]","[0, 0, 0, 0, 0, 0]","[0, 0, 0.627906976744186, 0.7674418604651162, 3.0, 1.023809523809524]","[0, 0, 0, 0, 0, 0]","[0, 0, 2.204081632653061, 1.3469387755102042, 3.2857142857142856, 0.8166666666666667]","[0, 0, 1.4210526315789473, 0.6842105263157895, 5.333333333333333, 1.0555555555555556]","[0, 0, 5.914285714285715, 1.542857142857143, 2.3846153846153846, 5.0]","[0, 1, 2.6341463414634148, 1.024390243902439, 8.0, 1.2424242424242424]","[0, 0, 0, 0, 0, 0]","[0, 0, 3.375, 1.875, 1.5, 1.3333333333333333]","[0, 0, 0, 0, 0, 0]","[0, 0, 0, 0, 0, 0]","[0, 0, 0, 0, 0, 0]","[0, 0, 22.5, 3.5, 1.5, 2.0]","[0, 0, 0, 0, 0, 0]","[0, 0, 0, 0, 0, 0]","[0, 0, 0, 0, 0, 0]","[0, 0, 3.7241379310344827, 1.370689655172414, 1.5, 5.523809523809524]","[0, 0, 0, 0, 0, 0]","[0, 0, 18.0, 3.6666666666666665, 0.16666666666666666, 0.5]","[1, 0, 5.3076923076923075, 1.3076923076923077, 2.272727272727273, 5.571428571428571]","[0, 0, 0, 0, 0, 0]","[0, 0, 0, 0, 0, 0]","[0, 0, 0, 0, 0, 0]","[0, 0, 4.5, 1.5625, 1.5, 1.6]","[0, 0, 6.171428571428571, 1.6285714285714286, 1.0, 1.0606060606060606]","[0, 0, 4.846153846153846, 1.1538461538461537, 8.0, 0.7647058823529411]","[0, 1, 9.310344827586208, 1.5517241379310345, 1.0, 0.6904761904761905]"
41,2020-06-23,20200623HTLT0,"[0, 0, 7.779661016949153, 1.8813559322033897, 2.1666666666666665, 4.916666666666667]","[0, 0, 0, 0, 0, 0]","[0, 0, 2.076923076923077, 1.1118881118881119, 2.9411764705882355, 5.958333333333333]","[0, 0, 0, 0, 0, 0]","[0, 0, 0, 0, 0, 0]","[0, 0, 0, 0, 0, 0]","[0, 1, 9.6, 1.9333333333333333, 1.0833333333333333, 0.7894736842105263]","[0, 0, 0, 0, 0, 0]","[0, 0, 0, 0, 0, 0]","[0, 0, 0.627906976744186, 0.7674418604651162, 3.0, 1.023809523809524]","[0, 0, 0, 0, 0, 0]","[0, 0, 2.204081632653061, 1.3469387755102042, 3.2857142857142856, 0.8166666666666667]","[0, 0, 1.4210526315789473, 0.6842105263157895, 5.333333333333333, 1.0555555555555556]","[0, 0, 5.914285714285715, 1.542857142857143, 2.3846153846153846, 5.0]","[0, 1, 2.511627906976744, 0.9767441860465116, 8.0, 1.1944444444444444]","[0, 0, 0, 0, 0, 0]","[0, 0, 3.375, 1.875, 1.5, 1.3333333333333333]","[0, 0, 0, 0, 0, 0]","[0, 0, 0, 0, 0, 0]","[0, 0, 0, 0, 0, 0]","[0, 0, 22.5, 3.5, 1.5, 2.0]","[0, 0, 0, 0, 0, 0]","[0, 0, 0, 0, 0, 0]","[0, 0, 0, 0, 0, 0]","[1, 0, 3.7099236641221376, 1.3740458015267176, 1.4666666666666666, 5.458333333333333]","[0, 0, 0, 0, 0, 0]","[0, 0, 18.0, 3.6666666666666665, 0.16666666666666666, 0.5]","[0, 0, 5.3076923076923075, 1.3076923076923077, 2.272727272727273, 5.571428571428571]","[0, 0, 0, 0, 0, 0]","[0, 0, 0, 0, 0, 0]","[0, 0, 0, 0, 0, 0]","[0, 1, 4.5, 1.625, 1.3333333333333333, 1.4545454545454546]","[0, 1, 5.2682926829268295, 1.6097560975609757, 1.0, 1.1388888888888888]","[0, 1, 6.230769230769231, 1.3076923076923077, 8.0, 0.7222222222222222]","[0, 0, 9.310344827586208, 1.5517241379310345, 1.0, 0.6904761904761905]"
42,2020-06-26,20200626SSLT0,"[0, 0, 7.779661016949153, 1.8813559322033897, 2.1666666666666665, 4.916666666666667]","[0, 0, 0, 0, 0, 0]","[1, 0, 2.101796407185629, 1.0059880239520957, 3.6470588235294117, 6.185185185185185]","[0, 0, 0, 0, 0, 0]","[0, 1, 0, 0, 0, 0]","[0, 0, 0, 0, 0, 0]","[0, 0, 9.6, 1.9333333333333333, 1.0833333333333333, 0.7894736842105263]","[0, 0, 0, 0, 0, 0]","[0, 0, 0, 0, 0, 0]","[0, 1, 1.1739130434782608, 0.7826086956521738, 3.3333333333333335, 1.0222222222222224]","[0, 0, 0, 0, 0, 0]","[0, 1, 2.1176470588235294, 1.3529411764705883, 3.5714285714285716, 0.8095238095238095]","[0, 0, 1.4210526315789473, 0.6842105263157895, 5.333333333333333, 1.0555555555555556]","[0, 0, 5.914285714285715, 1.542857142857143, 2.3846153846153846, 5.0]","[0, 1, 2.4, 1.0, 4.0, 1.1538461538461537]","[0, 0, 0, 0, 0, 0]","[0, 0, 3.375, 1.875, 1.5, 1.3333333333333333]","[0, 0, 0, 0, 0, 0]","[0, 0, 0, 0, 0, 0]","[0, 0, 0, 0, 0, 0]","[0, 0, 22.5, 3.5, 1.5, 2.0]","[0, 0, 0, 0, 0, 0]","[0, 0, 0, 0, 0, 0]","[0, 0, 0, 0, 0, 0]","[0, 0, 3.7099236641221376, 1.3740458015267176, 1.4666666666666666, 5.458333333333333]","[0, 0, 0, 0, 0, 0]","[0, 0, 18.0, 3.6666666666666665, 0.16666666666666666, 0.5]","[0, 0, 5.3076923076923075, 1.3076923076923077, 2.272727272727273, 5.571428571428571]","[0, 0, 0, 0, 0, 0]","[0, 0, 0, 0, 0, 0]","[0, 0, 0, 0, 0, 0]","[0, 0, 4.5, 1.625, 1.3333333333333333, 1.4545454545454546]","[0, 0, 5.2682926829268295, 1.6097560975609757, 1.0, 1.1388888888888888]","[0, 0, 6.230769230769231, 1.3076923076923077, 8.0, 0.7222222222222222]","[0, 0, 9.310344827586208, 1.5517241379310345, 1.0, 0.6904761904761905]"
43,2020-06-27,20200627SSLT0,"[1, 0, 5.961038961038961, 1.6363636363636362, 2.5, 5.133333333333334]","[0, 0, 0, 0, 0, 0]","[0, 0, 2.101796407185629, 1.0059880239520957, 3.6470588235294117, 6.185185185185185]","[0, 0, 0, 0, 0, 0]","[0, 1, 0.0, 3.0, 0.0, 0.3333333333333333]","[0, 0, 0, 0, 0, 0]","[0, 1, 9.391304347826086, 1.9565217391304348, 1.1666666666666667, 0.7666666666666667]","[0, 0, 0, 0, 0, 0]","[0, 0, 0, 0, 0, 0]","[0, 0, 1.1739130434782608, 0.7826086956521738, 3.3333333333333335, 1.0222222222222224]","[0, 0, 0, 0, 0, 0]","[0, 0, 2.1176470588235294, 1.3529411764705883, 3.5714285714285716, 0.8095238095238095]","[0, 0, 1.4210526315789473, 0.6842105263157895, 5.333333333333333, 1.0555555555555556]","[0, 0, 5.914285714285715, 1.542857142857143, 2.3846153846153846, 5.0]","[0, 1, 2.2978723404255317, 1.021276595744681, 4.0, 1.119047619047619]","[0, 0, 0, 0, 0, 0]","[0, 0, 3.375, 1.875, 1.5, 1.3333333333333333]","[0, 0, 0, 0, 0, 0]","[0, 0, 0, 0, 0, 0]","[0, 0, 0, 0, 0, 0]","[0, 0, 22.5, 3.5, 1.5, 2.0]","[0, 0, 0, 0, 0, 0]","[0, 0, 0, 0, 0, 0]","[0, 0, 0, 0, 0, 0]","[0, 0, 3.7099236641221376, 1.3740458015267176, 1.4666666666666666, 5.458333333333333]","[0, 0, 0, 0, 0, 0]","[0, 0, 18.0, 3.6666666666666665, 0.16666666666666666, 0.5]","[0, 0, 5.3076923076923075, 1.3076923076923077, 2.272727272727273, 5.571428571428571]","[0, 0, 0, 0, 0, 0]","[0, 0, 0, 0, 0, 0]","[0, 0, 0, 0, 0, 0]","[0, 0, 4.5, 1.625, 1.3333333333333333, 1.4545454545454546]","[0, 1, 4.909090909090909, 1.5681818181818183, 1.0, 1.1282051282051282]","[0, 0, 6.230769230769231, 1.3076923076923077, 8.0, 0.7222222222222222]","[0, 1, 8.4375, 1.40625, 1.0, 0.711111111111111]"
44,2020-06-28,20200628SSLT0,"[0, 0, 5.961038961038961, 1.6363636363636362, 2.5, 5.133333333333334]","[0, 0, 0, 0, 0, 0]","[0, 0, 2.101796407185629, 1.0059880239520957, 3.6470588235294117, 6.185185185185185]","[0, 0, 0, 0, 0, 0]","[0, 0, 0.0, 3.0, 0.0, 0.3333333333333333]","[0, 0, 0, 0, 0, 0]","[0, 0, 9.391304347826086, 1.9565217391304348, 1.1666666666666667, 0.7666666666666667]","[0, 0, 0, 0, 0, 0]","[0, 0, 0, 0, 0, 0]","[0, 1, 1.1020408163265305, 0.7959183673469389, 3.3333333333333335, 1.0208333333333333]","[0, 0, 0, 0, 0, 0]","[0, 1, 3.056603773584906, 1.471698113207547, 3.7142857142857144, 0.8030303030303031]","[0, 1, 1.2857142857142856, 0.6190476190476191, 6.0, 1.105263157894737]","[1, 0, 6.075, 1.65, 2.125, 5.0]","[0, 0, 2.2978723404255317, 1.021276595744681, 4.0, 1.119047619047619]","[0, 0, 0, 0, 0, 0]","[0, 0, 3.375, 1.875, 1.5, 1.3333333333333333]","[0, 0, 0, 0, 0, 0]","[0, 0, 0, 0, 0, 0]","[0, 0, 0, 0, 0, 0]","[0, 0, 22.5, 3.5, 1.5, 2.0]","[0, 0, 0, 0, 0, 0]","[0, 0, 0, 0, 0, 0]","[0, 0, 0, 0, 0, 0]","[0, 0, 3.7099236641221376, 1.3740458015267176, 1.4666666666666666, 5.458333333333333]","[0, 0, 0, 0, 0, 0]","[0, 0, 18.0, 3.6666666666666665, 0.16666666666666666, 0.5]","[0, 0, 5.3076923076923075, 1.3076923076923077, 2.272727272727273, 5.571428571428571]","[0, 0, 0, 0, 0, 0]","[0, 0, 0, 0, 0, 0]","[0, 0, 0, 0, 0, 0]","[0, 0, 4.5, 1.625, 1.3333333333333333, 1.4545454545454546]","[0, 0, 4.909090909090909, 1.5681818181818183, 1.0, 1.1282051282051282]","[0, 0, 6.230769230769231, 1.3076923076923077, 8.0, 0.7222222222222222]","[0, 0, 8.4375, 1.40625, 1.0, 0.711111111111111]"
45,2020-06-30,20200630LTNC0,"[0, 0, 5.961038961038961, 1.6363636363636362, 2.5, 5.133333333333334]","[0, 0, 0, 0, 0, 0]","[0, 0, 2.101796407185629, 1.0059880239520957, 3.6470588235294117, 6.185185185185185]","[0, 0, 0, 0, 0, 0]","[0, 0, 0.0, 3.0, 0.0, 0.3333333333333333]","[0, 0, 0, 0, 0, 0]","[0, 1, 8.470588235294118, 1.7647058823529411, 1.1666666666666667, 0.8095238095238095]","[0, 0, 0, 0, 0, 0]","[0, 0, 0, 0, 0, 0]","[0, 1, 1.0384615384615385, 0.75, 3.6666666666666665, 1.0196078431372548]","[0, 0, 0, 0, 0, 0]","[0, 1, 2.892857142857143, 1.4464285714285714, 3.7142857142857144, 0.8115942028985508]","[0, 1, 1.2272727272727273, 0.5909090909090909, 6.0, 1.1]","[0, 0, 6.075, 1.65, 2.125, 5.0]","[0, 1, 2.25, 1.0625, 4.0, 1.0666666666666667]","[0, 1, 0, 0, 0, 0]","[0, 0, 3.375, 1.875, 1.5, 1.3333333333333333]","[0, 0, 0, 0, 0, 0]","[0, 0, 0, 0, 0, 0]","[0, 0, 0, 0, 0, 0]","[0, 1, 13.5, 2.5, 1.0, 2.0]","[0, 0, 0, 0, 0, 0]","[0, 0, 0, 0, 0, 0]","[0, 0, 0, 0, 0, 0]","[0, 0, 3.7099236641221376, 1.3740458015267176, 1.4666666666666666, 5.458333333333333]","[0, 0, 0, 0, 0, 0]","[0, 0, 18.0, 3.6666666666666665, 0.16666666666666666, 0.5]","[0, 0, 5.3076923076923075, 1.3076923076923077, 2.272727272727273, 5.571428571428571]","[0, 0, 0, 0, 0, 0]","[0, 0, 0, 0, 0, 0]","[0, 0, 0, 0, 0, 0]","[0, 1, 4.235294117647059, 1.7058823529411764, 1.3333333333333333, 1.4166666666666667]","[1, 0, 4.595744680851063, 1.4680851063829787, 1.1, 1.119047619047619]","[0, 1, 5.785714285714286, 1.3571428571428572, 9.0, 0.7368421052631579]","[0, 1, 7.9411764705882355, 1.3235294117647058, 1.0833333333333333, 0.7083333333333334]"
46,2020-07-01,20200701LTNC0,"[0, 0, 5.961038961038961, 1.6363636363636362, 2.5, 5.133333333333334]","[0, 0, 0, 0, 0, 0]","[0, 0, 2.101796407185629, 1.0059880239520957, 3.6470588235294117, 6.185185185185185]","[0, 0, 0, 0, 0, 0]","[0, 0, 0.0, 3.0, 0.0, 0.3333333333333333]","[0, 0, 0, 0, 0, 0]","[0, 1, 8.307692307692308, 1.7307692307692308, 1.1666666666666667, 0.7878787878787878]","[0, 0, 0, 0, 0, 0]","[0, 0, 0, 0, 0, 0]","[0, 0, 1.0384615384615385, 0.75, 3.6666666666666665, 1.0196078431372548]","[0, 0, 0, 0, 0, 0]","[0, 0, 2.892857142857143, 1.4464285714285714, 3.7142857142857144, 0.8115942028985508]","[0, 0, 1.2272727272727273, 0.5909090909090909, 6.0, 1.1]","[0, 0, 6.075, 1.65, 2.125, 5.0]","[0, 0, 2.25, 1.0625, 4.0, 1.0666666666666667]","[0, 1, 0.0, 10, 0.0, 0.0]","[0, 0, 3.375, 1.875, 1.5, 1.3333333333333333]","[0, 0, 0, 0, 0, 0]","[0, 0, 0, 0, 0, 0]","[0, 0, 0, 0, 0, 0]","[0, 0, 13.5, 2.5, 1.0, 2.0]","[0, 0, 0, 0, 0, 0]","[0, 0, 0, 0, 0, 0]","[0, 0, 0, 0, 0, 0]","[0, 0, 3.7099236641221376, 1.3740458015267176, 1.4666666666666666, 5.458333333333333]","[0, 0, 0, 0, 0, 0]","[0, 0, 18.0, 3.6666666666666665, 0.16666666666666666, 0.5]","[0, 0, 5.3076923076923075, 1.3076923076923077, 2.272727272727273, 5.571428571428571]","[0, 0, 0, 0, 0, 0]","[1, 0, 15.0, 3.6666666666666665, 0.0, 3.0]","[0, 0, 0, 0, 0, 0]","[0, 0, 4.235294117647059, 1.7058823529411764, 1.3333333333333333, 1.4166666666666667]","[0, 0, 4.595744680851063, 1.4680851063829787, 1.1, 1.119047619047619]","[0, 0, 5.785714285714286, 1.3571428571428572, 9.0, 0.7368421052631579]","[0, 0, 7.9411764705882355, 1.3235294117647058, 1.0833333333333333, 0.7083333333333334]"
47,2020-07-02,20200702LTNC0,"[0, 0, 5.961038961038961, 1.6363636363636362, 2.5, 5.133333333333334]","[0, 0, 0, 0, 0, 0]","[1, 0, 2.4285714285714284, 1.0317460317460319, 3.611111111111111, 6.3]","[0, 0, 0, 0, 0, 0]","[0, 0, 0.0, 3.0, 0.0, 0.3333333333333333]","[0, 0, 0, 0, 0, 0]","[0, 0, 8.307692307692308, 1.7307692307692308, 1.1666666666666667, 0.7878787878787878]","[0, 0, 0, 0, 0, 0]","[0, 0, 0, 0, 0, 0]","[0, 0, 1.0384615384615385, 0.75, 3.6666666666666665, 1.0196078431372548]","[0, 0, 0, 0, 0, 0]","[0, 0, 2.892857142857143, 1.4464285714285714, 3.7142857142857144, 0.8115942028985508]","[0, 0, 1.2272727272727273, 0.5909090909090909, 6.0, 1.1]","[0, 0, 6.075, 1.65, 2.125, 5.0]","[0, 1, 2.0377358490566038, 1.0188679245283019, 4.0, 1.1041666666666667]","[0, 1, 0.0, 2.0, 0.5, 0.5]","[0, 0, 3.375, 1.875, 1.5, 1.3333333333333333]","[0, 0, 0, 0, 0, 0]","[0, 0, 0, 0, 0, 0]","[0, 0, 0, 0, 0, 0]","[0, 1, 10.125, 1.875, 1.25, 1.7777777777777777]","[0, 0, 0, 0, 0, 0]","[0, 0, 0, 0, 0, 0]","[0, 0, 0, 0, 0, 0]","[0, 0, 3.7099236641221376, 1.3740458015267176, 1.4666666666666666, 5.458333333333333]","[0, 0, 0, 0, 0, 0]","[0, 0, 18.0, 3.6666666666666665, 0.16666666666666666, 0.5]","[0, 0, 5.3076923076923075, 1.3076923076923077, 2.272727272727273, 5.571428571428571]","[0, 0, 0, 0, 0, 0]","[0, 0, 15.0, 3.6666666666666665, 0.0, 3.0]","[0, 0, 0, 0, 0, 0]","[0, 0, 4.235294117647059, 1.7058823529411764, 1.3333333333333333, 1.4166666666666667]","[0, 0, 4.595744680851063, 1.4680851063829787, 1.1, 1.119047619047619]","[0, 1, 5.651162790697675, 1.3255813953488371, 9.0, 0.7166666666666667]","[0, 1, 8.25, 1.5, 1.1666666666666667, 0.7058823529411765]"
48,2020-07-03,20200703SKLT0,"[1, 0, 6.163043478260869, 1.6630434782608694, 2.5555555555555554, 5.111111111111112]","[0, 0, 0, 0, 0, 0]","[0, 0, 2.4285714285714284, 1.0317460317460319, 3.611111111111111, 6.3]","[0, 0, 0, 0, 0, 0]","[0, 0, 0.0, 3.0, 0.0, 0.3333333333333333]","[0, 0, 0, 0, 0, 0]","[0, 1, 7.8545454545454545, 1.7454545454545456, 1.0769230769230769, 0.7971014492753623]","[0, 0, 0, 0, 0, 0]","[0, 0, 0, 0, 0, 0]","[0, 0, 1.0384615384615385, 0.75, 3.6666666666666665, 1.0196078431372548]","[0, 0, 0, 0, 0, 0]","[0, 0, 2.892857142857143, 1.4464285714285714, 3.7142857142857144, 0.8115942028985508]","[0, 0, 1.2272727272727273, 0.5909090909090909, 6.0, 1.1]","[0, 0, 6.075, 1.65, 2.125, 5.0]","[0, 0, 2.0377358490566038, 1.0188679245283019, 4.0, 1.1041666666666667]","[0, 0, 0.0, 2.0, 0.5, 0.5]","[0, 0, 3.375, 1.875, 1.5, 1.3333333333333333]","[0, 0, 0, 0, 0, 0]","[0, 0, 0, 0, 0, 0]","[0, 0, 0, 0, 0, 0]","[0, 1, 9.529411764705882, 1.7647058823529411, 1.25, 1.4166666666666667]","[0, 0, 0, 0, 0, 0]","[0, 0, 0, 0, 0, 0]","[0, 0, 0, 0, 0, 0]","[0, 0, 3.7099236641221376, 1.3740458015267176, 1.4666666666666666, 5.458333333333333]","[0, 0, 0, 0, 0, 0]","[0, 0, 18.0, 3.6666666666666665, 0.16666666666666666, 0.5]","[0, 0, 5.3076923076923075, 1.3076923076923077, 2.272727272727273, 5.571428571428571]","[0, 0, 0, 0, 0, 0]","[0, 0, 15.0, 3.6666666666666665, 0.0, 3.0]","[0, 0, 0, 0, 0, 0]","[0, 1, 4.153846153846154, 1.7884615384615385, 1.2, 1.3333333333333333]","[0, 1, 4.5, 1.3888888888888888, 1.0909090909090908, 1.2]","[0, 1, 5.522727272727273, 1.3636363636363638, 4.5, 0.6984126984126984]","[0, 0, 8.25, 1.5, 1.1666666666666667, 0.7058823529411765]"
49,2020-07-04,20200704SKLT0,"[0, 0, 6.163043478260869, 1.6630434782608694, 2.5555555555555554, 5.111111111111112]","[0, 0, 0, 0, 0, 0]","[0, 0, 2.4285714285714284, 1.0317460317460319, 3.611111111111111, 6.3]","[0, 0, 0, 0, 0, 0]","[0, 0, 0.0, 3.0, 0.0, 0.3333333333333333]","[0, 0, 0, 0, 0, 0]","[0, 0, 7.8545454545454545, 1.7454545454545456, 1.0769230769230769, 0.7971014492753623]","[0, 0, 0, 0, 0, 0]","[0, 0, 0, 0, 0, 0]","[0, 0, 1.0384615384615385, 0.75, 3.6666666666666665, 1.0196078431372548]","[0, 0, 0, 0, 0, 0]","[0, 0, 2.892857142857143, 1.4464285714285714, 3.7142857142857144, 0.8115942028985508]","[0, 0, 1.2272727272727273, 0.5909090909090909, 6.0, 1.1]","[0, 0, 6.075, 1.65, 2.125, 5.0]","[0, 0, 2.0377358490566038, 1.0188679245283019, 4.0, 1.1041666666666667]","[0, 0, 0.0, 2.0, 0.5, 0.5]","[0, 0, 3.375, 1.875, 1.5, 1.3333333333333333]","[0, 0, 0, 0, 0, 0]","[0, 0, 0, 0, 0, 0]","[0, 0, 0, 0, 0, 0]","[0, 0, 9.529411764705882, 1.7647058823529411, 1.25, 1.4166666666666667]","[0, 0, 0, 0, 0, 0]","[0, 0, 0, 0, 0, 0]","[0, 0, 0, 0, 0, 0]","[1, 0, 3.883561643835616, 1.3356164383561644, 1.5333333333333334, 5.407407407407407]","[0, 0, 0, 0, 0, 0]","[0, 0, 18.0, 3.6666666666666665, 0.16666666666666666, 0.5]","[0, 0, 5.3076923076923075, 1.3076923076923077, 2.272727272727273, 5.571428571428571]","[0, 0, 0, 0, 0, 0]","[0, 0, 15.0, 3.6666666666666665, 0.0, 3.0]","[0, 0, 0, 0, 0, 0]","[0, 1, 3.9272727272727272, 1.690909090909091, 1.4, 1.3095238095238095]","[0, 1, 4.189655172413794, 1.293103448275862, 1.3636363636363635, 1.2083333333333333]","[0, 1, 6.0, 1.4, 3.0, 0.6818181818181818]","[0, 0, 8.25, 1.5, 1.1666666666666667, 0.7058823529411765]"
50,2020-07-05,20200705SKLT0,"[0, 0, 6.163043478260869, 1.6630434782608694, 2.5555555555555554, 5.111111111111112]","[0, 0, 0, 0, 0, 0]","[0, 0, 2.4285714285714284, 1.0317460317460319, 3.611111111111111, 6.3]","[0, 0, 0, 0, 0, 0]","[0, 0, 0.0, 3.0, 0.0, 0.3333333333333333]","[0, 0, 0, 0, 0, 0]","[0, 0, 7.8545454545454545, 1.7454545454545456, 1.0769230769230769, 0.7971014492753623]","[0, 0, 0, 0, 0, 0]","[0, 0, 0, 0, 0, 0]","[0, 1, 0.9310344827586207, 0.7241379310344828, 4.333333333333333, 1.074074074074074]","[0, 0, 0, 0, 0, 0]","[0, 0, 2.892857142857143, 1.4464285714285714, 3.7142857142857144, 0.8115942028985508]","[0, 1, 2.2816901408450705, 0.676056338028169, 5.0, 1.126984126984127]","[1, 0, 5.869565217391304, 1.5217391304347827, 2.25, 5.111111111111111]","[0, 1, 2.892857142857143, 1.125, 4.0, 1.0980392156862746]","[0, 0, 0.0, 2.0, 0.5, 0.5]","[0, 0, 3.375, 1.875, 1.5, 1.3333333333333333]","[0, 0, 0, 0, 0, 0]","[0, 0, 0, 0, 0, 0]","[0, 0, 0, 0, 0, 0]","[0, 0, 9.529411764705882, 1.7647058823529411, 1.25, 1.4166666666666667]","[0, 0, 0, 0, 0, 0]","[0, 0, 0, 0, 0, 0]","[0, 0, 0, 0, 0, 0]","[0, 0, 3.883561643835616, 1.3356164383561644, 1.5333333333333334, 5.407407407407407]","[0, 0, 0, 0, 0, 0]","[0, 0, 18.0, 3.6666666666666665, 0.16666666666666666, 0.5]","[0, 0, 5.3076923076923075, 1.3076923076923077, 2.272727272727273, 5.571428571428571]","[0, 0, 0, 0, 0, 0]","[0, 0, 15.0, 3.6666666666666665, 0.0, 3.0]","[0, 0, 0, 0, 0, 0]","[0, 0, 3.9272727272727272, 1.690909090909091, 1.4, 1.3095238095238095]","[0, 0, 4.189655172413794, 1.293103448275862, 1.3636363636363635, 1.2083333333333333]","[0, 0, 6.0, 1.4, 3.0, 0.6818181818181818]","[0, 0, 8.25, 1.5, 1.1666666666666667, 0.7058823529411765]"
51,2020-07-07,20200707LTHH0,"[0, 0, 6.163043478260869, 1.6630434782608694, 2.5555555555555554, 5.111111111111112]","[0, 0, 0, 0, 0, 0]","[0, 0, 2.4285714285714284, 1.0317460317460319, 3.611111111111111, 6.3]","[0, 0, 0, 0, 0, 0]","[0, 0, 0.0, 3.0, 0.0, 0.3333333333333333]","[0, 0, 0, 0, 0, 0]","[0, 1, 8.345454545454546, 1.8545454545454547, 1.0, 0.7638888888888888]","[0, 0, 0, 0, 0, 0]","[0, 0, 0, 0, 0, 0]","[0, 1, 1.3278688524590163, 0.7868852459016394, 4.666666666666667, 1.0701754385964912]","[0, 0, 0, 0, 0, 0]","[0, 0, 2.892857142857143, 1.4464285714285714, 3.7142857142857144, 0.8115942028985508]","[0, 1, 2.9189189189189193, 0.8108108108108107, 3.6666666666666665, 1.1212121212121213]","[0, 0, 5.869565217391304, 1.5217391304347827, 2.25, 5.111111111111111]","[0, 1, 2.745762711864407, 1.11864406779661, 4.5, 1.0925925925925926]","[0, 0, 0.0, 2.0, 0.5, 0.5]","[0, 0, 3.375, 1.875, 1.5, 1.3333333333333333]","[0, 0, 0, 0, 0, 0]","[0, 0, 0, 0, 0, 0]","[0, 0, 0, 0, 0, 0]","[0, 0, 9.529411764705882, 1.7647058823529411, 1.25, 1.4166666666666667]","[0, 0, 0, 0, 0, 0]","[0, 0, 0, 0, 0, 0]","[0, 0, 0, 0, 0, 0]","[0, 0, 3.883561643835616, 1.3356164383561644, 1.5333333333333334, 5.407407407407407]","[0, 0, 0, 0, 0, 0]","[0, 0, 18.0, 3.6666666666666665, 0.16666666666666666, 0.5]","[0, 0, 5.3076923076923075, 1.3076923076923077, 2.272727272727273, 5.571428571428571]","[0, 0, 0, 0, 0, 0]","[1, 0, 10.0, 2.0, 0.6666666666666666, 4.5]","[0, 0, 0, 0, 0, 0]","[0, 0, 3.9272727272727272, 1.690909090909091, 1.4, 1.3095238095238095]","[0, 1, 3.983606557377049, 1.2295081967213115, 1.4545454545454546, 1.196078431372549]","[0, 1, 5.74468085106383, 1.3404255319148937, 3.0, 0.6811594202898551]","[0, 1, 9.0, 1.6153846153846154, 1.1666666666666667, 0.7222222222222222]"
52,2020-07-08,20200708LTHH0,"[0, 0, 6.163043478260869, 1.6630434782608694, 2.5555555555555554, 5.111111111111112]","[0, 0, 0, 0, 0, 0]","[1, 0, 2.527093596059113, 1.064039408866995, 3.9444444444444446, 6.151515151515152]","[0, 0, 0, 0, 0, 0]","[0, 0, 0.0, 3.0, 0.0, 0.3333333333333333]","[0, 0, 0, 0, 0, 0]","[0, 0, 8.345454545454546, 1.8545454545454547, 1.0, 0.7638888888888888]","[0, 0, 0, 0, 0, 0]","[0, 0, 0, 0, 0, 0]","[0, 0, 1.3278688524590163, 0.7868852459016394, 4.666666666666667, 1.0701754385964912]","[0, 0, 0, 0, 0, 0]","[0, 0, 2.892857142857143, 1.4464285714285714, 3.7142857142857144, 0.8115942028985508]","[0, 0, 2.9189189189189193, 0.8108108108108107, 3.6666666666666665, 1.1212121212121213]","[0, 0, 5.869565217391304, 1.5217391304347827, 2.25, 5.111111111111111]","[0, 0, 2.745762711864407, 1.11864406779661, 4.5, 1.0925925925925926]","[0, 0, 0.0, 2.0, 0.5, 0.5]","[0, 0, 3.375, 1.875, 1.5, 1.3333333333333333]","[0, 0, 0, 0, 0, 0]","[0, 0, 0, 0, 0, 0]","[0, 0, 0, 0, 0, 0]","[0, 1, 7.7142857142857135, 1.7142857142857142, 1.5, 1.4]","[0, 0, 0, 0, 0, 0]","[0, 0, 0, 0, 0, 0]","[0, 0, 0, 0, 0, 0]","[0, 0, 3.883561643835616, 1.3356164383561644, 1.5333333333333334, 5.407407407407407]","[0, 0, 0, 0, 0, 0]","[0, 0, 18.0, 3.6666666666666665, 0.16666666666666666, 0.5]","[0, 0, 5.3076923076923075, 1.3076923076923077, 2.272727272727273, 5.571428571428571]","[0, 0, 0, 0, 0, 0]","[0, 0, 10.0, 2.0, 0.6666666666666666, 4.5]","[0, 0, 0, 0, 0, 0]","[0, 1, 4.118644067796611, 1.7796610169491525, 1.4545454545454546, 1.3111111111111111]","[0, 0, 3.983606557377049, 1.2295081967213115, 1.4545454545454546, 1.196078431372549]","[0, 0, 5.74468085106383, 1.3404255319148937, 3.0, 0.6811594202898551]","[0, 0, 9.0, 1.6153846153846154, 1.1666666666666667, 0.7222222222222222]"
53,2020-07-09,20200709LTHH0,"[1, 0, 6.05607476635514, 1.6822429906542058, 2.6666666666666665, 5.095238095238095]","[0, 0, 0, 0, 0, 0]","[0, 0, 2.527093596059113, 1.064039408866995, 3.9444444444444446, 6.151515151515152]","[0, 0, 0, 0, 0, 0]","[0, 0, 0.0, 3.0, 0.0, 0.3333333333333333]","[0, 0, 0, 0, 0, 0]","[0, 0, 8.345454545454546, 1.8545454545454547, 1.0, 0.7638888888888888]","[0, 0, 0, 0, 0, 0]","[0, 0, 0, 0, 0, 0]","[0, 1, 1.265625, 0.796875, 4.666666666666667, 1.0666666666666667]","[0, 0, 0, 0, 0, 0]","[0, 0, 2.892857142857143, 1.4464285714285714, 3.7142857142857144, 0.8115942028985508]","[0, 1, 2.8051948051948052, 0.7792207792207791, 4.166666666666667, 1.1159420289855073]","[0, 0, 5.869565217391304, 1.5217391304347827, 2.25, 5.111111111111111]","[0, 1, 2.6129032258064515, 1.161290322580645, 3.0, 1.087719298245614]","[0, 0, 0.0, 2.0, 0.5, 0.5]","[0, 0, 3.375, 1.875, 1.5, 1.3333333333333333]","[0, 0, 0, 0, 0, 0]","[0, 0, 0, 0, 0, 0]","[0, 0, 0, 0, 0, 0]","[0, 0, 7.7142857142857135, 1.7142857142857142, 1.5, 1.4]","[0, 0, 0, 0, 0, 0]","[0, 0, 0, 0, 0, 0]","[0, 0, 0, 0, 0, 0]","[0, 0, 3.883561643835616, 1.3356164383561644, 1.5333333333333334, 5.407407407407407]","[0, 0, 0, 0, 0, 0]","[0, 0, 18.0, 3.6666666666666665, 0.16666666666666666, 0.5]","[0, 0, 5.3076923076923075, 1.3076923076923077, 2.272727272727273, 5.571428571428571]","[0, 0, 0, 0, 0, 0]","[0, 0, 10.0, 2.0, 0.6666666666666666, 4.5]","[0, 0, 0, 0, 0, 0]","[0, 0, 4.118644067796611, 1.7796610169491525, 1.4545454545454546, 1.3111111111111111]","[0, 0, 3.983606557377049, 1.2295081967213115, 1.4545454545454546, 1.196078431372549]","[0, 0, 5.74468085106383, 1.3404255319148937, 3.0, 0.6811594202898551]","[0, 0, 9.0, 1.6153846153846154, 1.1666666666666667, 0.7222222222222222]"
54,2020-07-10,20200710OBLT0,"[0, 0, 6.05607476635514, 1.6822429906542058, 2.6666666666666665, 5.095238095238095]","[0, 0, 0, 0, 0, 0]","[0, 0, 2.527093596059113, 1.064039408866995, 3.9444444444444446, 6.151515151515152]","[0, 0, 0, 0, 0, 0]","[0, 0, 0.0, 3.0, 0.0, 0.3333333333333333]","[0, 0, 0, 0, 0, 0]","[0, 0, 8.345454545454546, 1.8545454545454547, 1.0, 0.7638888888888888]","[0, 0, 0, 0, 0, 0]","[0, 0, 0, 0, 0, 0]","[0, 0, 1.265625, 0.796875, 4.666666666666667, 1.0666666666666667]","[0, 0, 0, 0, 0, 0]","[0, 0, 2.892857142857143, 1.4464285714285714, 3.7142857142857144, 0.8115942028985508]","[0, 0, 2.8051948051948052, 0.7792207792207791, 4.166666666666667, 1.1159420289855073]","[0, 0, 5.869565217391304, 1.5217391304347827, 2.25, 5.111111111111111]","[0, 0, 2.6129032258064515, 1.161290322580645, 3.0, 1.087719298245614]","[0, 0, 0.0, 2.0, 0.5, 0.5]","[0, 0, 3.375, 1.875, 1.5, 1.3333333333333333]","[0, 0, 0, 0, 0, 0]","[0, 0, 0, 0, 0, 0]","[0, 0, 0, 0, 0, 0]","[0, 1, 9.0, 1.875, 1.4, 1.3333333333333333]","[0, 0, 0, 0, 0, 0]","[0, 0, 0, 0, 0, 0]","[0, 0, 0, 0, 0, 0]","[1, 0, 3.951219512195122, 1.3170731707317074, 1.8, 5.466666666666667]","[0, 0, 0, 0, 0, 0]","[0, 0, 18.0, 3.6666666666666665, 0.16666666666666666, 0.5]","[0, 0, 5.3076923076923075, 1.3076923076923077, 2.272727272727273, 5.571428571428571]","[0, 0, 0, 0, 0, 0]","[0, 0, 10.0, 2.0, 0.6666666666666666, 4.5]","[0, 0, 0, 0, 0, 0]","[0, 1, 3.9193548387096775, 1.693548387096774, 1.6363636363636365, 1.2916666666666667]","[0, 0, 3.983606557377049, 1.2295081967213115, 1.4545454545454546, 1.196078431372549]","[0, 0, 5.74468085106383, 1.3404255319148937, 3.0, 0.6811594202898551]","[0, 1, 9.692307692307692, 1.6923076923076923, 1.0769230769230769, 0.6842105263157895]"
55,2020-07-11,20200711OBLT0,"[0, 0, 6.05607476635514, 1.6822429906542058, 2.6666666666666665, 5.095238095238095]","[0, 0, 0, 0, 0, 0]","[0, 0, 2.527093596059113, 1.064039408866995, 3.9444444444444446, 6.151515151515152]","[0, 0, 0, 0, 0, 0]","[0, 0, 0.0, 3.0, 0.0, 0.3333333333333333]","[0, 0, 0, 0, 0, 0]","[0, 0, 8.345454545454546, 1.8545454545454547, 1.0, 0.7638888888888888]","[0, 0, 0, 0, 0, 0]","[0, 0, 0, 0, 0, 0]","[0, 1, 1.1911764705882353, 0.838235294117647, 4.0, 1.0793650793650795]","[0, 0, 0, 0, 0, 0]","[0, 1, 4.263157894736842, 1.5263157894736843, 3.857142857142857, 0.7916666666666666]","[0, 1, 2.6666666666666665, 0.7777777777777778, 4.166666666666667, 1.125]","[1, 0, 5.711538461538462, 1.4615384615384615, 2.411764705882353, 5.2]","[0, 0, 2.6129032258064515, 1.161290322580645, 3.0, 1.087719298245614]","[0, 0, 0.0, 2.0, 0.5, 0.5]","[0, 0, 3.375, 1.875, 1.5, 1.3333333333333333]","[0, 0, 0, 0, 0, 0]","[0, 0, 0, 0, 0, 0]","[0, 0, 0, 0, 0, 0]","[0, 0, 9.0, 1.875, 1.4, 1.3333333333333333]","[0, 0, 0, 0, 0, 0]","[0, 0, 0, 0, 0, 0]","[0, 0, 0, 0, 0, 0]","[0, 0, 3.951219512195122, 1.3170731707317074, 1.8, 5.466666666666667]","[0, 0, 0, 0, 0, 0]","[0, 0, 18.0, 3.6666666666666665, 0.16666666666666666, 0.5]","[0, 0, 5.3076923076923075, 1.3076923076923077, 2.272727272727273, 5.571428571428571]","[0, 0, 0, 0, 0, 0]","[0, 0, 10.0, 2.0, 0.6666666666666666, 4.5]","[0, 0, 0, 0, 0, 0]","[0, 0, 3.9193548387096775, 1.693548387096774, 1.6363636363636365, 1.2916666666666667]","[0, 0, 3.983606557377049, 1.2295081967213115, 1.4545454545454546, 1.196078431372549]","[0, 0, 5.74468085106383, 1.3404255319148937, 3.0, 0.6811594202898551]","[0, 0, 9.692307692307692, 1.6923076923076923, 1.0769230769230769, 0.6842105263157895]"
56,2020-07-14,20200714LGLT0,"[0, 0, 6.05607476635514, 1.6822429906542058, 2.6666666666666665, 5.095238095238095]","[0, 0, 0, 0, 0, 0]","[1, 0, 2.2901785714285716, 1.03125, 4.105263157894737, 6.222222222222222]","[0, 0, 0, 0, 0, 0]","[0, 0, 0.0, 3.0, 0.0, 0.3333333333333333]","[0, 0, 0, 0, 0, 0]","[0, 0, 8.345454545454546, 1.8545454545454547, 1.0, 0.7638888888888888]","[0, 0, 0, 0, 0, 0]","[0, 0, 0, 0, 0, 0]","[0, 0, 1.1911764705882353, 0.838235294117647, 4.0, 1.0793650793650795]","[0, 0, 0, 0, 0, 0]","[0, 0, 4.263157894736842, 1.5263157894736843, 3.857142857142857, 0.7916666666666666]","[0, 0, 2.6666666666666665, 0.7777777777777778, 4.166666666666667, 1.125]","[0, 0, 5.711538461538462, 1.4615384615384615, 2.411764705882353, 5.2]","[0, 1, 2.53125, 1.125, 3.0, 1.0666666666666667]","[0, 0, 0.0, 2.0, 0.5, 0.5]","[0, 0, 3.375, 1.875, 1.5, 1.3333333333333333]","[0, 0, 0, 0, 0, 0]","[0, 0, 0, 0, 0, 0]","[0, 0, 0, 0, 0, 0]","[0, 0, 9.0, 1.875, 1.4, 1.3333333333333333]","[0, 0, 0, 0, 0, 0]","[0, 0, 0, 0, 0, 0]","[0, 0, 0, 0, 0, 0]","[0, 0, 3.951219512195122, 1.3170731707317074, 1.8, 5.466666666666667]","[0, 0, 0, 0, 0, 0]","[0, 0, 18.0, 3.6666666666666665, 0.16666666666666666, 0.5]","[0, 0, 5.3076923076923075, 1.3076923076923077, 2.272727272727273, 5.571428571428571]","[0, 0, 0, 0, 0, 0]","[0, 0, 10.0, 2.0, 0.6666666666666666, 4.5]","[0, 0, 0, 0, 0, 0]","[0, 0, 3.9193548387096775, 1.693548387096774, 1.6363636363636365, 1.2916666666666667]","[0, 0, 3.983606557377049, 1.2295081967213115, 1.4545454545454546, 1.196078431372549]","[0, 0, 5.74468085106383, 1.3404255319148937, 3.0, 0.6811594202898551]","[0, 0, 9.692307692307692, 1.6923076923076923, 1.0769230769230769, 0.6842105263157895]"
57,2020-07-15,20200715LGLT0,"[1, 0, 5.443548387096774, 1.6451612903225805, 2.4545454545454546, 5.166666666666667]","[0, 1, 0, 0, 0, 0]","[0, 0, 2.2901785714285716, 1.03125, 4.105263157894737, 6.222222222222222]","[0, 0, 0, 0, 0, 0]","[0, 0, 0.0, 3.0, 0.0, 0.3333333333333333]","[0, 0, 0, 0, 0, 0]","[0, 1, 9.0, 1.894736842105263, 1.0, 0.76]","[0, 0, 0, 0, 0, 0]","[0, 0, 0, 0, 0, 0]","[0, 0, 1.1911764705882353, 0.838235294117647, 4.0, 1.0793650793650795]","[0, 0, 0, 0, 0, 0]","[0, 0, 4.263157894736842, 1.5263157894736843, 3.857142857142857, 0.7916666666666666]","[0, 0, 2.6666666666666665, 0.7777777777777778, 4.166666666666667, 1.125]","[0, 0, 5.711538461538462, 1.4615384615384615, 2.411764705882353, 5.2]","[0, 0, 2.53125, 1.125, 3.0, 1.0666666666666667]","[0, 0, 0.0, 2.0, 0.5, 0.5]","[0, 0, 3.375, 1.875, 1.5, 1.3333333333333333]","[0, 0, 0, 0, 0, 0]","[0, 0, 0, 0, 0, 0]","[0, 0, 0, 0, 0, 0]","[0, 0, 9.0, 1.875, 1.4, 1.3333333333333333]","[0, 0, 0, 0, 0, 0]","[0, 0, 0, 0, 0, 0]","[0, 0, 0, 0, 0, 0]","[0, 0, 3.951219512195122, 1.3170731707317074, 1.8, 5.466666666666667]","[0, 0, 0, 0, 0, 0]","[0, 0, 18.0, 3.6666666666666665, 0.16666666666666666, 0.5]","[0, 0, 5.3076923076923075, 1.3076923076923077, 2.272727272727273, 5.571428571428571]","[0, 0, 0, 0, 0, 0]","[0, 0, 10.0, 2.0, 0.6666666666666666, 4.5]","[0, 0, 0, 0, 0, 0]","[0, 0, 3.9193548387096775, 1.693548387096774, 1.6363636363636365, 1.2916666666666667]","[0, 1, 3.796875, 1.265625, 1.3076923076923077, 1.1851851851851851]","[0, 0, 5.74468085106383, 1.3404255319148937, 3.0, 0.6811594202898551]","[0, 1, 9.0, 1.7142857142857142, 1.0666666666666667, 0.7]"
58,2020-07-16,20200716LGLT0,"[0, 0, 5.443548387096774, 1.6451612903225805, 2.4545454545454546, 5.166666666666667]","[0, 0, 0, 0, 0, 0]","[0, 0, 2.2901785714285716, 1.03125, 4.105263157894737, 6.222222222222222]","[0, 0, 0, 0, 0, 0]","[0, 0, 0.0, 3.0, 0.0, 0.3333333333333333]","[0, 0, 0, 0, 0, 0]","[0, 1, 8.549999999999999, 1.8, 1.0666666666666667, 0.7692307692307693]","[0, 0, 0, 0, 0, 0]","[0, 0, 0, 0, 0, 0]","[0, 0, 1.1911764705882353, 0.838235294117647, 4.0, 1.0793650793650795]","[0, 0, 0, 0, 0, 0]","[0, 1, 3.8571428571428568, 1.4285714285714286, 4.0, 0.84]","[0, 1, 2.571428571428571, 0.75, 4.5, 1.12]","[0, 0, 5.711538461538462, 1.4615384615384615, 2.411764705882353, 5.2]","[0, 1, 2.417910447761194, 1.0746268656716418, 3.0, 1.0634920634920635]","[0, 0, 0.0, 2.0, 0.5, 0.5]","[0, 0, 3.375, 1.875, 1.5, 1.3333333333333333]","[0, 0, 0, 0, 0, 0]","[0, 0, 0, 0, 0, 0]","[0, 0, 0, 0, 0, 0]","[0, 0, 9.0, 1.875, 1.4, 1.3333333333333333]","[0, 0, 0, 0, 0, 0]","[0, 0, 0, 0, 0, 0]","[0, 0, 0, 0, 0, 0]","[0, 0, 3.951219512195122, 1.3170731707317074, 1.8, 5.466666666666667]","[0, 0, 0, 0, 0, 0]","[0, 0, 18.0, 3.6666666666666665, 0.16666666666666666, 0.5]","[0, 0, 5.3076923076923075, 1.3076923076923077, 2.272727272727273, 5.571428571428571]","[0, 0, 0, 0, 0, 0]","[1, 0, 7.2, 1.6, 1.0, 5.0]","[0, 0, 0, 0, 0, 0]","[0, 0, 3.9193548387096775, 1.693548387096774, 1.6363636363636365, 1.2916666666666667]","[0, 1, 3.5217391304347827, 1.2608695652173914, 1.3571428571428572, 1.2105263157894737]","[0, 1, 5.510204081632653, 1.4081632653061225, 3.0, 0.6805555555555555]","[0, 0, 9.0, 1.7142857142857142, 1.0666666666666667, 0.7]"
59,2020-07-17,20200717LTSS0,"[0, 0, 5.443548387096774, 1.6451612903225805, 2.4545454545454546, 5.166666666666667]","[0, 1, 0.0, 0.0, 0, 1.0]","[0, 0, 2.2901785714285716, 1.03125, 4.105263157894737, 6.222222222222222]","[0, 0, 0, 0, 0, 0]","[0, 0, 0.0, 3.0, 0.0, 0.3333333333333333]","[0, 0, 0, 0, 0, 0]","[0, 1, 8.709677419354838, 1.9354838709677418, 1.0, 0.7654320987654322]","[0, 0, 0, 0, 0, 0]","[0, 0, 0, 0, 0, 0]","[0, 0, 1.1911764705882353, 0.838235294117647, 4.0, 1.0793650793650795]","[0, 1, 0, 0, 0, 0]","[0, 0, 3.8571428571428568, 1.4285714285714286, 4.0, 0.84]","[0, 0, 2.571428571428571, 0.75, 4.5, 1.12]","[0, 0, 5.711538461538462, 1.4615384615384615, 2.411764705882353, 5.2]","[0, 0, 2.417910447761194, 1.0746268656716418, 3.0, 1.0634920634920635]","[0, 0, 0.0, 2.0, 0.5, 0.5]","[0, 0, 3.375, 1.875, 1.5, 1.3333333333333333]","[0, 0, 0, 0, 0, 0]","[0, 0, 0, 0, 0, 0]","[0, 0, 0, 0, 0, 0]","[0, 0, 9.0, 1.875, 1.4, 1.3333333333333333]","[0, 0, 0, 0, 0, 0]","[0, 0, 0, 0, 0, 0]","[0, 0, 0, 0, 0, 0]","[1, 0, 4.295454545454545, 1.3636363636363638, 1.8125, 5.333333333333333]","[0, 0, 0, 0, 0, 0]","[0, 0, 18.0, 3.6666666666666665, 0.16666666666666666, 0.5]","[0, 0, 5.3076923076923075, 1.3076923076923077, 2.272727272727273, 5.571428571428571]","[0, 0, 0, 0, 0, 0]","[0, 0, 7.2, 1.6, 1.0, 5.0]","[0, 0, 0, 0, 0, 0]","[0, 0, 3.9193548387096775, 1.693548387096774, 1.6363636363636365, 1.2916666666666667]","[0, 0, 3.5217391304347827, 1.2608695652173914, 1.3571428571428572, 1.2105263157894737]","[0, 0, 5.510204081632653, 1.4081632653061225, 3.0, 0.6805555555555555]","[0, 1, 9.0, 1.7333333333333334, 1.1333333333333333, 0.7142857142857143]"
60,2020-07-18,20200718LTSS0,"[0, 0, 5.443548387096774, 1.6451612903225805, 2.4545454545454546, 5.166666666666667]","[0, 0, 0.0, 0.0, 0, 1.0]","[0, 0, 2.2901785714285716, 1.03125, 4.105263157894737, 6.222222222222222]","[0, 0, 0, 0, 0, 0]","[0, 0, 0.0, 3.0, 0.0, 0.3333333333333333]","[0, 0, 0, 0, 0, 0]","[0, 0, 8.709677419354838, 1.9354838709677418, 1.0, 0.7654320987654322]","[0, 0, 0, 0, 0, 0]","[0, 0, 0, 0, 0, 0]","[0, 0, 1.1911764705882353, 0.838235294117647, 4.0, 1.0793650793650795]","[0, 0, 0, 0, 0, 0]","[0, 1, 3.6818181818181817, 1.3636363636363635, 4.142857142857143, 0.8461538461538461]","[0, 1, 2.4827586206896552, 0.7586206896551724, 3.857142857142857, 1.1153846153846154]","[1, 0, 5.2105263157894735, 1.4736842105263157, 2.25, 5.181818181818182]","[0, 1, 2.739130434782609, 1.173913043478261, 3.0, 1.0454545454545454]","[0, 1, 0.0, 1.7999999999999998, 1.0, 0.5555555555555556]","[0, 0, 3.375, 1.875, 1.5, 1.3333333333333333]","[0, 0, 0, 0, 0, 0]","[0, 0, 0, 0, 0, 0]","[0, 0, 0, 0, 0, 0]","[0, 0, 9.0, 1.875, 1.4, 1.3333333333333333]","[0, 0, 0, 0, 0, 0]","[0, 0, 0, 0, 0, 0]","[0, 0, 0, 0, 0, 0]","[0, 0, 4.295454545454545, 1.3636363636363638, 1.8125, 5.333333333333333]","[0, 0, 0, 0, 0, 0]","[0, 0, 18.0, 3.6666666666666665, 0.16666666666666666, 0.5]","[0, 0, 5.3076923076923075, 1.3076923076923077, 2.272727272727273, 5.571428571428571]","[0, 1, 0, 0, 0, 0]","[0, 0, 7.2, 1.6, 1.0, 5.0]","[0, 0, 0, 0, 0, 0]","[0, 0, 3.9193548387096775, 1.693548387096774, 1.6363636363636365, 1.2916666666666667]","[0, 0, 3.5217391304347827, 1.2608695652173914, 1.3571428571428572, 1.2105263157894737]","[0, 0, 5.510204081632653, 1.4081632653061225, 3.0, 0.6805555555555555]","[0, 0, 9.0, 1.7333333333333334, 1.1333333333333333, 0.7142857142857143]"
61,2020-07-19,20200719LTSS0,"[0, 0, 5.443548387096774, 1.6451612903225805, 2.4545454545454546, 5.166666666666667]","[0, 0, 0.0, 0.0, 0, 1.0]","[1, 0, 2.068548387096774, 0.9677419354838709, 4.15, 6.3589743589743595]","[0, 0, 0, 0, 0, 0]","[0, 0, 0.0, 3.0, 0.0, 0.3333333333333333]","[0, 0, 0, 0, 0, 0]","[0, 0, 8.709677419354838, 1.9354838709677418, 1.0, 0.7654320987654322]","[0, 0, 0, 0, 0, 0]","[0, 0, 0, 0, 0, 0]","[0, 1, 1.1408450704225352, 0.8873239436619718, 4.0, 1.075757575757576]","[0, 0, 0, 0, 0, 0]","[0, 1, 4.304347826086956, 1.434782608695652, 4.142857142857143, 0.8518518518518519]","[0, 1, 2.4, 0.7333333333333333, 4.142857142857143, 1.1111111111111112]","[0, 0, 5.2105263157894735, 1.4736842105263157, 2.25, 5.181818181818182]","[0, 0, 2.739130434782609, 1.173913043478261, 3.0, 1.0454545454545454]","[0, 0, 0.0, 1.7999999999999998, 1.0, 0.5555555555555556]","[0, 0, 3.375, 1.875, 1.5, 1.3333333333333333]","[0, 0, 0, 0, 0, 0]","[0, 0, 0, 0, 0, 0]","[0, 0, 0, 0, 0, 0]","[0, 0, 9.0, 1.875, 1.4, 1.3333333333333333]","[0, 0, 0, 0, 0, 0]","[0, 0, 0, 0, 0, 0]","[0, 0, 0, 0, 0, 0]","[0, 0, 4.295454545454545, 1.3636363636363638, 1.8125, 5.333333333333333]","[0, 0, 0, 0, 0, 0]","[0, 0, 18.0, 3.6666666666666665, 0.16666666666666666, 0.5]","[0, 0, 5.3076923076923075, 1.3076923076923077, 2.272727272727273, 5.571428571428571]","[0, 0, 0, 0, 0, 0]","[0, 0, 7.2, 1.6, 1.0, 5.0]","[0, 0, 0, 0, 0, 0]","[0, 0, 3.9193548387096775, 1.693548387096774, 1.6363636363636365, 1.2916666666666667]","[0, 0, 3.5217391304347827, 1.2608695652173914, 1.3571428571428572, 1.2105263157894737]","[0, 0, 5.510204081632653, 1.4081632653061225, 3.0, 0.6805555555555555]","[0, 0, 9.0, 1.7333333333333334, 1.1333333333333333, 0.7142857142857143]"
