,date,game_key,임형원,안인산,라이트,김태경,정구범,이재학,김건태,강동연,홍성민,장현식,임정호,박진우,배재환,홍성무,구창모,최성영,김진호,김태현,소이현,김영규,신민혁,이승헌,루친스키,송명기,전사민,배민서,김진성,원종현,임창민,강윤구
0,2020-05-05,20200505NCSS0,"[0, 0, 0, 0, 0, 0]","[0, 0, 0, 0, 0, 0]","[0, 0, 0, 0, 0, 0]","[0, 0, 0, 0, 0, 0]","[0, 0, 0, 0, 0, 0]","[0, 0, 0, 0, 0, 0]","[0, 0, 0, 0, 0, 0]","[0, 0, 0, 0, 0, 0]","[0, 0, 0, 0, 0, 0]","[0, 0, 0, 0, 0, 0]","[0, 0, 0, 0, 0, 0]","[0, 0, 0, 0, 0, 0]","[0, 1, 0, 0, 0, 0]","[0, 0, 0, 0, 0, 0]","[0, 0, 0, 0, 0, 0]","[0, 0, 0, 0, 0, 0]","[0, 0, 0, 0, 0, 0]","[0, 0, 0, 0, 0, 0]","[0, 0, 0, 0, 0, 0]","[0, 0, 0, 0, 0, 0]","[0, 0, 0, 0, 0, 0]","[0, 0, 0, 0, 0, 0]","[1, 0, 0, 0, 0, 0]","[0, 0, 0, 0, 0, 0]","[0, 0, 0, 0, 0, 0]","[0, 0, 0, 0, 0, 0]","[0, 0, 0, 0, 0, 0]","[0, 1, 0, 0, 0, 0]","[0, 1, 0, 0, 0, 0]","[0, 1, 0, 0, 0, 0]"
1,2020-05-06,20200506NCSS0,"[0, 0, 0, 0, 0, 0]","[0, 0, 0, 0, 0, 0]","[1, 0, 0, 0, 0, 0]","[0, 0, 0, 0, 0, 0]","[0, 0, 0, 0, 0, 0]","[0, 0, 0, 0, 0, 0]","[0, 1, 0, 0, 0, 0]","[0, 0, 0, 0, 0, 0]","[0, 0, 0, 0, 0, 0]","[0, 0, 0, 0, 0, 0]","[0, 1, 0, 0, 0, 0]","[0, 1, 0, 0, 0, 0]","[0, 0, 0, 0, 0, 0]","[0, 0, 0, 0, 0, 0]","[0, 0, 0, 0, 0, 0]","[0, 0, 0, 0, 0, 0]","[0, 0, 0, 0, 0, 0]","[0, 0, 0, 0, 0, 0]","[0, 0, 0, 0, 0, 0]","[0, 0, 0, 0, 0, 0]","[0, 0, 0, 0, 0, 0]","[0, 0, 0, 0, 0, 0]","[0, 0, 0, 0, 0, 0]","[0, 0, 0, 0, 0, 0]","[0, 0, 0, 0, 0, 0]","[0, 0, 0, 0, 0, 0]","[0, 0, 0, 0, 0, 0]","[0, 1, 0.0, 0.0, 1, 0.6666666666666666]","[0, 1, 0.0, 0.0, 1, 1.0]","[0, 0, 0, 0, 0, 0]"
2,2020-05-07,20200507NCSS0,"[0, 0, 0, 0, 0, 0]","[0, 0, 0, 0, 0, 0]","[0, 0, 0, 0, 0, 0]","[0, 0, 0, 0, 0, 0]","[0, 0, 0, 0, 0, 0]","[0, 0, 0, 0, 0, 0]","[0, 0, 0, 0, 0, 0]","[0, 0, 0, 0, 0, 0]","[0, 0, 0, 0, 0, 0]","[0, 0, 0, 0, 0, 0]","[0, 0, 0, 0, 0, 0]","[0, 0, 0, 0, 0, 0]","[0, 0, 0, 0, 0, 0]","[0, 1, 0, 0, 0, 0]","[1, 0, 0, 0, 0, 0]","[0, 0, 0, 0, 0, 0]","[0, 0, 0, 0, 0, 0]","[0, 0, 0, 0, 0, 0]","[0, 0, 0, 0, 0, 0]","[0, 0, 0, 0, 0, 0]","[0, 0, 0, 0, 0, 0]","[0, 0, 0, 0, 0, 0]","[0, 0, 0, 0, 0, 0]","[0, 0, 0, 0, 0, 0]","[0, 0, 0, 0, 0, 0]","[0, 0, 0, 0, 0, 0]","[0, 0, 0, 0, 0, 0]","[0, 0, 0.0, 0.0, 1, 0.6666666666666666]","[0, 0, 0.0, 0.0, 1, 1.0]","[0, 0, 0, 0, 0, 0]"
3,2020-05-08,20200508LGNC0,"[0, 0, 0, 0, 0, 0]","[0, 0, 0, 0, 0, 0]","[0, 0, 0, 0, 0, 0]","[0, 0, 0, 0, 0, 0]","[0, 0, 0, 0, 0, 0]","[1, 0, 0, 0, 0, 0]","[0, 1, 0.0, 0.0, 2, 1.0]","[0, 0, 0, 0, 0, 0]","[0, 0, 0, 0, 0, 0]","[0, 0, 0, 0, 0, 0]","[0, 0, 0, 0, 0, 0]","[0, 1, 0.0, 0.0, 1, 1.0]","[0, 1, 0.0, 6.0, 0.0, 0.3333333333333333]","[0, 0, 0, 0, 0, 0]","[0, 0, 0, 0, 0, 0]","[0, 0, 0, 0, 0, 0]","[0, 0, 0, 0, 0, 0]","[0, 0, 0, 0, 0, 0]","[0, 0, 0, 0, 0, 0]","[0, 0, 0, 0, 0, 0]","[0, 0, 0, 0, 0, 0]","[0, 0, 0, 0, 0, 0]","[0, 0, 0, 0, 0, 0]","[0, 0, 0, 0, 0, 0]","[0, 0, 0, 0, 0, 0]","[0, 0, 0, 0, 0, 0]","[0, 0, 0, 0, 0, 0]","[0, 0, 0.0, 0.0, 1, 0.6666666666666666]","[0, 1, 0.0, 0.0, 1, 0.6666666666666666]","[0, 1, 0.0, 0.0, 0, 1.0]"
4,2020-05-10,20200510LGNC0,"[0, 0, 0, 0, 0, 0]","[0, 0, 0, 0, 0, 0]","[0, 0, 0, 0, 0, 0]","[0, 0, 0, 0, 0, 0]","[0, 0, 0, 0, 0, 0]","[0, 0, 0, 0, 0, 0]","[0, 1, 0.0, 0.5, 2, 1.0]","[0, 0, 0, 0, 0, 0]","[0, 0, 0, 0, 0, 0]","[0, 0, 0, 0, 0, 0]","[0, 1, 13.5, 1.5, 1, 0.6666666666666666]","[0, 1, 0.0, 0.6, 1, 0.8333333333333334]","[0, 1, 0.0, 1.5, 0.5, 0.6666666666666666]","[0, 0, 0, 0, 0, 0]","[0, 0, 0, 0, 0, 0]","[0, 0, 0, 0, 0, 0]","[0, 0, 0, 0, 0, 0]","[0, 0, 0, 0, 0, 0]","[0, 0, 0, 0, 0, 0]","[1, 0, 0, 0, 0, 0]","[0, 0, 0, 0, 0, 0]","[0, 0, 0, 0, 0, 0]","[0, 0, 0, 0, 0, 0]","[0, 0, 0, 0, 0, 0]","[0, 0, 0, 0, 0, 0]","[0, 0, 0, 0, 0, 0]","[0, 0, 0, 0, 0, 0]","[0, 0, 0.0, 0.0, 1, 0.6666666666666666]","[0, 1, 5.4, 0.6, 2, 0.5555555555555556]","[0, 1, 0.0, 1.2, 0.5, 0.8333333333333334]"
5,2020-05-12,20200512KTNC0,"[0, 0, 0, 0, 0, 0]","[0, 0, 0, 0, 0, 0]","[0, 0, 0, 0, 0, 0]","[0, 0, 0, 0, 0, 0]","[0, 0, 0, 0, 0, 0]","[0, 0, 0, 0, 0, 0]","[0, 1, 11.571428571428571, 1.7142857142857142, 2.0, 0.7777777777777778]","[0, 0, 0, 0, 0, 0]","[0, 0, 0, 0, 0, 0]","[0, 0, 0, 0, 0, 0]","[0, 0, 13.5, 1.5, 1, 0.6666666666666666]","[0, 1, 0.0, 0.42857142857142855, 2, 0.7777777777777778]","[0, 1, 0.0, 1.875, 0.25, 0.8888888888888888]","[0, 0, 0, 0, 0, 0]","[0, 0, 0, 0, 0, 0]","[0, 0, 0, 0, 0, 0]","[0, 0, 0, 0, 0, 0]","[0, 0, 0, 0, 0, 0]","[0, 0, 0, 0, 0, 0]","[0, 0, 0, 0, 0, 0]","[0, 0, 0, 0, 0, 0]","[0, 0, 0, 0, 0, 0]","[1, 0, 0.0, 1.1666666666666667, 1.5, 6.0]","[0, 0, 0, 0, 0, 0]","[0, 0, 0, 0, 0, 0]","[0, 0, 0, 0, 0, 0]","[0, 0, 0, 0, 0, 0]","[0, 1, 0.0, 0.0, 1, 0.8333333333333334]","[0, 0, 5.4, 0.6, 2, 0.5555555555555556]","[0, 1, 0.0, 1.2857142857142856, 0.3333333333333333, 0.7777777777777778]"
6,2020-05-13,20200513KTNC0,"[0, 0, 0, 0, 0, 0]","[0, 0, 0, 0, 0, 0]","[1, 0, 3.6, 1.0, 7.0, 5.0]","[0, 0, 0, 0, 0, 0]","[0, 0, 0, 0, 0, 0]","[0, 0, 0, 0, 0, 0]","[0, 0, 11.571428571428571, 1.7142857142857142, 2.0, 0.7777777777777778]","[0, 0, 0, 0, 0, 0]","[0, 0, 0, 0, 0, 0]","[0, 0, 0, 0, 0, 0]","[0, 1, 6.75, 1.5, 1.0, 0.6666666666666666]","[0, 1, 0.0, 0.3333333333333333, 3, 0.75]","[0, 0, 0.0, 1.875, 0.25, 0.8888888888888888]","[0, 0, 0, 0, 0, 0]","[0, 0, 0, 0, 0, 0]","[0, 0, 0, 0, 0, 0]","[0, 0, 0, 0, 0, 0]","[0, 0, 0, 0, 0, 0]","[0, 0, 0, 0, 0, 0]","[0, 0, 0, 0, 0, 0]","[0, 0, 0, 0, 0, 0]","[0, 0, 0, 0, 0, 0]","[0, 0, 0.0, 1.1666666666666667, 1.5, 6.0]","[0, 0, 0, 0, 0, 0]","[0, 0, 0, 0, 0, 0]","[0, 0, 0, 0, 0, 0]","[0, 0, 0, 0, 0, 0]","[0, 1, 0.0, 0.375, 2.0, 0.8888888888888888]","[0, 1, 22.5, 2.5, 3, 0.5]","[0, 0, 0.0, 1.2857142857142856, 0.3333333333333333, 0.7777777777777778]"
7,2020-05-14,20200514KTNC0,"[0, 0, 0, 0, 0, 0]","[0, 0, 0, 0, 0, 0]","[0, 0, 3.6, 1.0, 7.0, 5.0]","[0, 0, 0, 0, 0, 0]","[0, 0, 0, 0, 0, 0]","[0, 0, 0, 0, 0, 0]","[0, 0, 11.571428571428571, 1.7142857142857142, 2.0, 0.7777777777777778]","[0, 0, 0, 0, 0, 0]","[0, 0, 0, 0, 0, 0]","[0, 0, 0, 0, 0, 0]","[0, 1, 5.4, 1.2, 1.0, 0.5555555555555556]","[0, 0, 0.0, 0.3333333333333333, 3, 0.75]","[0, 0, 0.0, 1.875, 0.25, 0.8888888888888888]","[0, 0, 0, 0, 0, 0]","[1, 0, 0.0, 0.6666666666666666, 4.0, 6.0]","[0, 0, 0, 0, 0, 0]","[0, 0, 0, 0, 0, 0]","[0, 0, 0, 0, 0, 0]","[0, 0, 0, 0, 0, 0]","[0, 0, 0, 0, 0, 0]","[0, 0, 0, 0, 0, 0]","[0, 0, 0, 0, 0, 0]","[0, 0, 0.0, 1.1666666666666667, 1.5, 6.0]","[0, 0, 0, 0, 0, 0]","[0, 0, 0, 0, 0, 0]","[0, 0, 0, 0, 0, 0]","[0, 0, 0, 0, 0, 0]","[0, 1, 2.4545454545454546, 0.5454545454545455, 3.0, 0.9166666666666666]","[0, 0, 22.5, 2.5, 3, 0.5]","[0, 0, 0.0, 1.2857142857142856, 0.3333333333333333, 0.7777777777777778]"
8,2020-05-15,20200515NCSK0,"[0, 0, 0, 0, 0, 0]","[0, 0, 0, 0, 0, 0]","[0, 0, 3.6, 1.0, 7.0, 5.0]","[0, 0, 0, 0, 0, 0]","[0, 0, 0, 0, 0, 0]","[1, 0, 6.75, 1.5, 3.0, 5.333333333333333]","[0, 1, 8.1, 1.2, 4.0, 0.8333333333333334]","[0, 1, 0, 0, 0, 0]","[0, 0, 0, 0, 0, 0]","[0, 0, 0, 0, 0, 0]","[0, 0, 5.4, 1.2, 1.0, 0.5555555555555556]","[0, 1, 1.9285714285714284, 0.42857142857142855, 3, 0.9333333333333333]","[0, 0, 0.0, 1.875, 0.25, 0.8888888888888888]","[0, 0, 0, 0, 0, 0]","[0, 0, 0.0, 0.6666666666666666, 4.0, 6.0]","[0, 0, 0, 0, 0, 0]","[0, 0, 0, 0, 0, 0]","[0, 0, 0, 0, 0, 0]","[0, 0, 0, 0, 0, 0]","[0, 0, 0, 0, 0, 0]","[0, 0, 0, 0, 0, 0]","[0, 0, 0, 0, 0, 0]","[0, 0, 0.0, 1.1666666666666667, 1.5, 6.0]","[0, 0, 0, 0, 0, 0]","[0, 0, 0, 0, 0, 0]","[0, 0, 0, 0, 0, 0]","[0, 0, 0, 0, 0, 0]","[0, 0, 2.4545454545454546, 0.5454545454545455, 3.0, 0.9166666666666666]","[0, 1, 15.0, 2.0, 5, 0.6]","[0, 1, 2.7, 1.5, 0.6666666666666666, 0.8333333333333334]"
9,2020-05-16,20200516NCSK0,"[0, 0, 0, 0, 0, 0]","[0, 0, 0, 0, 0, 0]","[0, 0, 3.6, 1.0, 7.0, 5.0]","[0, 0, 0, 0, 0, 0]","[0, 0, 0, 0, 0, 0]","[0, 0, 6.75, 1.5, 3.0, 5.333333333333333]","[0, 0, 8.1, 1.2, 4.0, 0.8333333333333334]","[0, 0, 0, 0, 0, 0]","[0, 0, 0, 0, 0, 0]","[0, 0, 0, 0, 0, 0]","[0, 1, 3.8571428571428568, 0.8571428571428571, 1.0, 0.5833333333333334]","[0, 1, 1.6875, 0.5625, 3.0, 0.8888888888888888]","[0, 1, 0.0, 2.181818181818182, 0.2, 0.9166666666666666]","[0, 0, 0, 0, 0, 0]","[0, 0, 0.0, 0.6666666666666666, 4.0, 6.0]","[0, 0, 0, 0, 0, 0]","[0, 0, 0, 0, 0, 0]","[0, 0, 0, 0, 0, 0]","[0, 0, 0, 0, 0, 0]","[1, 0, 5.4, 1.6, 4, 5.0]","[0, 0, 0, 0, 0, 0]","[0, 0, 0, 0, 0, 0]","[0, 0, 0.0, 1.1666666666666667, 1.5, 6.0]","[0, 0, 0, 0, 0, 0]","[0, 0, 0, 0, 0, 0]","[0, 0, 0, 0, 0, 0]","[0, 0, 0, 0, 0, 0]","[0, 1, 2.25, 1.0, 4.0, 0.8]","[0, 0, 15.0, 2.0, 5, 0.6]","[0, 1, 2.25, 1.25, 0.6666666666666666, 0.8]"
10,2020-05-17,20200517NCSK0,"[0, 0, 0, 0, 0, 0]","[0, 0, 0, 0, 0, 0]","[0, 0, 3.6, 1.0, 7.0, 5.0]","[0, 0, 0, 0, 0, 0]","[0, 0, 0, 0, 0, 0]","[0, 0, 6.75, 1.5, 3.0, 5.333333333333333]","[0, 1, 6.75, 1.25, 3.0, 0.8]","[0, 1, 0.0, 0.0, 0, 1.3333333333333333]","[0, 0, 0, 0, 0, 0]","[0, 0, 0, 0, 0, 0]","[0, 0, 3.8571428571428568, 0.8571428571428571, 1.0, 0.5833333333333334]","[0, 0, 1.6875, 0.5625, 3.0, 0.8888888888888888]","[0, 1, 0.0, 1.9285714285714284, 0.2, 0.9333333333333333]","[0, 0, 0, 0, 0, 0]","[0, 0, 0.0, 0.6666666666666666, 4.0, 6.0]","[0, 0, 0, 0, 0, 0]","[0, 0, 0, 0, 0, 0]","[0, 0, 0, 0, 0, 0]","[0, 0, 0, 0, 0, 0]","[0, 0, 5.4, 1.6, 4, 5.0]","[0, 0, 0, 0, 0, 0]","[0, 0, 0, 0, 0, 0]","[1, 0, 3.9705882352941178, 1.588235294117647, 2.4, 5.666666666666667]","[0, 1, 0, 0, 0, 0]","[0, 0, 0, 0, 0, 0]","[0, 0, 0, 0, 0, 0]","[0, 0, 0, 0, 0, 0]","[0, 0, 2.25, 1.0, 4.0, 0.8]","[0, 0, 15.0, 2.0, 5, 0.6]","[0, 0, 2.25, 1.25, 0.6666666666666666, 0.8]"
11,2020-05-19,20200519NCOB0,"[0, 0, 0, 0, 0, 0]","[0, 0, 0, 0, 0, 0]","[1, 0, 2.4545454545454546, 1.0909090909090908, 3.6666666666666665, 5.5]","[0, 0, 0, 0, 0, 0]","[0, 0, 0, 0, 0, 0]","[0, 0, 6.75, 1.5, 3.0, 5.333333333333333]","[0, 0, 6.75, 1.25, 3.0, 0.8]","[0, 0, 0.0, 0.0, 0, 1.3333333333333333]","[0, 0, 0, 0, 0, 0]","[0, 0, 0, 0, 0, 0]","[0, 1, 3.375, 1.125, 1.0, 0.5333333333333333]","[0, 1, 1.588235294117647, 0.5294117647058824, 4.0, 0.8095238095238095]","[0, 1, 0.0, 1.7647058823529411, 0.6, 0.9444444444444445]","[0, 0, 0, 0, 0, 0]","[0, 0, 0.0, 0.6666666666666666, 4.0, 6.0]","[0, 0, 0, 0, 0, 0]","[0, 0, 0, 0, 0, 0]","[0, 0, 0, 0, 0, 0]","[0, 0, 0, 0, 0, 0]","[0, 0, 5.4, 1.6, 4, 5.0]","[0, 0, 0, 0, 0, 0]","[0, 0, 0, 0, 0, 0]","[0, 0, 3.9705882352941178, 1.588235294117647, 2.4, 5.666666666666667]","[0, 0, 0, 0, 0, 0]","[0, 0, 0, 0, 0, 0]","[0, 0, 0, 0, 0, 0]","[0, 0, 0, 0, 0, 0]","[0, 1, 1.8, 1.0, 2.5, 0.8333333333333334]","[0, 0, 15.0, 2.0, 5, 0.6]","[0, 1, 2.076923076923077, 1.153846153846154, 0.6666666666666666, 0.7222222222222222]"
12,2020-05-20,20200520NCOB0,"[0, 0, 0, 0, 0, 0]","[0, 0, 0, 0, 0, 0]","[0, 0, 2.4545454545454546, 1.0909090909090908, 3.6666666666666665, 5.5]","[0, 0, 0, 0, 0, 0]","[0, 0, 0, 0, 0, 0]","[0, 0, 6.75, 1.5, 3.0, 5.333333333333333]","[0, 1, 5.785714285714286, 1.0714285714285714, 3.5, 0.7777777777777778]","[0, 1, 0.0, 0.42857142857142855, 2.0, 1.1666666666666667]","[0, 0, 0, 0, 0, 0]","[0, 0, 0, 0, 0, 0]","[0, 1, 2.7, 1.5, 0.5, 0.5555555555555556]","[0, 1, 1.35, 0.44999999999999996, 4.0, 0.8333333333333334]","[0, 0, 0.0, 1.7647058823529411, 0.6, 0.9444444444444445]","[0, 0, 0, 0, 0, 0]","[1, 0, 0.0, 0.6428571428571429, 6.0, 7.0]","[0, 0, 0, 0, 0, 0]","[0, 0, 0, 0, 0, 0]","[0, 0, 0, 0, 0, 0]","[0, 0, 0, 0, 0, 0]","[0, 0, 5.4, 1.6, 4, 5.0]","[0, 0, 0, 0, 0, 0]","[0, 0, 0, 0, 0, 0]","[0, 0, 3.9705882352941178, 1.588235294117647, 2.4, 5.666666666666667]","[0, 0, 0, 0, 0, 0]","[0, 0, 0, 0, 0, 0]","[0, 0, 0, 0, 0, 0]","[0, 0, 0, 0, 0, 0]","[0, 0, 1.8, 1.0, 2.5, 0.8333333333333334]","[0, 0, 15.0, 2.0, 5, 0.6]","[0, 1, 5.4, 1.8, 1.0, 0.7142857142857143]"
13,2020-05-21,20200521NCOB0,"[0, 0, 0, 0, 0, 0]","[0, 0, 0, 0, 0, 0]","[0, 0, 2.4545454545454546, 1.0909090909090908, 3.6666666666666665, 5.5]","[0, 0, 0, 0, 0, 0]","[0, 0, 0, 0, 0, 0]","[1, 0, 3.9705882352941178, 0.9705882352941176, 3.3333333333333335, 5.666666666666667]","[0, 0, 5.785714285714286, 1.0714285714285714, 3.5, 0.7777777777777778]","[0, 0, 0.0, 0.42857142857142855, 2.0, 1.1666666666666667]","[0, 0, 0, 0, 0, 0]","[0, 1, 0, 0, 0, 0]","[0, 0, 2.7, 1.5, 0.5, 0.5555555555555556]","[0, 0, 1.35, 0.44999999999999996, 4.0, 0.8333333333333334]","[0, 1, 3.0, 2.0, 0.42857142857142855, 0.8571428571428571]","[0, 0, 0, 0, 0, 0]","[0, 0, 0.0, 0.6428571428571429, 6.0, 7.0]","[0, 0, 0, 0, 0, 0]","[0, 0, 0, 0, 0, 0]","[0, 0, 0, 0, 0, 0]","[0, 0, 0, 0, 0, 0]","[0, 0, 5.4, 1.6, 4, 5.0]","[0, 0, 0, 0, 0, 0]","[0, 0, 0, 0, 0, 0]","[0, 0, 3.9705882352941178, 1.588235294117647, 2.4, 5.666666666666667]","[0, 0, 0, 0, 0, 0]","[0, 0, 0, 0, 0, 0]","[0, 0, 0, 0, 0, 0]","[0, 0, 0, 0, 0, 0]","[0, 0, 1.8, 1.0, 2.5, 0.8333333333333334]","[0, 0, 15.0, 2.0, 5, 0.6]","[0, 0, 5.4, 1.8, 1.0, 0.7142857142857143]"
14,2020-05-22,20200522HHNC0,"[0, 0, 0, 0, 0, 0]","[0, 0, 0, 0, 0, 0]","[0, 0, 2.4545454545454546, 1.0909090909090908, 3.6666666666666665, 5.5]","[0, 0, 0, 0, 0, 0]","[0, 0, 0, 0, 0, 0]","[0, 0, 3.9705882352941178, 0.9705882352941176, 3.3333333333333335, 5.666666666666667]","[0, 1, 5.4, 1.2, 2.3333333333333335, 0.7142857142857143]","[0, 1, 3.0, 0.6666666666666666, 1.0, 1.0]","[0, 0, 0, 0, 0, 0]","[0, 0, 0, 0, 0, 0]","[0, 0, 2.7, 1.5, 0.5, 0.5555555555555556]","[0, 0, 1.35, 0.44999999999999996, 4.0, 0.8333333333333334]","[0, 0, 3.0, 2.0, 0.42857142857142855, 0.8571428571428571]","[0, 0, 0, 0, 0, 0]","[0, 0, 0.0, 0.6428571428571429, 6.0, 7.0]","[0, 0, 0, 0, 0, 0]","[0, 0, 0, 0, 0, 0]","[0, 0, 0, 0, 0, 0]","[0, 0, 0, 0, 0, 0]","[1, 0, 3.272727272727273, 1.0909090909090908, 9, 5.5]","[0, 0, 0, 0, 0, 0]","[0, 0, 0, 0, 0, 0]","[0, 0, 3.9705882352941178, 1.588235294117647, 2.4, 5.666666666666667]","[0, 0, 0, 0, 0, 0]","[0, 0, 0, 0, 0, 0]","[0, 0, 0, 0, 0, 0]","[0, 0, 0, 0, 0, 0]","[0, 0, 1.8, 1.0, 2.5, 0.8333333333333334]","[0, 0, 15.0, 2.0, 5, 0.6]","[0, 1, 5.4, 2.0, 1.0, 0.625]"
15,2020-05-23,20200523HHNC0,"[0, 0, 0, 0, 0, 0]","[0, 0, 0, 0, 0, 0]","[0, 0, 2.4545454545454546, 1.0909090909090908, 3.6666666666666665, 5.5]","[0, 0, 0, 0, 0, 0]","[0, 0, 0, 0, 0, 0]","[0, 0, 3.9705882352941178, 0.9705882352941176, 3.3333333333333335, 5.666666666666667]","[0, 0, 5.4, 1.2, 2.3333333333333335, 0.7142857142857143]","[0, 0, 3.0, 0.6666666666666666, 1.0, 1.0]","[0, 0, 0, 0, 0, 0]","[0, 0, 0, 0, 0, 0]","[0, 0, 2.7, 1.5, 0.5, 0.5555555555555556]","[0, 0, 1.35, 0.44999999999999996, 4.0, 0.8333333333333334]","[0, 0, 3.0, 2.0, 0.42857142857142855, 0.8571428571428571]","[0, 0, 0, 0, 0, 0]","[0, 0, 0.0, 0.6428571428571429, 6.0, 7.0]","[0, 0, 0, 0, 0, 0]","[0, 0, 0, 0, 0, 0]","[0, 0, 0, 0, 0, 0]","[0, 0, 0, 0, 0, 0]","[0, 0, 3.272727272727273, 1.0909090909090908, 9, 5.5]","[0, 0, 0, 0, 0, 0]","[0, 0, 0, 0, 0, 0]","[1, 0, 3.6346153846153846, 1.5576923076923077, 2.3333333333333335, 5.777777777777778]","[0, 0, 0, 0, 0, 0]","[0, 0, 0, 0, 0, 0]","[0, 0, 0, 0, 0, 0]","[0, 0, 0, 0, 0, 0]","[0, 1, 1.4210526315789473, 0.9473684210526316, 3.5, 0.9047619047619048]","[0, 0, 15.0, 2.0, 5, 0.6]","[0, 0, 5.4, 2.0, 1.0, 0.625]"
16,2020-05-24,20200524HHNC0,"[0, 0, 0, 0, 0, 0]","[0, 0, 0, 0, 0, 0]","[1, 0, 1.6875, 1.3125, 2.0, 5.333333333333333]","[0, 0, 0, 0, 0, 0]","[0, 0, 0, 0, 0, 0]","[0, 0, 3.9705882352941178, 0.9705882352941176, 3.3333333333333335, 5.666666666666667]","[0, 0, 5.4, 1.2, 2.3333333333333335, 0.7142857142857143]","[0, 0, 3.0, 0.6666666666666666, 1.0, 1.0]","[0, 0, 0, 0, 0, 0]","[0, 1, 9.0, 1.0, 0, 2.0]","[0, 1, 2.076923076923077, 1.153846153846154, 1.5, 0.619047619047619]","[0, 1, 1.2857142857142856, 0.5714285714285714, 2.0, 0.7777777777777778]","[0, 1, 2.25, 1.625, 0.5714285714285714, 1.0]","[0, 0, 0, 0, 0, 0]","[0, 0, 0.0, 0.6428571428571429, 6.0, 7.0]","[0, 0, 0, 0, 0, 0]","[0, 0, 0, 0, 0, 0]","[0, 0, 0, 0, 0, 0]","[0, 0, 0, 0, 0, 0]","[0, 0, 3.272727272727273, 1.0909090909090908, 9, 5.5]","[0, 0, 0, 0, 0, 0]","[0, 0, 0, 0, 0, 0]","[0, 0, 3.6346153846153846, 1.5576923076923077, 2.3333333333333335, 5.777777777777778]","[0, 0, 0, 0, 0, 0]","[0, 0, 0, 0, 0, 0]","[0, 0, 0, 0, 0, 0]","[0, 0, 0, 0, 0, 0]","[0, 0, 1.4210526315789473, 0.9473684210526316, 3.5, 0.9047619047619048]","[0, 0, 15.0, 2.0, 5, 0.6]","[0, 1, 4.263157894736842, 1.5789473684210527, 1.3333333333333333, 0.7037037037037037]"
17,2020-05-26,20200526WONC0,"[0, 0, 0, 0, 0, 0]","[0, 0, 0, 0, 0, 0]","[0, 0, 1.6875, 1.3125, 2.0, 5.333333333333333]","[0, 0, 0, 0, 0, 0]","[0, 0, 0, 0, 0, 0]","[0, 0, 3.9705882352941178, 0.9705882352941176, 3.3333333333333335, 5.666666666666667]","[0, 0, 5.4, 1.2, 2.3333333333333335, 0.7142857142857143]","[0, 0, 3.0, 0.6666666666666666, 1.0, 1.0]","[0, 0, 0, 0, 0, 0]","[0, 0, 9.0, 1.0, 0, 2.0]","[0, 1, 4.153846153846154, 1.6153846153846154, 1.5, 0.5416666666666666]","[0, 1, 1.125, 0.625, 1.6666666666666667, 0.8]","[0, 0, 2.25, 1.625, 0.5714285714285714, 1.0]","[0, 0, 0, 0, 0, 0]","[1, 0, 0.4090909090909091, 0.5454545454545454, 6.25, 7.333333333333333]","[0, 0, 0, 0, 0, 0]","[0, 0, 0, 0, 0, 0]","[0, 0, 0, 0, 0, 0]","[0, 0, 0, 0, 0, 0]","[0, 0, 3.272727272727273, 1.0909090909090908, 9, 5.5]","[0, 0, 0, 0, 0, 0]","[0, 0, 0, 0, 0, 0]","[0, 0, 3.6346153846153846, 1.5576923076923077, 2.3333333333333335, 5.777777777777778]","[0, 0, 0, 0, 0, 0]","[0, 0, 0, 0, 0, 0]","[0, 0, 0, 0, 0, 0]","[0, 0, 0, 0, 0, 0]","[0, 1, 1.2272727272727273, 1.090909090909091, 3.5, 0.9166666666666666]","[0, 0, 15.0, 2.0, 5, 0.6]","[0, 0, 4.263157894736842, 1.5789473684210527, 1.3333333333333333, 0.7037037037037037]"
18,2020-05-27,20200527WONC0,"[0, 0, 0, 0, 0, 0]","[0, 0, 0, 0, 0, 0]","[0, 0, 1.6875, 1.3125, 2.0, 5.333333333333333]","[0, 0, 0, 0, 0, 0]","[0, 0, 0, 0, 0, 0]","[1, 0, 4.959183673469388, 1.3469387755102042, 1.8333333333333333, 5.444444444444444]","[0, 1, 4.05, 1.05, 2.6666666666666665, 0.8333333333333334]","[0, 1, 2.25, 0.75, 1.5, 1.0]","[0, 0, 0, 0, 0, 0]","[0, 1, 6.0, 1.3333333333333333, 0.0, 1.5]","[0, 0, 4.153846153846154, 1.6153846153846154, 1.5, 0.5416666666666666]","[0, 0, 1.125, 0.625, 1.6666666666666667, 0.8]","[0, 1, 2.16, 1.5599999999999998, 0.5714285714285714, 0.925925925925926]","[0, 0, 0, 0, 0, 0]","[0, 0, 0.4090909090909091, 0.5454545454545454, 6.25, 7.333333333333333]","[0, 0, 0, 0, 0, 0]","[0, 0, 0, 0, 0, 0]","[0, 0, 0, 0, 0, 0]","[0, 0, 0, 0, 0, 0]","[0, 0, 3.272727272727273, 1.0909090909090908, 9, 5.5]","[0, 0, 0, 0, 0, 0]","[0, 0, 0, 0, 0, 0]","[0, 0, 3.6346153846153846, 1.5576923076923077, 2.3333333333333335, 5.777777777777778]","[0, 0, 0, 0, 0, 0]","[0, 0, 0, 0, 0, 0]","[0, 0, 0, 0, 0, 0]","[0, 0, 0, 0, 0, 0]","[0, 0, 1.2272727272727273, 1.090909090909091, 3.5, 0.9166666666666666]","[0, 0, 15.0, 2.0, 5, 0.6]","[0, 1, 3.8571428571428568, 1.7142857142857142, 1.6666666666666667, 0.7]"
19,2020-05-28,20200528WONC0,"[0, 0, 0, 0, 0, 0]","[0, 0, 0, 0, 0, 0]","[0, 0, 1.6875, 1.3125, 2.0, 5.333333333333333]","[0, 0, 0, 0, 0, 0]","[0, 0, 0, 0, 0, 0]","[0, 0, 4.959183673469388, 1.3469387755102042, 1.8333333333333333, 5.444444444444444]","[0, 0, 4.05, 1.05, 2.6666666666666665, 0.8333333333333334]","[0, 0, 2.25, 0.75, 1.5, 1.0]","[0, 0, 0, 0, 0, 0]","[0, 0, 6.0, 1.3333333333333333, 0.0, 1.5]","[0, 1, 3.8571428571428568, 1.5, 2.0, 0.5185185185185186]","[0, 1, 2.16, 1.0799999999999998, 1.0, 0.7575757575757577]","[0, 1, 2.076923076923077, 1.5, 0.7142857142857143, 0.8666666666666666]","[0, 0, 0, 0, 0, 0]","[0, 0, 0.4090909090909091, 0.5454545454545454, 6.25, 7.333333333333333]","[0, 1, 0, 0, 0, 0]","[0, 0, 0, 0, 0, 0]","[0, 0, 0, 0, 0, 0]","[0, 0, 0, 0, 0, 0]","[1, 0, 3.9375000000000004, 1.1875, 12.0, 5.333333333333333]","[0, 0, 0, 0, 0, 0]","[0, 0, 0, 0, 0, 0]","[0, 0, 3.6346153846153846, 1.5576923076923077, 2.3333333333333335, 5.777777777777778]","[0, 0, 0, 0, 0, 0]","[0, 0, 0, 0, 0, 0]","[0, 0, 0, 0, 0, 0]","[0, 0, 0, 0, 0, 0]","[0, 1, 1.0384615384615385, 0.9230769230769231, 3.5, 0.9629629629629629]","[0, 0, 15.0, 2.0, 5, 0.6]","[0, 0, 3.8571428571428568, 1.7142857142857142, 1.6666666666666667, 0.7]"
20,2020-05-29,20200529NCSS0,"[0, 0, 0, 0, 0, 0]","[0, 0, 0, 0, 0, 0]","[0, 0, 1.6875, 1.3125, 2.0, 5.333333333333333]","[0, 0, 0, 0, 0, 0]","[0, 0, 0, 0, 0, 0]","[0, 0, 4.959183673469388, 1.3469387755102042, 1.8333333333333333, 5.444444444444444]","[0, 0, 4.05, 1.05, 2.6666666666666665, 0.8333333333333334]","[0, 0, 2.25, 0.75, 1.5, 1.0]","[0, 0, 0, 0, 0, 0]","[0, 0, 6.0, 1.3333333333333333, 0.0, 1.5]","[0, 1, 3.0, 1.3333333333333333, 2.0, 0.6]","[0, 0, 2.16, 1.0799999999999998, 1.0, 0.7575757575757577]","[0, 0, 2.076923076923077, 1.5, 0.7142857142857143, 0.8666666666666666]","[0, 0, 0, 0, 0, 0]","[0, 0, 0.4090909090909091, 0.5454545454545454, 6.25, 7.333333333333333]","[0, 0, 0, 0, 0, 0]","[0, 0, 0, 0, 0, 0]","[0, 0, 0, 0, 0, 0]","[0, 0, 0, 0, 0, 0]","[0, 0, 3.9375000000000004, 1.1875, 12.0, 5.333333333333333]","[0, 0, 0, 0, 0, 0]","[0, 0, 0, 0, 0, 0]","[1, 0, 2.486842105263158, 1.2631578947368423, 3.2857142857142856, 6.333333333333333]","[0, 0, 0, 0, 0, 0]","[0, 0, 0, 0, 0, 0]","[0, 0, 0, 0, 0, 0]","[0, 0, 0, 0, 0, 0]","[0, 1, 0.9642857142857142, 0.8571428571428571, 3.5, 0.9333333333333333]","[0, 0, 15.0, 2.0, 5, 0.6]","[0, 0, 3.8571428571428568, 1.7142857142857142, 1.6666666666666667, 0.7]"
21,2020-05-30,20200530NCSS0,"[0, 0, 0, 0, 0, 0]","[0, 0, 0, 0, 0, 0]","[1, 0, 2.8636363636363638, 1.1363636363636365, 2.0, 5.5]","[0, 0, 0, 0, 0, 0]","[0, 0, 0, 0, 0, 0]","[0, 0, 4.959183673469388, 1.3469387755102042, 1.8333333333333333, 5.444444444444444]","[0, 1, 3.6818181818181817, 0.9545454545454546, 2.6666666666666665, 0.8148148148148148]","[0, 0, 2.25, 0.75, 1.5, 1.0]","[0, 0, 0, 0, 0, 0]","[0, 0, 6.0, 1.3333333333333333, 0.0, 1.5]","[0, 0, 3.0, 1.3333333333333333, 2.0, 0.6]","[0, 0, 2.16, 1.0799999999999998, 1.0, 0.7575757575757577]","[0, 1, 1.8620689655172413, 1.6551724137931036, 0.6666666666666666, 0.8787878787878788]","[0, 1, 6.0, 2.0, 0.0, 3.0]","[0, 0, 0.4090909090909091, 0.5454545454545454, 6.25, 7.333333333333333]","[0, 0, 0, 0, 0, 0]","[0, 0, 0, 0, 0, 0]","[0, 0, 0, 0, 0, 0]","[0, 0, 0, 0, 0, 0]","[0, 0, 3.9375000000000004, 1.1875, 12.0, 5.333333333333333]","[0, 0, 0, 0, 0, 0]","[0, 0, 0, 0, 0, 0]","[0, 0, 2.486842105263158, 1.2631578947368423, 3.2857142857142856, 6.333333333333333]","[0, 0, 0, 0, 0, 0]","[0, 0, 0, 0, 0, 0]","[0, 0, 0, 0, 0, 0]","[0, 0, 0, 0, 0, 0]","[0, 0, 0.9642857142857142, 0.8571428571428571, 3.5, 0.9333333333333333]","[0, 0, 15.0, 2.0, 5, 0.6]","[0, 0, 3.8571428571428568, 1.7142857142857142, 1.6666666666666667, 0.7]"
22,2020-05-31,20200531NCSS0,"[0, 0, 0, 0, 0, 0]","[0, 0, 0, 0, 0, 0]","[0, 0, 2.8636363636363638, 1.1363636363636365, 2.0, 5.5]","[0, 0, 0, 0, 0, 0]","[0, 0, 0, 0, 0, 0]","[0, 0, 4.959183673469388, 1.3469387755102042, 1.8333333333333333, 5.444444444444444]","[0, 0, 3.6818181818181817, 0.9545454545454546, 2.6666666666666665, 0.8148148148148148]","[0, 1, 4.153846153846154, 1.6153846153846154, 1.5, 0.8666666666666666]","[0, 0, 0, 0, 0, 0]","[0, 1, 4.5, 1.0, 2.0, 1.3333333333333333]","[0, 0, 3.0, 1.3333333333333333, 2.0, 0.6]","[0, 1, 3.0, 1.2222222222222223, 1.0, 0.75]","[0, 0, 1.8620689655172413, 1.6551724137931036, 0.6666666666666666, 0.8787878787878788]","[0, 0, 6.0, 2.0, 0.0, 3.0]","[1, 0, 0.6206896551724138, 0.6551724137931034, 4.0, 7.25]","[0, 0, 0, 0, 0, 0]","[0, 0, 0, 0, 0, 0]","[0, 0, 0, 0, 0, 0]","[0, 0, 0, 0, 0, 0]","[0, 0, 3.9375000000000004, 1.1875, 12.0, 5.333333333333333]","[0, 0, 0, 0, 0, 0]","[0, 0, 0, 0, 0, 0]","[0, 0, 2.486842105263158, 1.2631578947368423, 3.2857142857142856, 6.333333333333333]","[0, 0, 0, 0, 0, 0]","[0, 0, 0, 0, 0, 0]","[0, 0, 0, 0, 0, 0]","[0, 0, 0, 0, 0, 0]","[0, 0, 0.9642857142857142, 0.8571428571428571, 3.5, 0.9333333333333333]","[0, 0, 15.0, 2.0, 5, 0.6]","[0, 0, 3.8571428571428568, 1.7142857142857142, 1.6666666666666667, 0.7]"
23,2020-06-02,20200602SKNC0,"[0, 0, 0, 0, 0, 0]","[0, 0, 0, 0, 0, 0]","[0, 0, 2.8636363636363638, 1.1363636363636365, 2.0, 5.5]","[0, 0, 0, 0, 0, 0]","[0, 0, 0, 0, 0, 0]","[1, 0, 4.36764705882353, 1.3235294117647058, 2.125, 5.666666666666667]","[0, 1, 7.043478260869565, 1.3043478260869565, 1.6, 0.7666666666666667]","[0, 1, 8.4375, 2.0625, 1.5, 0.8888888888888888]","[0, 0, 0, 0, 0, 0]","[0, 1, 11.25, 2.0, 1.0, 1.0]","[0, 0, 3.0, 1.3333333333333333, 2.0, 0.6]","[0, 0, 3.0, 1.2222222222222223, 1.0, 0.75]","[0, 0, 1.8620689655172413, 1.6551724137931036, 0.6666666666666666, 0.8787878787878788]","[0, 1, 8.307692307692308, 2.307692307692308, 0.0, 2.1666666666666665]","[0, 0, 0.6206896551724138, 0.6551724137931034, 4.0, 7.25]","[0, 0, 0, 0, 0, 0]","[0, 0, 0, 0, 0, 0]","[0, 0, 0, 0, 0, 0]","[0, 0, 0, 0, 0, 0]","[0, 0, 3.9375000000000004, 1.1875, 12.0, 5.333333333333333]","[0, 0, 0, 0, 0, 0]","[0, 0, 0, 0, 0, 0]","[0, 0, 2.486842105263158, 1.2631578947368423, 3.2857142857142856, 6.333333333333333]","[0, 0, 0, 0, 0, 0]","[0, 0, 0, 0, 0, 0]","[0, 0, 0, 0, 0, 0]","[0, 0, 0, 0, 0, 0]","[0, 0, 0.9642857142857142, 0.8571428571428571, 3.5, 0.9333333333333333]","[0, 0, 15.0, 2.0, 5, 0.6]","[0, 0, 3.8571428571428568, 1.7142857142857142, 1.6666666666666667, 0.7]"
24,2020-06-03,20200603SKNC0,"[0, 0, 0, 0, 0, 0]","[0, 0, 0, 0, 0, 0]","[0, 0, 2.8636363636363638, 1.1363636363636365, 2.0, 5.5]","[0, 0, 0, 0, 0, 0]","[0, 0, 0, 0, 0, 0]","[0, 0, 4.36764705882353, 1.3235294117647058, 2.125, 5.666666666666667]","[0, 0, 7.043478260869565, 1.3043478260869565, 1.6, 0.7666666666666667]","[0, 0, 8.4375, 2.0625, 1.5, 0.8888888888888888]","[0, 0, 0, 0, 0, 0]","[0, 0, 11.25, 2.0, 1.0, 1.0]","[0, 1, 2.571428571428571, 1.1428571428571428, 2.0, 0.6363636363636364]","[0, 1, 2.4545454545454546, 1.1818181818181819, 1.0, 0.8461538461538461]","[0, 1, 2.7, 1.8, 0.7, 0.8333333333333334]","[0, 0, 8.307692307692308, 2.307692307692308, 0.0, 2.1666666666666665]","[0, 0, 0.6206896551724138, 0.6551724137931034, 4.0, 7.25]","[1, 0, 2.7, 1.2, 1, 3.3333333333333335]","[0, 0, 0, 0, 0, 0]","[0, 0, 0, 0, 0, 0]","[0, 0, 0, 0, 0, 0]","[0, 0, 3.9375000000000004, 1.1875, 12.0, 5.333333333333333]","[0, 0, 0, 0, 0, 0]","[0, 0, 0, 0, 0, 0]","[0, 0, 2.486842105263158, 1.2631578947368423, 3.2857142857142856, 6.333333333333333]","[0, 0, 0, 0, 0, 0]","[0, 0, 0, 0, 0, 0]","[0, 0, 0, 0, 0, 0]","[0, 0, 0, 0, 0, 0]","[0, 1, 2.7, 1.1, 3.5, 0.9090909090909091]","[0, 0, 15.0, 2.0, 5, 0.6]","[0, 0, 3.8571428571428568, 1.7142857142857142, 1.6666666666666667, 0.7]"
25,2020-06-04,20200604SKNC0,"[0, 0, 0, 0, 0, 0]","[0, 0, 0, 0, 0, 0]","[0, 0, 2.8636363636363638, 1.1363636363636365, 2.0, 5.5]","[0, 0, 0, 0, 0, 0]","[0, 0, 0, 0, 0, 0]","[0, 0, 4.36764705882353, 1.3235294117647058, 2.125, 5.666666666666667]","[0, 1, 6.230769230769231, 1.3846153846153848, 1.3333333333333333, 0.7878787878787878]","[0, 0, 8.4375, 2.0625, 1.5, 0.8888888888888888]","[0, 0, 0, 0, 0, 0]","[0, 1, 9.0, 1.6, 1.0, 1.0]","[0, 0, 2.571428571428571, 1.1428571428571428, 2.0, 0.6363636363636364]","[0, 0, 2.4545454545454546, 1.1818181818181819, 1.0, 0.8461538461538461]","[0, 0, 2.7, 1.8, 0.7, 0.8333333333333334]","[0, 1, 5.684210526315789, 2.0526315789473686, 0.5, 2.111111111111111]","[0, 0, 0.6206896551724138, 0.6551724137931034, 4.0, 7.25]","[0, 0, 2.7, 1.2, 1, 3.3333333333333335]","[0, 0, 0, 0, 0, 0]","[0, 0, 0, 0, 0, 0]","[0, 0, 0, 0, 0, 0]","[0, 0, 3.9375000000000004, 1.1875, 12.0, 5.333333333333333]","[0, 0, 0, 0, 0, 0]","[0, 0, 0, 0, 0, 0]","[1, 0, 2.5051546391752577, 1.1752577319587627, 4.285714285714286, 6.466666666666667]","[0, 0, 0, 0, 0, 0]","[0, 0, 0, 0, 0, 0]","[0, 0, 0, 0, 0, 0]","[0, 0, 0, 0, 0, 0]","[0, 0, 2.7, 1.1, 3.5, 0.9090909090909091]","[0, 0, 15.0, 2.0, 5, 0.6]","[0, 0, 3.8571428571428568, 1.7142857142857142, 1.6666666666666667, 0.7]"
26,2020-06-05,20200605NCHH0,"[0, 0, 0, 0, 0, 0]","[0, 0, 0, 0, 0, 0]","[1, 0, 3.214285714285714, 1.2142857142857142, 2.0, 5.6]","[0, 0, 0, 0, 0, 0]","[0, 0, 0, 0, 0, 0]","[0, 0, 4.36764705882353, 1.3235294117647058, 2.125, 5.666666666666667]","[0, 0, 6.230769230769231, 1.3846153846153848, 1.3333333333333333, 0.7878787878787878]","[0, 0, 8.4375, 2.0625, 1.5, 0.8888888888888888]","[0, 1, 0, 0, 0, 0]","[0, 0, 9.0, 1.6, 1.0, 1.0]","[0, 0, 2.571428571428571, 1.1428571428571428, 2.0, 0.6363636363636364]","[0, 0, 2.4545454545454546, 1.1818181818181819, 1.0, 0.8461538461538461]","[0, 0, 2.7, 1.8, 0.7, 0.8333333333333334]","[0, 1, 4.909090909090909, 1.7727272727272727, 0.6666666666666666, 1.8333333333333333]","[0, 0, 0.6206896551724138, 0.6551724137931034, 4.0, 7.25]","[0, 0, 2.7, 1.2, 1, 3.3333333333333335]","[0, 0, 0, 0, 0, 0]","[0, 0, 0, 0, 0, 0]","[0, 0, 0, 0, 0, 0]","[0, 0, 3.9375000000000004, 1.1875, 12.0, 5.333333333333333]","[0, 0, 0, 0, 0, 0]","[0, 0, 0, 0, 0, 0]","[0, 0, 2.5051546391752577, 1.1752577319587627, 4.285714285714286, 6.466666666666667]","[0, 0, 0, 0, 0, 0]","[0, 0, 0, 0, 0, 0]","[0, 0, 0, 0, 0, 0]","[0, 0, 0, 0, 0, 0]","[0, 0, 2.7, 1.1, 3.5, 0.9090909090909091]","[0, 0, 15.0, 2.0, 5, 0.6]","[0, 0, 3.8571428571428568, 1.7142857142857142, 1.6666666666666667, 0.7]"
27,2020-06-06,20200606NCHH0,"[0, 0, 0, 0, 0, 0]","[0, 0, 0, 0, 0, 0]","[0, 0, 3.214285714285714, 1.2142857142857142, 2.0, 5.6]","[0, 0, 0, 0, 0, 0]","[0, 0, 0, 0, 0, 0]","[0, 0, 4.36764705882353, 1.3235294117647058, 2.125, 5.666666666666667]","[0, 1, 5.586206896551724, 1.3448275862068966, 1.5714285714285714, 0.8055555555555555]","[0, 0, 8.4375, 2.0625, 1.5, 0.8888888888888888]","[0, 0, 0, 0, 0, 0]","[0, 1, 7.5, 1.3333333333333333, 1.0, 1.0]","[0, 0, 2.571428571428571, 1.1428571428571428, 2.0, 0.6363636363636364]","[0, 0, 2.4545454545454546, 1.1818181818181819, 1.0, 0.8461538461538461]","[0, 1, 2.4545454545454546, 1.6363636363636365, 0.8, 0.8461538461538461]","[0, 0, 4.909090909090909, 1.7727272727272727, 0.6666666666666666, 1.8333333333333333]","[1, 0, 0.5142857142857143, 0.6, 4.222222222222222, 7.0]","[0, 0, 2.7, 1.2, 1, 3.3333333333333335]","[0, 0, 0, 0, 0, 0]","[0, 0, 0, 0, 0, 0]","[0, 0, 0, 0, 0, 0]","[0, 0, 3.9375000000000004, 1.1875, 12.0, 5.333333333333333]","[0, 0, 0, 0, 0, 0]","[0, 0, 0, 0, 0, 0]","[0, 0, 2.5051546391752577, 1.1752577319587627, 4.285714285714286, 6.466666666666667]","[0, 0, 0, 0, 0, 0]","[0, 0, 0, 0, 0, 0]","[0, 0, 0, 0, 0, 0]","[0, 0, 0, 0, 0, 0]","[0, 0, 2.7, 1.1, 3.5, 0.9090909090909091]","[0, 0, 15.0, 2.0, 5, 0.6]","[0, 0, 3.8571428571428568, 1.7142857142857142, 1.6666666666666667, 0.7]"
28,2020-06-07,20200607NCHH0,"[0, 0, 0, 0, 0, 0]","[0, 0, 0, 0, 0, 0]","[0, 0, 3.214285714285714, 1.2142857142857142, 2.0, 5.6]","[0, 0, 0, 0, 0, 0]","[0, 0, 0, 0, 0, 0]","[1, 0, 6.075, 1.5374999999999999, 1.8, 5.333333333333334]","[0, 0, 5.586206896551724, 1.3448275862068966, 1.5714285714285714, 0.8055555555555555]","[0, 0, 8.4375, 2.0625, 1.5, 0.8888888888888888]","[0, 0, 0, 0, 0, 0]","[0, 0, 7.5, 1.3333333333333333, 1.0, 1.0]","[0, 1, 2.3478260869565215, 1.1739130434782608, 1.6666666666666667, 0.638888888888889]","[0, 1, 1.975609756097561, 1.1707317073170733, 1.4, 0.9761904761904762]","[0, 0, 2.4545454545454546, 1.6363636363636365, 0.8, 0.8461538461538461]","[0, 0, 4.909090909090909, 1.7727272727272727, 0.6666666666666666, 1.8333333333333333]","[0, 0, 0.5142857142857143, 0.6, 4.222222222222222, 7.0]","[0, 0, 2.7, 1.2, 1, 3.3333333333333335]","[0, 0, 0, 0, 0, 0]","[0, 0, 0, 0, 0, 0]","[0, 0, 0, 0, 0, 0]","[0, 0, 3.9375000000000004, 1.1875, 12.0, 5.333333333333333]","[0, 0, 0, 0, 0, 0]","[0, 0, 0, 0, 0, 0]","[0, 0, 2.5051546391752577, 1.1752577319587627, 4.285714285714286, 6.466666666666667]","[0, 0, 0, 0, 0, 0]","[0, 0, 0, 0, 0, 0]","[0, 0, 0, 0, 0, 0]","[0, 0, 0, 0, 0, 0]","[0, 1, 4.090909090909091, 1.1818181818181819, 3.5, 0.9166666666666666]","[0, 0, 15.0, 2.0, 5, 0.6]","[0, 0, 3.8571428571428568, 1.7142857142857142, 1.6666666666666667, 0.7]"
29,2020-06-09,20200609OBNC0,"[0, 0, 0, 0, 0, 0]","[0, 0, 0, 0, 0, 0]","[0, 0, 3.214285714285714, 1.2142857142857142, 2.0, 5.6]","[0, 0, 0, 0, 0, 0]","[0, 0, 0, 0, 0, 0]","[0, 0, 6.075, 1.5374999999999999, 1.8, 5.333333333333334]","[0, 1, 5.0625, 1.21875, 1.5714285714285714, 0.8205128205128205]","[0, 0, 8.4375, 2.0625, 1.5, 0.8888888888888888]","[0, 0, 0, 0, 0, 0]","[0, 0, 7.5, 1.3333333333333333, 1.0, 1.0]","[0, 1, 2.25, 1.125, 2.0, 0.6153846153846154]","[0, 1, 2.511627906976744, 1.3255813953488371, 1.4, 0.9555555555555556]","[0, 1, 3.0, 1.5833333333333333, 0.9, 0.8571428571428571]","[0, 1, 5.785714285714286, 1.7142857142857142, 1.0, 1.8666666666666667]","[0, 0, 0.5142857142857143, 0.6, 4.222222222222222, 7.0]","[1, 0, 5.142857142857142, 1.7142857142857142, 1.0, 3.5]","[0, 0, 0, 0, 0, 0]","[0, 0, 0, 0, 0, 0]","[0, 0, 0, 0, 0, 0]","[0, 0, 3.9375000000000004, 1.1875, 12.0, 5.333333333333333]","[0, 0, 0, 0, 0, 0]","[0, 0, 0, 0, 0, 0]","[0, 0, 2.5051546391752577, 1.1752577319587627, 4.285714285714286, 6.466666666666667]","[0, 0, 0, 0, 0, 0]","[0, 0, 0, 0, 0, 0]","[0, 0, 0, 0, 0, 0]","[0, 1, 0, 0, 0, 0]","[0, 0, 4.090909090909091, 1.1818181818181819, 3.5, 0.9166666666666666]","[0, 0, 15.0, 2.0, 5, 0.6]","[0, 0, 3.8571428571428568, 1.7142857142857142, 1.6666666666666667, 0.7]"
30,2020-06-10,20200610OBNC0,"[0, 0, 0, 0, 0, 0]","[0, 0, 0, 0, 0, 0]","[0, 0, 3.214285714285714, 1.2142857142857142, 2.0, 5.6]","[0, 0, 0, 0, 0, 0]","[0, 0, 0, 0, 0, 0]","[0, 0, 6.075, 1.5374999999999999, 1.8, 5.333333333333334]","[0, 0, 5.0625, 1.21875, 1.5714285714285714, 0.8205128205128205]","[0, 0, 8.4375, 2.0625, 1.5, 0.8888888888888888]","[0, 0, 0, 0, 0, 0]","[0, 1, 6.428571428571428, 1.4285714285714286, 1.0, 1.0]","[0, 0, 2.25, 1.125, 2.0, 0.6153846153846154]","[0, 0, 2.511627906976744, 1.3255813953488371, 1.4, 0.9555555555555556]","[0, 0, 3.0, 1.5833333333333333, 0.9, 0.8571428571428571]","[0, 1, 5.225806451612903, 1.5483870967741935, 1.125, 1.7222222222222223]","[0, 0, 0.5142857142857143, 0.6, 4.222222222222222, 7.0]","[0, 0, 5.142857142857142, 1.7142857142857142, 1.0, 3.5]","[0, 0, 0, 0, 0, 0]","[0, 0, 0, 0, 0, 0]","[0, 0, 0, 0, 0, 0]","[0, 0, 3.9375000000000004, 1.1875, 12.0, 5.333333333333333]","[0, 0, 0, 0, 0, 0]","[0, 0, 0, 0, 0, 0]","[1, 0, 2.11304347826087, 1.2, 3.8, 6.388888888888889]","[0, 0, 0, 0, 0, 0]","[0, 0, 0, 0, 0, 0]","[0, 1, 0, 0, 0, 0]","[0, 0, 0, 0, 0, 0]","[0, 0, 4.090909090909091, 1.1818181818181819, 3.5, 0.9166666666666666]","[0, 0, 15.0, 2.0, 5, 0.6]","[0, 0, 3.8571428571428568, 1.7142857142857142, 1.6666666666666667, 0.7]"
31,2020-06-11,20200611OBNC0,"[0, 0, 0, 0, 0, 0]","[0, 0, 0, 0, 0, 0]","[1, 0, 2.6470588235294117, 1.1764705882352942, 1.9375, 5.666666666666667]","[0, 0, 0, 0, 0, 0]","[0, 0, 0, 0, 0, 0]","[0, 0, 6.075, 1.5374999999999999, 1.8, 5.333333333333334]","[0, 0, 5.0625, 1.21875, 1.5714285714285714, 0.8205128205128205]","[0, 0, 8.4375, 2.0625, 1.5, 0.8888888888888888]","[0, 0, 0, 0, 0, 0]","[0, 0, 6.428571428571428, 1.4285714285714286, 1.0, 1.0]","[0, 1, 1.9285714285714284, 1.0714285714285714, 2.6666666666666665, 0.6666666666666667]","[0, 1, 3.6, 1.4, 1.3333333333333333, 0.9375]","[0, 1, 2.769230769230769, 1.5384615384615385, 1.1, 0.8666666666666667]","[0, 0, 5.225806451612903, 1.5483870967741935, 1.125, 1.7222222222222223]","[0, 0, 0.5142857142857143, 0.6, 4.222222222222222, 7.0]","[0, 0, 5.142857142857142, 1.7142857142857142, 1.0, 3.5]","[0, 0, 0, 0, 0, 0]","[0, 0, 0, 0, 0, 0]","[0, 0, 0, 0, 0, 0]","[0, 0, 3.9375000000000004, 1.1875, 12.0, 5.333333333333333]","[0, 0, 0, 0, 0, 0]","[0, 0, 0, 0, 0, 0]","[0, 0, 2.11304347826087, 1.2, 3.8, 6.388888888888889]","[0, 0, 0, 0, 0, 0]","[0, 0, 0, 0, 0, 0]","[0, 0, 0, 0, 0, 0]","[0, 1, 0.0, 2.0, 3, 1.0]","[0, 1, 3.75, 1.0833333333333333, 4.5, 0.9230769230769231]","[0, 0, 15.0, 2.0, 5, 0.6]","[0, 0, 3.8571428571428568, 1.7142857142857142, 1.6666666666666667, 0.7]"
32,2020-06-12,20200612WONC0,"[0, 0, 0, 0, 0, 0]","[0, 0, 0, 0, 0, 0]","[0, 0, 2.6470588235294117, 1.1764705882352942, 1.9375, 5.666666666666667]","[0, 0, 0, 0, 0, 0]","[0, 0, 0, 0, 0, 0]","[0, 0, 6.075, 1.5374999999999999, 1.8, 5.333333333333334]","[0, 0, 5.0625, 1.21875, 1.5714285714285714, 0.8205128205128205]","[0, 0, 8.4375, 2.0625, 1.5, 0.8888888888888888]","[0, 0, 0, 0, 0, 0]","[0, 0, 6.428571428571428, 1.4285714285714286, 1.0, 1.0]","[0, 1, 1.7419354838709677, 0.9677419354838709, 3.3333333333333335, 0.6888888888888889]","[0, 0, 3.6, 1.4, 1.3333333333333333, 0.9375]","[0, 1, 2.571428571428571, 1.4285714285714286, 1.4, 0.875]","[0, 0, 5.225806451612903, 1.5483870967741935, 1.125, 1.7222222222222223]","[1, 0, 0.6585365853658537, 0.7073170731707317, 4.888888888888889, 6.833333333333333]","[0, 0, 5.142857142857142, 1.7142857142857142, 1.0, 3.5]","[0, 0, 0, 0, 0, 0]","[0, 0, 0, 0, 0, 0]","[0, 0, 0, 0, 0, 0]","[0, 0, 3.9375000000000004, 1.1875, 12.0, 5.333333333333333]","[0, 0, 0, 0, 0, 0]","[0, 0, 0, 0, 0, 0]","[0, 0, 2.11304347826087, 1.2, 3.8, 6.388888888888889]","[0, 0, 0, 0, 0, 0]","[0, 0, 0, 0, 0, 0]","[0, 0, 0, 0, 0, 0]","[0, 0, 0.0, 2.0, 3, 1.0]","[0, 1, 3.4615384615384612, 1.0, 4.5, 0.9285714285714286]","[0, 0, 15.0, 2.0, 5, 0.6]","[0, 0, 3.8571428571428568, 1.7142857142857142, 1.6666666666666667, 0.7]"
33,2020-06-13,20200613WONC0,"[0, 0, 0, 0, 0, 0]","[0, 0, 0, 0, 0, 0]","[0, 0, 2.6470588235294117, 1.1764705882352942, 1.9375, 5.666666666666667]","[0, 0, 0, 0, 0, 0]","[0, 0, 0, 0, 0, 0]","[1, 0, 5.079207920792079, 1.306930693069307, 1.8181818181818181, 5.611111111111111]","[0, 1, 6.545454545454546, 1.2727272727272727, 1.375, 0.7857142857142857]","[0, 0, 8.4375, 2.0625, 1.5, 0.8888888888888888]","[0, 0, 0, 0, 0, 0]","[0, 1, 8.217391304347826, 1.826086956521739, 0.75, 0.9583333333333334]","[0, 0, 1.7419354838709677, 0.9677419354838709, 3.3333333333333335, 0.6888888888888889]","[0, 1, 3.6, 1.5333333333333334, 1.3333333333333333, 0.8823529411764706]","[0, 0, 2.571428571428571, 1.4285714285714286, 1.4, 0.875]","[0, 1, 7.59375, 1.78125, 1.0, 1.5238095238095237]","[0, 0, 0.6585365853658537, 0.7073170731707317, 4.888888888888889, 6.833333333333333]","[0, 0, 5.142857142857142, 1.7142857142857142, 1.0, 3.5]","[0, 0, 0, 0, 0, 0]","[0, 0, 0, 0, 0, 0]","[0, 0, 0, 0, 0, 0]","[0, 0, 3.9375000000000004, 1.1875, 12.0, 5.333333333333333]","[0, 0, 0, 0, 0, 0]","[0, 0, 0, 0, 0, 0]","[0, 0, 2.11304347826087, 1.2, 3.8, 6.388888888888889]","[0, 1, 81.0, 15.0, 0.5, 0.3333333333333333]","[0, 0, 0, 0, 0, 0]","[0, 0, 0, 0, 0, 0]","[0, 0, 0.0, 2.0, 3, 1.0]","[0, 0, 3.4615384615384612, 1.0, 4.5, 0.9285714285714286]","[0, 1, 14.727272727272727, 2.7272727272727275, 1.25, 0.611111111111111]","[0, 0, 3.8571428571428568, 1.7142857142857142, 1.6666666666666667, 0.7]"
34,2020-06-14,20200614WONC0,"[0, 1, 0, 0, 0, 0]","[0, 0, 0, 0, 0, 0]","[0, 0, 2.6470588235294117, 1.1764705882352942, 1.9375, 5.666666666666667]","[0, 0, 0, 0, 0, 0]","[0, 0, 0, 0, 0, 0]","[0, 0, 5.079207920792079, 1.306930693069307, 1.8181818181818181, 5.611111111111111]","[0, 0, 6.545454545454546, 1.2727272727272727, 1.375, 0.7857142857142857]","[0, 0, 8.4375, 2.0625, 1.5, 0.8888888888888888]","[0, 0, 0, 0, 0, 0]","[0, 0, 8.217391304347826, 1.826086956521739, 0.75, 0.9583333333333334]","[0, 1, 1.588235294117647, 0.8823529411764706, 3.6666666666666665, 0.7083333333333334]","[0, 0, 3.6, 1.5333333333333334, 1.3333333333333333, 0.8823529411764706]","[0, 1, 3.0, 1.4666666666666666, 1.3636363636363635, 0.8823529411764706]","[0, 0, 7.59375, 1.78125, 1.0, 1.5238095238095237]","[0, 0, 0.6585365853658537, 0.7073170731707317, 4.888888888888889, 6.833333333333333]","[0, 0, 5.142857142857142, 1.7142857142857142, 1.0, 3.5]","[1, 0, 0, 0, 0, 0]","[0, 0, 0, 0, 0, 0]","[0, 0, 0, 0, 0, 0]","[0, 0, 3.9375000000000004, 1.1875, 12.0, 5.333333333333333]","[0, 0, 0, 0, 0, 0]","[0, 0, 0, 0, 0, 0]","[0, 0, 2.11304347826087, 1.2, 3.8, 6.388888888888889]","[0, 0, 81.0, 15.0, 0.5, 0.3333333333333333]","[0, 0, 0, 0, 0, 0]","[0, 0, 0, 0, 0, 0]","[0, 0, 0.0, 2.0, 3, 1.0]","[0, 1, 3.214285714285714, 1.0, 5.0, 0.9333333333333333]","[0, 1, 11.571428571428571, 2.142857142857143, 1.75, 0.6666666666666667]","[0, 0, 3.8571428571428568, 1.7142857142857142, 1.6666666666666667, 0.7]"
35,2020-06-16,20200616NCHT0,"[0, 0, 0, 0, 0, 0]","[0, 0, 0, 0, 0, 0]","[0, 0, 2.6470588235294117, 1.1764705882352942, 1.9375, 5.666666666666667]","[0, 0, 0, 0, 0, 0]","[0, 0, 0, 0, 0, 0]","[0, 0, 5.079207920792079, 1.306930693069307, 1.8181818181818181, 5.611111111111111]","[0, 0, 6.545454545454546, 1.2727272727272727, 1.375, 0.7857142857142857]","[0, 0, 8.4375, 2.0625, 1.5, 0.8888888888888888]","[0, 0, 0, 0, 0, 0]","[0, 0, 8.217391304347826, 1.826086956521739, 0.75, 0.9583333333333334]","[0, 1, 2.25, 1.0833333333333333, 2.75, 0.7058823529411765]","[0, 0, 3.6, 1.5333333333333334, 1.3333333333333333, 0.8823529411764706]","[0, 0, 3.0, 1.4666666666666666, 1.3636363636363635, 0.8823529411764706]","[0, 1, 6.942857142857142, 1.7142857142857144, 1.0, 1.4583333333333333]","[0, 0, 0.6585365853658537, 0.7073170731707317, 4.888888888888889, 6.833333333333333]","[0, 0, 5.142857142857142, 1.7142857142857142, 1.0, 3.5]","[0, 0, 0, 0, 0, 0]","[0, 0, 0, 0, 0, 0]","[0, 0, 0, 0, 0, 0]","[0, 0, 3.9375000000000004, 1.1875, 12.0, 5.333333333333333]","[0, 0, 0, 0, 0, 0]","[0, 0, 0, 0, 0, 0]","[1, 0, 2.233082706766917, 1.1278195488721805, 3.727272727272727, 6.333333333333334]","[0, 1, 33.75, 5.25, 1.3333333333333333, 0.6666666666666666]","[0, 0, 0, 0, 0, 0]","[0, 0, 0, 0, 0, 0]","[0, 0, 0.0, 2.0, 3, 1.0]","[0, 0, 3.214285714285714, 1.0, 5.0, 0.9333333333333333]","[0, 1, 8.526315789473683, 1.5789473684210527, 2.25, 0.7916666666666666]","[0, 0, 3.8571428571428568, 1.7142857142857142, 1.6666666666666667, 0.7]"
36,2020-06-17,20200617NCHT0,"[0, 0, 0, 0, 0, 0]","[0, 0, 0, 0, 0, 0]","[1, 0, 2.769230769230769, 1.2307692307692308, 1.9444444444444444, 5.571428571428571]","[0, 0, 0, 0, 0, 0]","[0, 0, 0, 0, 0, 0]","[0, 0, 5.079207920792079, 1.306930693069307, 1.8181818181818181, 5.611111111111111]","[0, 0, 6.545454545454546, 1.2727272727272727, 1.375, 0.7857142857142857]","[0, 0, 8.4375, 2.0625, 1.5, 0.8888888888888888]","[0, 0, 0, 0, 0, 0]","[0, 0, 8.217391304347826, 1.826086956521739, 0.75, 0.9583333333333334]","[0, 0, 2.25, 1.0833333333333333, 2.75, 0.7058823529411765]","[0, 1, 5.625, 1.8125, 1.5, 0.8888888888888888]","[0, 1, 2.7551020408163267, 1.3469387755102042, 1.3636363636363635, 0.9074074074074073]","[0, 0, 6.942857142857142, 1.7142857142857144, 1.0, 1.4583333333333333]","[0, 0, 0.6585365853658537, 0.7073170731707317, 4.888888888888889, 6.833333333333333]","[0, 0, 5.142857142857142, 1.7142857142857142, 1.0, 3.5]","[0, 0, 0, 0, 0, 0]","[0, 0, 0, 0, 0, 0]","[0, 0, 0, 0, 0, 0]","[0, 0, 3.9375000000000004, 1.1875, 12.0, 5.333333333333333]","[0, 0, 0, 0, 0, 0]","[0, 0, 0, 0, 0, 0]","[0, 0, 2.233082706766917, 1.1278195488721805, 3.727272727272727, 6.333333333333334]","[0, 0, 33.75, 5.25, 1.3333333333333333, 0.6666666666666666]","[0, 0, 0, 0, 0, 0]","[0, 0, 0, 0, 0, 0]","[0, 0, 0.0, 2.0, 3, 1.0]","[0, 0, 3.214285714285714, 1.0, 5.0, 0.9333333333333333]","[0, 0, 8.526315789473683, 1.5789473684210527, 2.25, 0.7916666666666666]","[0, 0, 3.8571428571428568, 1.7142857142857142, 1.6666666666666667, 0.7]"
37,2020-06-19,20200619HHNC0,"[0, 0, 0, 0, 0, 0]","[0, 0, 0, 0, 0, 0]","[0, 0, 2.769230769230769, 1.2307692307692308, 1.9444444444444444, 5.571428571428571]","[0, 0, 0, 0, 0, 0]","[0, 0, 0, 0, 0, 0]","[0, 0, 5.079207920792079, 1.306930693069307, 1.8181818181818181, 5.611111111111111]","[0, 0, 6.545454545454546, 1.2727272727272727, 1.375, 0.7857142857142857]","[0, 0, 8.4375, 2.0625, 1.5, 0.8888888888888888]","[0, 0, 0, 0, 0, 0]","[0, 0, 8.217391304347826, 1.826086956521739, 0.75, 0.9583333333333334]","[0, 0, 2.25, 1.0833333333333333, 2.75, 0.7058823529411765]","[0, 0, 5.625, 1.8125, 1.5, 0.8888888888888888]","[0, 1, 2.5961538461538463, 1.3846153846153848, 1.25, 0.9122807017543859]","[0, 0, 6.942857142857142, 1.7142857142857144, 1.0, 1.4583333333333333]","[1, 0, 0.75, 0.6875, 4.7272727272727275, 6.857142857142857]","[0, 0, 5.142857142857142, 1.7142857142857142, 1.0, 3.5]","[0, 0, 0, 0, 0, 0]","[0, 0, 0, 0, 0, 0]","[0, 0, 0, 0, 0, 0]","[0, 0, 3.9375000000000004, 1.1875, 12.0, 5.333333333333333]","[0, 0, 0, 0, 0, 0]","[0, 0, 0, 0, 0, 0]","[0, 0, 2.233082706766917, 1.1278195488721805, 3.727272727272727, 6.333333333333334]","[0, 0, 33.75, 5.25, 1.3333333333333333, 0.6666666666666666]","[0, 0, 0, 0, 0, 0]","[0, 0, 0, 0, 0, 0]","[0, 0, 0.0, 2.0, 3, 1.0]","[0, 1, 3.0, 1.0, 5.0, 0.9375]","[0, 0, 8.526315789473683, 1.5789473684210527, 2.25, 0.7916666666666666]","[0, 0, 3.8571428571428568, 1.7142857142857142, 1.6666666666666667, 0.7]"
38,2020-06-20,20200620HHNC0,"[0, 0, 0, 0, 0, 0]","[0, 0, 0, 0, 0, 0]","[0, 0, 2.769230769230769, 1.2307692307692308, 1.9444444444444444, 5.571428571428571]","[0, 0, 0, 0, 0, 0]","[0, 0, 0, 0, 0, 0]","[1, 0, 5.349056603773585, 1.3018867924528301, 2.0, 5.047619047619048]","[0, 0, 6.545454545454546, 1.2727272727272727, 1.375, 0.7857142857142857]","[0, 0, 8.4375, 2.0625, 1.5, 0.8888888888888888]","[0, 0, 0, 0, 0, 0]","[0, 0, 8.217391304347826, 1.826086956521739, 0.75, 0.9583333333333334]","[0, 0, 2.25, 1.0833333333333333, 2.75, 0.7058823529411765]","[0, 1, 5.294117647058823, 1.7058823529411764, 1.5, 0.8947368421052632]","[0, 0, 2.5961538461538463, 1.3846153846153848, 1.25, 0.9122807017543859]","[0, 1, 7.615384615384615, 1.8461538461538463, 0.9090909090909091, 1.4444444444444444]","[0, 0, 0.75, 0.6875, 4.7272727272727275, 6.857142857142857]","[0, 0, 5.142857142857142, 1.7142857142857142, 1.0, 3.5]","[0, 0, 0, 0, 0, 0]","[0, 0, 0, 0, 0, 0]","[0, 0, 0, 0, 0, 0]","[0, 0, 3.9375000000000004, 1.1875, 12.0, 5.333333333333333]","[0, 0, 0, 0, 0, 0]","[0, 0, 0, 0, 0, 0]","[0, 0, 2.233082706766917, 1.1278195488721805, 3.727272727272727, 6.333333333333334]","[0, 1, 27.0, 4.2, 1.3333333333333333, 0.5555555555555556]","[0, 0, 0, 0, 0, 0]","[0, 0, 0, 0, 0, 0]","[0, 0, 0.0, 2.0, 3, 1.0]","[0, 0, 3.0, 1.0, 5.0, 0.9375]","[0, 1, 11.368421052631579, 1.8947368421052633, 1.8, 0.7037037037037037]","[0, 0, 3.8571428571428568, 1.7142857142857142, 1.6666666666666667, 0.7]"
39,2020-06-21,20200621HHNC0,"[0, 0, 0, 0, 0, 0]","[0, 0, 0, 0, 0, 0]","[0, 0, 2.769230769230769, 1.2307692307692308, 1.9444444444444444, 5.571428571428571]","[0, 0, 0, 0, 0, 0]","[0, 0, 0, 0, 0, 0]","[0, 0, 5.349056603773585, 1.3018867924528301, 2.0, 5.047619047619048]","[0, 0, 6.545454545454546, 1.2727272727272727, 1.375, 0.7857142857142857]","[0, 0, 8.4375, 2.0625, 1.5, 0.8888888888888888]","[0, 0, 0, 0, 0, 0]","[0, 0, 8.217391304347826, 1.826086956521739, 0.75, 0.9583333333333334]","[0, 1, 2.1891891891891895, 1.2162162162162162, 2.2, 0.6851851851851852]","[0, 1, 5.0, 1.6111111111111112, 1.5, 0.9]","[0, 1, 2.4545454545454546, 1.309090909090909, 1.3333333333333333, 0.9166666666666666]","[0, 0, 7.615384615384615, 1.8461538461538463, 0.9090909090909091, 1.4444444444444444]","[0, 0, 0.75, 0.6875, 4.7272727272727275, 6.857142857142857]","[0, 0, 5.142857142857142, 1.7142857142857142, 1.0, 3.5]","[1, 0, 6.230769230769231, 1.6153846153846154, 1.6666666666666667, 4.333333333333333]","[0, 0, 0, 0, 0, 0]","[0, 0, 0, 0, 0, 0]","[0, 1, 5.5, 1.4444444444444444, 14.0, 4.5]","[0, 0, 0, 0, 0, 0]","[0, 0, 0, 0, 0, 0]","[0, 0, 2.233082706766917, 1.1278195488721805, 3.727272727272727, 6.333333333333334]","[0, 0, 27.0, 4.2, 1.3333333333333333, 0.5555555555555556]","[0, 0, 0, 0, 0, 0]","[0, 0, 0, 0, 0, 0]","[0, 0, 0.0, 2.0, 3, 1.0]","[0, 1, 2.8125, 1.0625, 4.0, 0.9411764705882353]","[0, 1, 9.818181818181818, 1.6363636363636365, 2.2, 0.7333333333333333]","[0, 0, 3.8571428571428568, 1.7142857142857142, 1.6666666666666667, 0.7]"
40,2020-06-23,20200623NCKT0,"[0, 0, 0, 0, 0, 0]","[0, 0, 0, 0, 0, 0]","[0, 0, 2.769230769230769, 1.2307692307692308, 1.9444444444444444, 5.571428571428571]","[0, 0, 0, 0, 0, 0]","[0, 0, 0, 0, 0, 0]","[0, 0, 5.349056603773585, 1.3018867924528301, 2.0, 5.047619047619048]","[0, 0, 6.545454545454546, 1.2727272727272727, 1.375, 0.7857142857142857]","[0, 0, 8.4375, 2.0625, 1.5, 0.8888888888888888]","[0, 0, 0, 0, 0, 0]","[0, 0, 8.217391304347826, 1.826086956521739, 0.75, 0.9583333333333334]","[0, 0, 2.1891891891891895, 1.2162162162162162, 2.2, 0.6851851851851852]","[0, 0, 5.0, 1.6111111111111112, 1.5, 0.9]","[0, 1, 3.31578947368421, 1.4210526315789473, 1.2307692307692308, 0.9047619047619048]","[0, 0, 7.615384615384615, 1.8461538461538463, 0.9090909090909091, 1.4444444444444444]","[0, 0, 0.75, 0.6875, 4.7272727272727275, 6.857142857142857]","[0, 0, 5.142857142857142, 1.7142857142857142, 1.0, 3.5]","[0, 0, 6.230769230769231, 1.6153846153846154, 1.6666666666666667, 4.333333333333333]","[0, 0, 0, 0, 0, 0]","[0, 0, 0, 0, 0, 0]","[0, 0, 5.5, 1.4444444444444444, 14.0, 4.5]","[0, 0, 0, 0, 0, 0]","[0, 0, 0, 0, 0, 0]","[1, 0, 2.5033112582781456, 1.1523178807947019, 3.2666666666666666, 6.291666666666667]","[0, 0, 27.0, 4.2, 1.3333333333333333, 0.5555555555555556]","[0, 0, 0, 0, 0, 0]","[0, 0, 0, 0, 0, 0]","[0, 0, 0.0, 2.0, 3, 1.0]","[0, 1, 2.5961538461538463, 0.9807692307692308, 4.333333333333333, 0.9629629629629629]","[0, 0, 9.818181818181818, 1.6363636363636365, 2.2, 0.7333333333333333]","[0, 0, 3.8571428571428568, 1.7142857142857142, 1.6666666666666667, 0.7]"
41,2020-06-25,20200625NCKT1,"[0, 0, 0, 0, 0, 0]","[0, 0, 0, 0, 0, 0]","[1, 0, 3.8000000000000003, 1.288888888888889, 1.9473684210526316, 5.625]","[0, 0, 0, 0, 0, 0]","[0, 0, 0, 0, 0, 0]","[0, 0, 5.349056603773585, 1.3018867924528301, 2.0, 5.047619047619048]","[0, 0, 6.545454545454546, 1.2727272727272727, 1.375, 0.7857142857142857]","[0, 0, 8.4375, 2.0625, 1.5, 0.8888888888888888]","[0, 0, 0, 0, 0, 0]","[0, 0, 8.217391304347826, 1.826086956521739, 0.75, 0.9583333333333334]","[0, 0, 2.1891891891891895, 1.2162162162162162, 2.2, 0.6851851851851852]","[0, 0, 5.0, 1.6111111111111112, 1.5, 0.9]","[0, 1, 3.15, 1.45, 1.1428571428571428, 0.9090909090909091]","[0, 0, 7.615384615384615, 1.8461538461538463, 0.9090909090909091, 1.4444444444444444]","[0, 0, 0.75, 0.6875, 4.7272727272727275, 6.857142857142857]","[0, 0, 5.142857142857142, 1.7142857142857142, 1.0, 3.5]","[0, 0, 6.230769230769231, 1.6153846153846154, 1.6666666666666667, 4.333333333333333]","[0, 0, 0, 0, 0, 0]","[0, 0, 0, 0, 0, 0]","[0, 0, 5.5, 1.4444444444444444, 14.0, 4.5]","[0, 0, 0, 0, 0, 0]","[0, 0, 0, 0, 0, 0]","[0, 0, 2.5033112582781456, 1.1523178807947019, 3.2666666666666666, 6.291666666666667]","[0, 0, 27.0, 4.2, 1.3333333333333333, 0.5555555555555556]","[0, 0, 0, 0, 0, 0]","[0, 0, 0, 0, 0, 0]","[0, 0, 0.0, 2.0, 3, 1.0]","[0, 1, 2.4545454545454546, 0.9818181818181819, 3.25, 0.9649122807017543]","[0, 1, 10.125, 1.75, 2.0, 0.7272727272727273]","[0, 1, 3.6818181818181817, 2.0454545454545454, 1.0, 0.6666666666666666]"
42,2020-06-25,20200625NCKT2,"[0, 0, 0, 0, 0, 0]","[0, 0, 0, 0, 0, 0]","[0, 0, 3.8000000000000003, 1.288888888888889, 1.9473684210526316, 5.625]","[0, 0, 0, 0, 0, 0]","[0, 0, 0, 0, 0, 0]","[0, 0, 5.349056603773585, 1.3018867924528301, 2.0, 5.047619047619048]","[0, 0, 6.545454545454546, 1.2727272727272727, 1.375, 0.7857142857142857]","[0, 0, 8.4375, 2.0625, 1.5, 0.8888888888888888]","[0, 0, 0, 0, 0, 0]","[0, 0, 8.217391304347826, 1.826086956521739, 0.75, 0.9583333333333334]","[0, 1, 3.6486486486486487, 1.3783783783783783, 1.8333333333333333, 0.6491228070175439]","[0, 1, 5.4, 1.6363636363636365, 1.5, 0.8730158730158729]","[0, 0, 3.15, 1.45, 1.1428571428571428, 0.9090909090909091]","[0, 1, 7.071428571428572, 1.7857142857142858, 1.0, 1.4]","[1, 0, 0.8181818181818182, 0.6545454545454545, 5.545454545454546, 6.875]","[0, 0, 5.142857142857142, 1.7142857142857142, 1.0, 3.5]","[0, 0, 6.230769230769231, 1.6153846153846154, 1.6666666666666667, 4.333333333333333]","[0, 0, 0, 0, 0, 0]","[0, 0, 0, 0, 0, 0]","[0, 1, 4.714285714285714, 1.2857142857142858, 7.5, 4.2]","[0, 0, 0, 0, 0, 0]","[0, 0, 0, 0, 0, 0]","[0, 0, 2.5033112582781456, 1.1523178807947019, 3.2666666666666666, 6.291666666666667]","[0, 1, 16.875, 2.625, 2.0, 0.6666666666666666]","[0, 0, 0, 0, 0, 0]","[0, 0, 0, 0, 0, 0]","[0, 0, 0.0, 2.0, 3, 1.0]","[0, 0, 2.4545454545454546, 0.9818181818181819, 3.25, 0.9649122807017543]","[0, 0, 10.125, 1.75, 2.0, 0.7272727272727273]","[0, 0, 3.6818181818181817, 2.0454545454545454, 1.0, 0.6666666666666666]"
43,2020-06-26,20200626NCOB0,"[0, 0, 0, 0, 0, 0]","[0, 0, 0, 0, 0, 0]","[0, 0, 3.8000000000000003, 1.288888888888889, 1.9473684210526316, 5.625]","[0, 0, 0, 0, 0, 0]","[0, 0, 0, 0, 0, 0]","[1, 0, 5.578512396694215, 1.3884297520661155, 2.076923076923077, 5.041666666666667]","[0, 0, 6.545454545454546, 1.2727272727272727, 1.375, 0.7857142857142857]","[0, 0, 8.4375, 2.0625, 1.5, 0.8888888888888888]","[0, 0, 0, 0, 0, 0]","[0, 0, 8.217391304347826, 1.826086956521739, 0.75, 0.9583333333333334]","[0, 1, 4.973684210526316, 1.4210526315789473, 1.8333333333333333, 0.6333333333333333]","[0, 1, 5.120689655172414, 1.5517241379310345, 1.5, 0.8787878787878788]","[0, 1, 3.0, 1.4285714285714286, 1.0666666666666667, 0.9130434782608695]","[0, 0, 7.071428571428572, 1.7857142857142858, 1.0, 1.4]","[0, 0, 0.8181818181818182, 0.6545454545454545, 5.545454545454546, 6.875]","[0, 0, 5.142857142857142, 1.7142857142857142, 1.0, 3.5]","[0, 0, 6.230769230769231, 1.6153846153846154, 1.6666666666666667, 4.333333333333333]","[0, 0, 0, 0, 0, 0]","[0, 0, 0, 0, 0, 0]","[0, 0, 4.714285714285714, 1.2857142857142858, 7.5, 4.2]","[0, 0, 0, 0, 0, 0]","[0, 0, 0, 0, 0, 0]","[0, 0, 2.5033112582781456, 1.1523178807947019, 3.2666666666666666, 6.291666666666667]","[0, 0, 16.875, 2.625, 2.0, 0.6666666666666666]","[0, 0, 0, 0, 0, 0]","[0, 0, 0, 0, 0, 0]","[0, 0, 0.0, 2.0, 3, 1.0]","[0, 0, 2.4545454545454546, 0.9818181818181819, 3.25, 0.9649122807017543]","[0, 1, 9.346153846153847, 1.6153846153846154, 2.0, 0.7222222222222222]","[0, 1, 3.1153846153846154, 1.9615384615384617, 1.0, 0.7222222222222222]"
44,2020-06-27,20200627NCOB0,"[0, 0, 0, 0, 0, 0]","[0, 0, 0, 0, 0, 0]","[0, 0, 3.8000000000000003, 1.288888888888889, 1.9473684210526316, 5.625]","[0, 0, 0, 0, 0, 0]","[0, 0, 0, 0, 0, 0]","[0, 0, 5.578512396694215, 1.3884297520661155, 2.076923076923077, 5.041666666666667]","[0, 0, 6.545454545454546, 1.2727272727272727, 1.375, 0.7857142857142857]","[0, 0, 8.4375, 2.0625, 1.5, 0.8888888888888888]","[0, 0, 0, 0, 0, 0]","[0, 0, 8.217391304347826, 1.826086956521739, 0.75, 0.9583333333333334]","[0, 0, 4.973684210526316, 1.4210526315789473, 1.8333333333333333, 0.6333333333333333]","[0, 0, 5.120689655172414, 1.5517241379310345, 1.5, 0.8787878787878788]","[0, 1, 2.8636363636363638, 1.3636363636363635, 1.0666666666666667, 0.9166666666666666]","[0, 0, 7.071428571428572, 1.7857142857142858, 1.0, 1.4]","[0, 0, 0.8181818181818182, 0.6545454545454545, 5.545454545454546, 6.875]","[1, 0, 6.75, 1.875, 0.75, 3.5555555555555554]","[0, 0, 6.230769230769231, 1.6153846153846154, 1.6666666666666667, 4.333333333333333]","[0, 0, 0, 0, 0, 0]","[0, 0, 0, 0, 0, 0]","[0, 1, 4.56923076923077, 1.2923076923076922, 7.5, 3.611111111111111]","[0, 0, 0, 0, 0, 0]","[0, 0, 0, 0, 0, 0]","[0, 0, 2.5033112582781456, 1.1523178807947019, 3.2666666666666666, 6.291666666666667]","[0, 1, 12.272727272727272, 1.9090909090909092, 2.3333333333333335, 0.7333333333333333]","[0, 0, 0, 0, 0, 0]","[0, 0, 0, 0, 0, 0]","[0, 0, 0.0, 2.0, 3, 1.0]","[0, 0, 2.4545454545454546, 0.9818181818181819, 3.25, 0.9649122807017543]","[0, 0, 9.346153846153847, 1.6153846153846154, 2.0, 0.7222222222222222]","[0, 0, 3.1153846153846154, 1.9615384615384617, 1.0, 0.7222222222222222]"
45,2020-06-28,20200628NCOB0,"[0, 0, 0, 0, 0, 0]","[0, 0, 0, 0, 0, 0]","[0, 0, 3.8000000000000003, 1.288888888888889, 1.9473684210526316, 5.625]","[0, 0, 0, 0, 0, 0]","[0, 0, 0, 0, 0, 0]","[0, 0, 5.578512396694215, 1.3884297520661155, 2.076923076923077, 5.041666666666667]","[0, 0, 6.545454545454546, 1.2727272727272727, 1.375, 0.7857142857142857]","[0, 0, 8.4375, 2.0625, 1.5, 0.8888888888888888]","[0, 0, 0, 0, 0, 0]","[0, 0, 8.217391304347826, 1.826086956521739, 0.75, 0.9583333333333334]","[0, 0, 4.973684210526316, 1.4210526315789473, 1.8333333333333333, 0.6333333333333333]","[0, 0, 5.120689655172414, 1.5517241379310345, 1.5, 0.8787878787878788]","[0, 0, 2.8636363636363638, 1.3636363636363635, 1.0666666666666667, 0.9166666666666666]","[0, 0, 7.071428571428572, 1.7857142857142858, 1.0, 1.4]","[0, 0, 0.8181818181818182, 0.6545454545454545, 5.545454545454546, 6.875]","[0, 0, 6.75, 1.875, 0.75, 3.5555555555555554]","[0, 0, 6.230769230769231, 1.6153846153846154, 1.6666666666666667, 4.333333333333333]","[0, 0, 0, 0, 0, 0]","[0, 0, 0, 0, 0, 0]","[0, 0, 4.56923076923077, 1.2923076923076922, 7.5, 3.611111111111111]","[0, 0, 0, 0, 0, 0]","[0, 0, 0, 0, 0, 0]","[1, 0, 2.6686046511627906, 1.1511627906976745, 3.4375, 6.37037037037037]","[0, 0, 12.272727272727272, 1.9090909090909092, 2.3333333333333335, 0.7333333333333333]","[0, 0, 0, 0, 0, 0]","[0, 0, 0, 0, 0, 0]","[0, 0, 0.0, 2.0, 3, 1.0]","[0, 1, 2.327586206896552, 0.9310344827586208, 3.5, 0.9666666666666666]","[0, 0, 9.346153846153847, 1.6153846153846154, 2.0, 0.7222222222222222]","[0, 1, 2.892857142857143, 1.9285714285714284, 1.0, 0.717948717948718]"
46,2020-06-30,20200630LTNC0,"[0, 0, 0, 0, 0, 0]","[0, 0, 0, 0, 0, 0]","[1, 0, 3.6, 1.34, 1.7826086956521738, 5.555555555555555]","[0, 0, 0, 0, 0, 0]","[0, 0, 0, 0, 0, 0]","[0, 0, 5.578512396694215, 1.3884297520661155, 2.076923076923077, 5.041666666666667]","[0, 0, 6.545454545454546, 1.2727272727272727, 1.375, 0.7857142857142857]","[0, 0, 8.4375, 2.0625, 1.5, 0.8888888888888888]","[0, 0, 0, 0, 0, 0]","[0, 0, 8.217391304347826, 1.826086956521739, 0.75, 0.9583333333333334]","[0, 1, 4.5, 1.2857142857142858, 2.0, 0.6666666666666666]","[0, 1, 4.868852459016393, 1.4754098360655739, 1.6666666666666667, 0.8840579710144927]","[0, 1, 3.6818181818181817, 1.4545454545454546, 1.0666666666666667, 0.88]","[0, 0, 7.071428571428572, 1.7857142857142858, 1.0, 1.4]","[0, 0, 0.8181818181818182, 0.6545454545454545, 5.545454545454546, 6.875]","[0, 0, 6.75, 1.875, 0.75, 3.5555555555555554]","[0, 0, 6.230769230769231, 1.6153846153846154, 1.6666666666666667, 4.333333333333333]","[0, 0, 0, 0, 0, 0]","[0, 0, 0, 0, 0, 0]","[0, 0, 4.56923076923077, 1.2923076923076922, 7.5, 3.611111111111111]","[0, 0, 0, 0, 0, 0]","[0, 0, 0, 0, 0, 0]","[0, 0, 2.6686046511627906, 1.1511627906976745, 3.4375, 6.37037037037037]","[0, 1, 9.642857142857142, 1.5, 2.3333333333333335, 0.7777777777777778]","[0, 0, 0, 0, 0, 0]","[0, 0, 0, 0, 0, 0]","[0, 0, 0.0, 2.0, 3, 1.0]","[0, 1, 2.2131147540983607, 0.8852459016393444, 3.5, 0.9682539682539681]","[0, 1, 9.0, 1.6666666666666667, 2.0, 0.6923076923076923]","[0, 1, 2.6129032258064515, 1.8387096774193548, 1.1666666666666667, 0.7380952380952381]"
47,2020-07-01,20200701LTNC0,"[0, 0, 0, 0, 0, 0]","[0, 0, 0, 0, 0, 0]","[0, 0, 3.6, 1.34, 1.7826086956521738, 5.555555555555555]","[0, 0, 0, 0, 0, 0]","[0, 0, 0, 0, 0, 0]","[0, 0, 5.578512396694215, 1.3884297520661155, 2.076923076923077, 5.041666666666667]","[0, 0, 6.545454545454546, 1.2727272727272727, 1.375, 0.7857142857142857]","[0, 0, 8.4375, 2.0625, 1.5, 0.8888888888888888]","[0, 0, 0, 0, 0, 0]","[0, 0, 8.217391304347826, 1.826086956521739, 0.75, 0.9583333333333334]","[0, 1, 5.142857142857142, 1.3571428571428572, 1.7142857142857142, 0.6363636363636364]","[0, 0, 4.868852459016393, 1.4754098360655739, 1.6666666666666667, 0.8840579710144927]","[0, 1, 3.9705882352941178, 1.4558823529411764, 1.0666666666666667, 0.8717948717948718]","[0, 0, 7.071428571428572, 1.7857142857142858, 1.0, 1.4]","[1, 0, 1.3728813559322035, 0.7627118644067796, 5.416666666666667, 6.555555555555555]","[0, 0, 6.75, 1.875, 0.75, 3.5555555555555554]","[0, 0, 6.230769230769231, 1.6153846153846154, 1.6666666666666667, 4.333333333333333]","[0, 0, 0, 0, 0, 0]","[0, 0, 0, 0, 0, 0]","[0, 0, 4.56923076923077, 1.2923076923076922, 7.5, 3.611111111111111]","[0, 0, 0, 0, 0, 0]","[0, 0, 0, 0, 0, 0]","[0, 0, 2.6686046511627906, 1.1511627906976745, 3.4375, 6.37037037037037]","[0, 1, 7.9411764705882355, 1.4117647058823528, 2.0, 0.8095238095238095]","[0, 0, 0, 0, 0, 0]","[0, 0, 0, 0, 0, 0]","[0, 0, 0.0, 2.0, 3, 1.0]","[0, 0, 2.2131147540983607, 0.8852459016393444, 3.5, 0.9682539682539681]","[0, 0, 9.0, 1.6666666666666667, 2.0, 0.6923076923076923]","[0, 0, 2.6129032258064515, 1.8387096774193548, 1.1666666666666667, 0.7380952380952381]"
48,2020-07-02,20200702LTNC0,"[0, 0, 0, 0, 0, 0]","[0, 0, 0, 0, 0, 0]","[0, 0, 3.6, 1.34, 1.7826086956521738, 5.555555555555555]","[0, 0, 0, 0, 0, 0]","[0, 0, 0, 0, 0, 0]","[1, 0, 5.6, 1.4666666666666666, 1.6111111111111112, 5.0]","[0, 0, 6.545454545454546, 1.2727272727272727, 1.375, 0.7857142857142857]","[0, 0, 8.4375, 2.0625, 1.5, 0.8888888888888888]","[0, 0, 0, 0, 0, 0]","[0, 0, 8.217391304347826, 1.826086956521739, 0.75, 0.9583333333333334]","[0, 0, 5.142857142857142, 1.3571428571428572, 1.7142857142857142, 0.6363636363636364]","[0, 1, 5.225806451612903, 1.5, 1.6666666666666667, 0.8611111111111112]","[0, 0, 3.9705882352941178, 1.4558823529411764, 1.0666666666666667, 0.8717948717948718]","[0, 0, 7.071428571428572, 1.7857142857142858, 1.0, 1.4]","[0, 0, 1.3728813559322035, 0.7627118644067796, 5.416666666666667, 6.555555555555555]","[0, 0, 6.75, 1.875, 0.75, 3.5555555555555554]","[0, 0, 6.230769230769231, 1.6153846153846154, 1.6666666666666667, 4.333333333333333]","[0, 0, 0, 0, 0, 0]","[0, 0, 0, 0, 0, 0]","[0, 0, 4.56923076923077, 1.2923076923076922, 7.5, 3.611111111111111]","[0, 0, 0, 0, 0, 0]","[0, 0, 0, 0, 0, 0]","[0, 0, 2.6686046511627906, 1.1511627906976745, 3.4375, 6.37037037037037]","[0, 0, 7.9411764705882355, 1.4117647058823528, 2.0, 0.8095238095238095]","[0, 0, 0, 0, 0, 0]","[0, 0, 0, 0, 0, 0]","[0, 0, 0.0, 2.0, 3, 1.0]","[0, 1, 2.014925373134328, 0.9402985074626866, 2.0, 1.0151515151515151]","[0, 0, 9.0, 1.6666666666666667, 2.0, 0.6923076923076923]","[0, 1, 4.354838709677419, 2.129032258064516, 1.0, 0.6888888888888889]"
49,2020-07-03,20200703HTNC0,"[0, 0, 0, 0, 0, 0]","[0, 0, 0, 0, 0, 0]","[0, 0, 3.6, 1.34, 1.7826086956521738, 5.555555555555555]","[0, 0, 0, 0, 0, 0]","[0, 0, 0, 0, 0, 0]","[0, 0, 5.6, 1.4666666666666666, 1.6111111111111112, 5.0]","[0, 0, 6.545454545454546, 1.2727272727272727, 1.375, 0.7857142857142857]","[0, 0, 8.4375, 2.0625, 1.5, 0.8888888888888888]","[0, 0, 0, 0, 0, 0]","[0, 0, 8.217391304347826, 1.826086956521739, 0.75, 0.9583333333333334]","[0, 0, 5.142857142857142, 1.3571428571428572, 1.7142857142857142, 0.6363636363636364]","[0, 0, 5.225806451612903, 1.5, 1.6666666666666667, 0.8611111111111112]","[0, 0, 3.9705882352941178, 1.4558823529411764, 1.0666666666666667, 0.8717948717948718]","[0, 0, 7.071428571428572, 1.7857142857142858, 1.0, 1.4]","[0, 0, 1.3728813559322035, 0.7627118644067796, 5.416666666666667, 6.555555555555555]","[1, 0, 5.94, 1.7399999999999998, 1.0, 4.166666666666667]","[0, 0, 6.230769230769231, 1.6153846153846154, 1.6666666666666667, 4.333333333333333]","[0, 0, 0, 0, 0, 0]","[0, 0, 0, 0, 0, 0]","[0, 1, 7.147058823529412, 1.5441176470588234, 3.75, 3.238095238095238]","[0, 0, 0, 0, 0, 0]","[0, 0, 0, 0, 0, 0]","[0, 0, 2.6686046511627906, 1.1511627906976745, 3.4375, 6.37037037037037]","[0, 0, 7.9411764705882355, 1.4117647058823528, 2.0, 0.8095238095238095]","[0, 0, 0, 0, 0, 0]","[0, 0, 0, 0, 0, 0]","[0, 0, 0.0, 2.0, 3, 1.0]","[0, 0, 2.014925373134328, 0.9402985074626866, 2.0, 1.0151515151515151]","[0, 1, 9.0, 1.8, 1.7142857142857142, 0.7142857142857143]","[0, 0, 4.354838709677419, 2.129032258064516, 1.0, 0.6888888888888889]"
50,2020-07-04,20200704HTNC0,"[0, 0, 0, 0, 0, 0]","[0, 0, 0, 0, 0, 0]","[0, 0, 3.6, 1.34, 1.7826086956521738, 5.555555555555555]","[0, 0, 0, 0, 0, 0]","[0, 0, 0, 0, 0, 0]","[0, 0, 5.6, 1.4666666666666666, 1.6111111111111112, 5.0]","[0, 0, 6.545454545454546, 1.2727272727272727, 1.375, 0.7857142857142857]","[0, 1, 7.105263157894736, 2.0526315789473686, 1.0, 0.9047619047619048]","[0, 0, 0, 0, 0, 0]","[0, 0, 8.217391304347826, 1.826086956521739, 0.75, 0.9583333333333334]","[0, 0, 5.142857142857142, 1.3571428571428572, 1.7142857142857142, 0.6363636363636364]","[0, 1, 5.2388059701492535, 1.5223880597014927, 1.25, 0.8933333333333333]","[0, 0, 3.9705882352941178, 1.4558823529411764, 1.0666666666666667, 0.8717948717948718]","[0, 0, 7.071428571428572, 1.7857142857142858, 1.0, 1.4]","[0, 0, 1.3728813559322035, 0.7627118644067796, 5.416666666666667, 6.555555555555555]","[0, 0, 5.94, 1.7399999999999998, 1.0, 4.166666666666667]","[0, 0, 6.230769230769231, 1.6153846153846154, 1.6666666666666667, 4.333333333333333]","[0, 0, 0, 0, 0, 0]","[0, 0, 0, 0, 0, 0]","[0, 0, 7.147058823529412, 1.5441176470588234, 3.75, 3.238095238095238]","[0, 0, 0, 0, 0, 0]","[0, 0, 0, 0, 0, 0]","[1, 0, 2.378238341968912, 1.1191709844559585, 3.388888888888889, 6.433333333333333]","[0, 1, 6.75, 1.2, 2.0, 0.8333333333333334]","[0, 0, 0, 0, 0, 0]","[0, 0, 0, 0, 0, 0]","[0, 0, 0.0, 2.0, 3, 1.0]","[0, 0, 2.014925373134328, 0.9402985074626866, 2.0, 1.0151515151515151]","[0, 0, 9.0, 1.8, 1.7142857142857142, 0.7142857142857143]","[0, 0, 4.354838709677419, 2.129032258064516, 1.0, 0.6888888888888889]"
51,2020-07-05,20200705HTNC0,"[0, 0, 0, 0, 0, 0]","[0, 0, 0, 0, 0, 0]","[1, 0, 3.6964285714285716, 1.3928571428571428, 1.76, 5.6]","[0, 0, 0, 0, 0, 0]","[0, 0, 0, 0, 0, 0]","[0, 0, 5.6, 1.4666666666666666, 1.6111111111111112, 5.0]","[0, 0, 6.545454545454546, 1.2727272727272727, 1.375, 0.7857142857142857]","[0, 0, 7.105263157894736, 2.0526315789473686, 1.0, 0.9047619047619048]","[0, 0, 0, 0, 0, 0]","[0, 0, 8.217391304347826, 1.826086956521739, 0.75, 0.9583333333333334]","[0, 1, 4.8, 1.3333333333333333, 1.7142857142857142, 0.6521739130434783]","[0, 0, 5.2388059701492535, 1.5223880597014927, 1.25, 0.8933333333333333]","[0, 1, 3.9705882352941178, 1.5, 1.0, 0.8395061728395062]","[0, 0, 7.071428571428572, 1.7857142857142858, 1.0, 1.4]","[0, 0, 1.3728813559322035, 0.7627118644067796, 5.416666666666667, 6.555555555555555]","[0, 0, 5.94, 1.7399999999999998, 1.0, 4.166666666666667]","[0, 0, 6.230769230769231, 1.6153846153846154, 1.6666666666666667, 4.333333333333333]","[0, 0, 0, 0, 0, 0]","[0, 0, 0, 0, 0, 0]","[0, 0, 7.147058823529412, 1.5441176470588234, 3.75, 3.238095238095238]","[0, 0, 0, 0, 0, 0]","[0, 0, 0, 0, 0, 0]","[0, 0, 2.378238341968912, 1.1191709844559585, 3.388888888888889, 6.433333333333333]","[0, 1, 7.043478260869565, 1.434782608695652, 1.6, 0.8518518518518519]","[0, 0, 0, 0, 0, 0]","[0, 0, 0, 0, 0, 0]","[0, 0, 0.0, 2.0, 3, 1.0]","[0, 1, 1.875, 0.875, 2.142857142857143, 1.0434782608695652]","[0, 0, 9.0, 1.8, 1.7142857142857142, 0.7142857142857143]","[0, 0, 4.354838709677419, 2.129032258064516, 1.0, 0.6888888888888889]"
52,2020-07-07,20200707NCSK0,"[0, 0, 0, 0, 0, 0]","[0, 0, 0, 0, 0, 0]","[0, 0, 3.6964285714285716, 1.3928571428571428, 1.76, 5.6]","[0, 0, 0, 0, 0, 0]","[0, 0, 0, 0, 0, 0]","[0, 0, 5.6, 1.4666666666666666, 1.6111111111111112, 5.0]","[0, 0, 6.545454545454546, 1.2727272727272727, 1.375, 0.7857142857142857]","[0, 0, 7.105263157894736, 2.0526315789473686, 1.0, 0.9047619047619048]","[0, 0, 0, 0, 0, 0]","[0, 0, 8.217391304347826, 1.826086956521739, 0.75, 0.9583333333333334]","[0, 1, 5.0625, 1.25, 1.7142857142857142, 0.6666666666666666]","[0, 0, 5.2388059701492535, 1.5223880597014927, 1.25, 0.8933333333333333]","[0, 1, 3.802816901408451, 1.4788732394366197, 0.9411764705882353, 0.8452380952380952]","[0, 0, 7.071428571428572, 1.7857142857142858, 1.0, 1.4]","[1, 0, 1.5, 0.7575757575757576, 6.333333333333333, 6.6]","[0, 0, 5.94, 1.7399999999999998, 1.0, 4.166666666666667]","[0, 0, 6.230769230769231, 1.6153846153846154, 1.6666666666666667, 4.333333333333333]","[0, 0, 0, 0, 0, 0]","[0, 0, 0, 0, 0, 0]","[0, 0, 7.147058823529412, 1.5441176470588234, 3.75, 3.238095238095238]","[0, 0, 0, 0, 0, 0]","[0, 0, 0, 0, 0, 0]","[0, 0, 2.378238341968912, 1.1191709844559585, 3.388888888888889, 6.433333333333333]","[0, 0, 7.043478260869565, 1.434782608695652, 1.6, 0.8518518518518519]","[0, 0, 0, 0, 0, 0]","[0, 0, 0, 0, 0, 0]","[0, 0, 0.0, 2.0, 3, 1.0]","[0, 1, 2.9189189189189193, 1.0135135135135134, 2.142857142857143, 1.027777777777778]","[0, 0, 9.0, 1.8, 1.7142857142857142, 0.7142857142857143]","[0, 0, 4.354838709677419, 2.129032258064516, 1.0, 0.6888888888888889]"
53,2020-07-08,20200708NCSK0,"[0, 0, 0, 0, 0, 0]","[0, 0, 0, 0, 0, 0]","[0, 0, 3.6964285714285716, 1.3928571428571428, 1.76, 5.6]","[0, 0, 0, 0, 0, 0]","[0, 0, 0, 0, 0, 0]","[1, 0, 5.7218543046357615, 1.4900662251655628, 1.65, 5.033333333333333]","[0, 0, 6.545454545454546, 1.2727272727272727, 1.375, 0.7857142857142857]","[0, 0, 7.105263157894736, 2.0526315789473686, 1.0, 0.9047619047619048]","[0, 0, 0, 0, 0, 0]","[0, 0, 8.217391304347826, 1.826086956521739, 0.75, 0.9583333333333334]","[0, 0, 5.0625, 1.25, 1.7142857142857142, 0.6666666666666666]","[0, 1, 5.014285714285714, 1.542857142857143, 1.25, 0.8974358974358974]","[0, 0, 3.802816901408451, 1.4788732394366197, 0.9411764705882353, 0.8452380952380952]","[0, 0, 7.071428571428572, 1.7857142857142858, 1.0, 1.4]","[0, 0, 1.5, 0.7575757575757576, 6.333333333333333, 6.6]","[0, 0, 5.94, 1.7399999999999998, 1.0, 4.166666666666667]","[0, 0, 6.230769230769231, 1.6153846153846154, 1.6666666666666667, 4.333333333333333]","[0, 0, 0, 0, 0, 0]","[0, 0, 0, 0, 0, 0]","[0, 0, 7.147058823529412, 1.5441176470588234, 3.75, 3.238095238095238]","[0, 0, 0, 0, 0, 0]","[0, 0, 0, 0, 0, 0]","[0, 0, 2.378238341968912, 1.1191709844559585, 3.388888888888889, 6.433333333333333]","[0, 1, 6.75, 1.375, 1.6, 0.8]","[0, 0, 0, 0, 0, 0]","[0, 0, 0, 0, 0, 0]","[0, 0, 0.0, 2.0, 3, 1.0]","[0, 0, 2.9189189189189193, 1.0135135135135134, 2.142857142857143, 1.027777777777778]","[0, 0, 9.0, 1.8, 1.7142857142857142, 0.7142857142857143]","[0, 1, 5.90625, 2.34375, 0.875, 0.6666666666666666]"
54,2020-07-09,20200709NCSK0,"[0, 0, 0, 0, 0, 0]","[0, 0, 0, 0, 0, 0]","[0, 0, 3.6964285714285716, 1.3928571428571428, 1.76, 5.6]","[0, 0, 0, 0, 0, 0]","[0, 0, 0, 0, 0, 0]","[0, 0, 5.7218543046357615, 1.4900662251655628, 1.65, 5.033333333333333]","[0, 0, 6.545454545454546, 1.2727272727272727, 1.375, 0.7857142857142857]","[0, 1, 6.136363636363636, 1.7727272727272727, 1.5, 0.9166666666666666]","[0, 0, 0, 0, 0, 0]","[0, 0, 8.217391304347826, 1.826086956521739, 0.75, 0.9583333333333334]","[0, 1, 4.859999999999999, 1.2, 1.7142857142857142, 0.6666666666666667]","[0, 0, 5.014285714285714, 1.542857142857143, 1.25, 0.8974358974358974]","[0, 0, 3.802816901408451, 1.4788732394366197, 0.9411764705882353, 0.8452380952380952]","[0, 0, 7.071428571428572, 1.7857142857142858, 1.0, 1.4]","[0, 0, 1.5, 0.7575757575757576, 6.333333333333333, 6.6]","[1, 0, 5.704225352112676, 1.4788732394366197, 1.125, 4.733333333333333]","[0, 0, 6.230769230769231, 1.6153846153846154, 1.6666666666666667, 4.333333333333333]","[0, 0, 0, 0, 0, 0]","[0, 0, 0, 0, 0, 0]","[0, 1, 7.225352112676056, 1.5633802816901408, 4.0, 2.9583333333333335]","[0, 0, 0, 0, 0, 0]","[0, 0, 0, 0, 0, 0]","[0, 0, 2.378238341968912, 1.1191709844559585, 3.388888888888889, 6.433333333333333]","[0, 0, 6.75, 1.375, 1.6, 0.8]","[0, 0, 0, 0, 0, 0]","[0, 0, 0, 0, 0, 0]","[0, 0, 0.0, 2.0, 3, 1.0]","[0, 0, 2.9189189189189193, 1.0135135135135134, 2.142857142857143, 1.027777777777778]","[0, 0, 9.0, 1.8, 1.7142857142857142, 0.7142857142857143]","[0, 0, 5.90625, 2.34375, 0.875, 0.6666666666666666]"
55,2020-07-10,20200710NCLG0,"[0, 0, 0, 0, 0, 0]","[0, 0, 0, 0, 0, 0]","[0, 0, 3.6964285714285716, 1.3928571428571428, 1.76, 5.6]","[0, 0, 0, 0, 0, 0]","[0, 0, 0, 0, 0, 0]","[0, 0, 5.7218543046357615, 1.4900662251655628, 1.65, 5.033333333333333]","[0, 0, 6.545454545454546, 1.2727272727272727, 1.375, 0.7857142857142857]","[0, 0, 6.136363636363636, 1.7727272727272727, 1.5, 0.9166666666666666]","[0, 0, 0, 0, 0, 0]","[0, 0, 8.217391304347826, 1.826086956521739, 0.75, 0.9583333333333334]","[0, 0, 4.859999999999999, 1.2, 1.7142857142857142, 0.6666666666666667]","[0, 1, 4.875, 1.5416666666666667, 1.25, 0.8888888888888888]","[0, 0, 3.802816901408451, 1.4788732394366197, 0.9411764705882353, 0.8452380952380952]","[0, 0, 7.071428571428572, 1.7857142857142858, 1.0, 1.4]","[0, 0, 1.5, 0.7575757575757576, 6.333333333333333, 6.6]","[0, 0, 5.704225352112676, 1.4788732394366197, 1.125, 4.733333333333333]","[0, 0, 6.230769230769231, 1.6153846153846154, 1.6666666666666667, 4.333333333333333]","[0, 0, 0, 0, 0, 0]","[0, 0, 0, 0, 0, 0]","[0, 0, 7.225352112676056, 1.5633802816901408, 4.0, 2.9583333333333335]","[0, 0, 0, 0, 0, 0]","[0, 0, 0, 0, 0, 0]","[1, 0, 2.3033175355450237, 1.109004739336493, 3.25, 6.393939393939394]","[0, 0, 6.75, 1.375, 1.6, 0.8]","[0, 0, 0, 0, 0, 0]","[0, 0, 0, 0, 0, 0]","[0, 1, 13.5, 2.5, 4, 1.0]","[0, 0, 2.9189189189189193, 1.0135135135135134, 2.142857142857143, 1.027777777777778]","[0, 0, 9.0, 1.8, 1.7142857142857142, 0.7142857142857143]","[0, 1, 5.7272727272727275, 2.272727272727273, 0.875, 0.6470588235294118]"
56,2020-07-11,20200711NCLG0,"[0, 0, 0, 0, 0, 0]","[0, 0, 0, 0, 0, 0]","[1, 0, 3.629032258064516, 1.3548387096774193, 1.8148148148148149, 5.636363636363637]","[0, 0, 0, 0, 0, 0]","[0, 0, 0, 0, 0, 0]","[0, 0, 5.7218543046357615, 1.4900662251655628, 1.65, 5.033333333333333]","[0, 0, 6.545454545454546, 1.2727272727272727, 1.375, 0.7857142857142857]","[0, 1, 5.4, 1.5599999999999998, 1.75, 0.925925925925926]","[0, 0, 0, 0, 0, 0]","[0, 0, 8.217391304347826, 1.826086956521739, 0.75, 0.9583333333333334]","[0, 1, 4.584905660377358, 1.1320754716981132, 1.8571428571428572, 0.6794871794871795]","[0, 1, 4.68, 1.48, 1.25, 0.8928571428571429]","[0, 0, 3.802816901408451, 1.4788732394366197, 0.9411764705882353, 0.8452380952380952]","[0, 0, 7.071428571428572, 1.7857142857142858, 1.0, 1.4]","[0, 0, 1.5, 0.7575757575757576, 6.333333333333333, 6.6]","[0, 0, 5.704225352112676, 1.4788732394366197, 1.125, 4.733333333333333]","[0, 0, 6.230769230769231, 1.6153846153846154, 1.6666666666666667, 4.333333333333333]","[0, 0, 0, 0, 0, 0]","[0, 0, 0, 0, 0, 0]","[0, 1, 6.9324324324324325, 1.5405405405405406, 4.25, 2.740740740740741]","[0, 0, 0, 0, 0, 0]","[0, 0, 0, 0, 0, 0]","[0, 0, 2.3033175355450237, 1.109004739336493, 3.25, 6.393939393939394]","[0, 1, 6.0, 1.4444444444444444, 1.8, 0.8181818181818182]","[0, 0, 0, 0, 0, 0]","[0, 0, 0, 0, 0, 0]","[0, 1, 9.0, 1.6666666666666667, 5, 1.0]","[0, 1, 3.8076923076923075, 1.1153846153846154, 2.125, 1.04]","[0, 0, 9.0, 1.8, 1.7142857142857142, 0.7142857142857143]","[0, 1, 6.0, 2.25, 1.0, 0.6666666666666666]"
57,2020-07-14,20200714NCWO0,"[0, 0, 0, 0, 0, 0]","[0, 0, 0, 0, 0, 0]","[0, 0, 3.629032258064516, 1.3548387096774193, 1.8148148148148149, 5.636363636363637]","[0, 0, 0, 0, 0, 0]","[0, 0, 0, 0, 0, 0]","[1, 0, 5.591715976331361, 1.4378698224852071, 1.6818181818181819, 5.121212121212121]","[0, 0, 6.545454545454546, 1.2727272727272727, 1.375, 0.7857142857142857]","[0, 1, 4.354838709677419, 1.4516129032258063, 1.6, 1.0333333333333334]","[0, 0, 0, 0, 0, 0]","[0, 0, 8.217391304347826, 1.826086956521739, 0.75, 0.9583333333333334]","[0, 0, 4.584905660377358, 1.1320754716981132, 1.8571428571428572, 0.6794871794871795]","[0, 0, 4.68, 1.48, 1.25, 0.8928571428571429]","[0, 0, 3.802816901408451, 1.4788732394366197, 0.9411764705882353, 0.8452380952380952]","[0, 0, 7.071428571428572, 1.7857142857142858, 1.0, 1.4]","[0, 0, 1.5, 0.7575757575757576, 6.333333333333333, 6.6]","[0, 0, 5.704225352112676, 1.4788732394366197, 1.125, 4.733333333333333]","[0, 0, 6.230769230769231, 1.6153846153846154, 1.6666666666666667, 4.333333333333333]","[0, 0, 0, 0, 0, 0]","[0, 0, 0, 0, 0, 0]","[0, 0, 6.9324324324324325, 1.5405405405405406, 4.25, 2.740740740740741]","[0, 0, 0, 0, 0, 0]","[0, 0, 0, 0, 0, 0]","[0, 0, 2.3033175355450237, 1.109004739336493, 3.25, 6.393939393939394]","[0, 0, 6.0, 1.4444444444444444, 1.8, 0.8181818181818182]","[0, 0, 0, 0, 0, 0]","[0, 0, 0, 0, 0, 0]","[0, 1, 9.0, 2.0, 7, 1.0]","[0, 0, 3.8076923076923075, 1.1153846153846154, 2.125, 1.04]","[0, 0, 9.0, 1.8, 1.7142857142857142, 0.7142857142857143]","[0, 0, 6.0, 2.25, 1.0, 0.6666666666666666]"
58,2020-07-15,20200715NCWO0,"[0, 0, 0, 0, 0, 0]","[0, 0, 0, 0, 0, 0]","[0, 0, 3.629032258064516, 1.3548387096774193, 1.8148148148148149, 5.636363636363637]","[0, 0, 0, 0, 0, 0]","[0, 0, 0, 0, 0, 0]","[0, 0, 5.591715976331361, 1.4378698224852071, 1.6818181818181819, 5.121212121212121]","[0, 0, 6.545454545454546, 1.2727272727272727, 1.375, 0.7857142857142857]","[0, 1, 3.75, 1.25, 1.8, 1.0909090909090908]","[0, 0, 0, 0, 0, 0]","[0, 0, 8.217391304347826, 1.826086956521739, 0.75, 0.9583333333333334]","[0, 1, 4.339285714285714, 1.0714285714285714, 1.8571428571428572, 0.6913580246913581]","[0, 0, 4.68, 1.48, 1.25, 0.8928571428571429]","[0, 1, 3.802816901408451, 1.6056338028169013, 0.8421052631578947, 0.8160919540229885]","[0, 0, 7.071428571428572, 1.7857142857142858, 1.0, 1.4]","[0, 0, 1.5, 0.7575757575757576, 6.333333333333333, 6.6]","[1, 0, 5.157303370786517, 1.4157303370786516, 1.0833333333333333, 4.944444444444445]","[0, 0, 6.230769230769231, 1.6153846153846154, 1.6666666666666667, 4.333333333333333]","[0, 0, 0, 0, 0, 0]","[0, 0, 0, 0, 0, 0]","[0, 0, 6.9324324324324325, 1.5405405405405406, 4.25, 2.740740740740741]","[0, 0, 0, 0, 0, 0]","[0, 0, 0, 0, 0, 0]","[0, 0, 2.3033175355450237, 1.109004739336493, 3.25, 6.393939393939394]","[0, 0, 6.0, 1.4444444444444444, 1.8, 0.8181818181818182]","[0, 0, 0, 0, 0, 0]","[0, 0, 0, 0, 0, 0]","[0, 0, 9.0, 2.0, 7, 1.0]","[0, 0, 3.8076923076923075, 1.1153846153846154, 2.125, 1.04]","[0, 0, 9.0, 1.8, 1.7142857142857142, 0.7142857142857143]","[0, 1, 5.538461538461538, 2.076923076923077, 1.25, 0.6842105263157895]"
59,2020-07-16,20200716NCWO0,"[0, 0, 0, 0, 0, 0]","[0, 0, 0, 0, 0, 0]","[0, 0, 3.629032258064516, 1.3548387096774193, 1.8148148148148149, 5.636363636363637]","[0, 0, 0, 0, 0, 0]","[0, 0, 0, 0, 0, 0]","[0, 0, 5.591715976331361, 1.4378698224852071, 1.6818181818181819, 5.121212121212121]","[0, 0, 6.545454545454546, 1.2727272727272727, 1.375, 0.7857142857142857]","[0, 0, 3.75, 1.25, 1.8, 1.0909090909090908]","[0, 0, 0, 0, 0, 0]","[0, 0, 8.217391304347826, 1.826086956521739, 0.75, 0.9583333333333334]","[0, 0, 4.339285714285714, 1.0714285714285714, 1.8571428571428572, 0.6913580246913581]","[0, 0, 4.68, 1.48, 1.25, 0.8928571428571429]","[0, 0, 3.802816901408451, 1.6056338028169013, 0.8421052631578947, 0.8160919540229885]","[0, 0, 7.071428571428572, 1.7857142857142858, 1.0, 1.4]","[0, 0, 1.5, 0.7575757575757576, 6.333333333333333, 6.6]","[0, 0, 5.157303370786517, 1.4157303370786516, 1.0833333333333333, 4.944444444444445]","[0, 0, 6.230769230769231, 1.6153846153846154, 1.6666666666666667, 4.333333333333333]","[0, 0, 0, 0, 0, 0]","[0, 0, 0, 0, 0, 0]","[0, 0, 6.9324324324324325, 1.5405405405405406, 4.25, 2.740740740740741]","[0, 0, 0, 0, 0, 0]","[0, 0, 0, 0, 0, 0]","[1, 0, 2.2401746724890828, 1.1004366812227075, 2.9565217391304346, 6.361111111111111]","[0, 1, 4.909090909090909, 1.1818181818181819, 2.4, 0.9166666666666666]","[0, 0, 0, 0, 0, 0]","[0, 0, 0, 0, 0, 0]","[0, 1, 7.2, 2.0, 7.0, 1.0]","[0, 0, 3.8076923076923075, 1.1153846153846154, 2.125, 1.04]","[0, 0, 9.0, 1.8, 1.7142857142857142, 0.7142857142857143]","[0, 0, 5.538461538461538, 2.076923076923077, 1.25, 0.6842105263157895]"
60,2020-07-17,20200717KTNC0,"[0, 0, 0, 0, 0, 0]","[0, 0, 0, 0, 0, 0]","[1, 0, 3.9170984455958546, 1.4300518134715028, 1.7, 5.361111111111111]","[0, 0, 0, 0, 0, 0]","[0, 0, 0, 0, 0, 0]","[0, 0, 5.591715976331361, 1.4378698224852071, 1.6818181818181819, 5.121212121212121]","[0, 0, 6.545454545454546, 1.2727272727272727, 1.375, 0.7857142857142857]","[0, 0, 3.75, 1.25, 1.8, 1.0909090909090908]","[0, 0, 0, 0, 0, 0]","[0, 0, 8.217391304347826, 1.826086956521739, 0.75, 0.9583333333333334]","[0, 1, 5.2105263157894735, 1.1578947368421053, 1.75, 0.6785714285714286]","[0, 1, 4.5, 1.4230769230769231, 1.375, 0.896551724137931]","[0, 1, 3.6486486486486487, 1.581081081081081, 0.9473684210526315, 0.8222222222222223]","[0, 0, 7.071428571428572, 1.7857142857142858, 1.0, 1.4]","[0, 0, 1.5, 0.7575757575757576, 6.333333333333333, 6.6]","[0, 0, 5.157303370786517, 1.4157303370786516, 1.0833333333333333, 4.944444444444445]","[0, 0, 6.230769230769231, 1.6153846153846154, 1.6666666666666667, 4.333333333333333]","[0, 0, 0, 0, 0, 0]","[0, 0, 0, 0, 0, 0]","[0, 0, 6.9324324324324325, 1.5405405405405406, 4.25, 2.740740740740741]","[0, 0, 0, 0, 0, 0]","[0, 0, 0, 0, 0, 0]","[0, 0, 2.2401746724890828, 1.1004366812227075, 2.9565217391304346, 6.361111111111111]","[0, 1, 4.5, 1.0833333333333333, 2.6, 0.9230769230769231]","[0, 0, 0, 0, 0, 0]","[0, 0, 0, 0, 0, 0]","[0, 0, 7.2, 2.0, 7.0, 1.0]","[0, 1, 3.6666666666666665, 1.0740740740740742, 2.375, 1.0384615384615385]","[0, 0, 9.0, 1.8, 1.7142857142857142, 0.7142857142857143]","[0, 0, 5.538461538461538, 2.076923076923077, 1.25, 0.6842105263157895]"
61,2020-07-18,20200718KTNC0,"[0, 0, 0, 0, 0, 0]","[0, 0, 0, 0, 0, 0]","[0, 0, 3.9170984455958546, 1.4300518134715028, 1.7, 5.361111111111111]","[0, 0, 0, 0, 0, 0]","[0, 0, 0, 0, 0, 0]","[0, 0, 5.591715976331361, 1.4378698224852071, 1.6818181818181819, 5.121212121212121]","[0, 0, 6.545454545454546, 1.2727272727272727, 1.375, 0.7857142857142857]","[0, 1, 5.684210526315789, 1.3421052631578947, 2.0, 1.0555555555555556]","[0, 0, 0, 0, 0, 0]","[0, 0, 8.217391304347826, 1.826086956521739, 0.75, 0.9583333333333334]","[0, 0, 5.2105263157894735, 1.1578947368421053, 1.75, 0.6785714285714286]","[0, 0, 4.5, 1.4230769230769231, 1.375, 0.896551724137931]","[0, 0, 3.6486486486486487, 1.581081081081081, 0.9473684210526315, 0.8222222222222223]","[0, 0, 7.071428571428572, 1.7857142857142858, 1.0, 1.4]","[1, 0, 1.4794520547945205, 0.8082191780821918, 6.3076923076923075, 6.636363636363637]","[0, 0, 5.157303370786517, 1.4157303370786516, 1.0833333333333333, 4.944444444444445]","[0, 0, 6.230769230769231, 1.6153846153846154, 1.6666666666666667, 4.333333333333333]","[0, 0, 0, 0, 0, 0]","[0, 0, 0, 0, 0, 0]","[0, 0, 6.9324324324324325, 1.5405405405405406, 4.25, 2.740740740740741]","[0, 0, 0, 0, 0, 0]","[0, 0, 0, 0, 0, 0]","[0, 0, 2.2401746724890828, 1.1004366812227075, 2.9565217391304346, 6.361111111111111]","[0, 0, 4.5, 1.0833333333333333, 2.6, 0.9230769230769231]","[0, 0, 0, 0, 0, 0]","[0, 0, 0, 0, 0, 0]","[0, 0, 7.2, 2.0, 7.0, 1.0]","[0, 0, 3.6666666666666665, 1.0740740740740742, 2.375, 1.0384615384615385]","[0, 0, 9.0, 1.8, 1.7142857142857142, 0.7142857142857143]","[0, 1, 5.142857142857142, 2.0, 1.2222222222222223, 0.7]"
62,2020-07-19,20200719KTNC0,"[0, 0, 0, 0, 0, 0]","[0, 0, 0, 0, 0, 0]","[0, 0, 3.9170984455958546, 1.4300518134715028, 1.7, 5.361111111111111]","[0, 0, 0, 0, 0, 0]","[0, 0, 0, 0, 0, 0]","[1, 0, 5.837837837837839, 1.5081081081081082, 1.6, 5.138888888888888]","[0, 0, 6.545454545454546, 1.2727272727272727, 1.375, 0.7857142857142857]","[0, 0, 5.684210526315789, 1.3421052631578947, 2.0, 1.0555555555555556]","[0, 0, 0, 0, 0, 0]","[0, 0, 8.217391304347826, 1.826086956521739, 0.75, 0.9583333333333334]","[0, 0, 5.2105263157894735, 1.1578947368421053, 1.75, 0.6785714285714286]","[0, 0, 4.5, 1.4230769230769231, 1.375, 0.896551724137931]","[0, 1, 3.8076923076923075, 1.5769230769230769, 1.0526315789473684, 0.8387096774193549]","[0, 0, 7.071428571428572, 1.7857142857142858, 1.0, 1.4]","[0, 0, 1.4794520547945205, 0.8082191780821918, 6.3076923076923075, 6.636363636363637]","[0, 0, 5.157303370786517, 1.4157303370786516, 1.0833333333333333, 4.944444444444445]","[0, 0, 6.230769230769231, 1.6153846153846154, 1.6666666666666667, 4.333333333333333]","[0, 0, 0, 0, 0, 0]","[0, 0, 0, 0, 0, 0]","[0, 0, 6.9324324324324325, 1.5405405405405406, 4.25, 2.740740740740741]","[0, 0, 0, 0, 0, 0]","[0, 0, 0, 0, 0, 0]","[0, 0, 2.2401746724890828, 1.1004366812227075, 2.9565217391304346, 6.361111111111111]","[0, 1, 4.153846153846154, 1.0, 3.0, 0.9285714285714286]","[0, 0, 0, 0, 0, 0]","[0, 0, 0, 0, 0, 0]","[0, 1, 7.5, 2.0, 10.0, 1.0]","[0, 0, 3.6666666666666665, 1.0740740740740742, 2.375, 1.0384615384615385]","[0, 0, 9.0, 1.8, 1.7142857142857142, 0.7142857142857143]","[0, 0, 5.142857142857142, 2.0, 1.2222222222222223, 0.7]"
