,date,game_key,유지성,브룩스,가뇽,정해영,임기준,변시원,김윤동,임기영,고영창,박준표,차명진,이민우,황인준,박정수,문경찬,이준영,김명찬,전상현,김현준,남재현,서덕원,박진태,김승범,하준영,김현수,김기훈,홍원빈,양승철,양현종,홍상삼
0,2020-05-05,20200505WOHT0,"[0, 0, 0, 0, 0, 0]","[0, 0, 0, 0, 0, 0]","[0, 0, 0, 0, 0, 0]","[0, 0, 0, 0, 0, 0]","[0, 0, 0, 0, 0, 0]","[0, 0, 0, 0, 0, 0]","[0, 0, 0, 0, 0, 0]","[0, 0, 0, 0, 0, 0]","[0, 1, 0, 0, 0, 0]","[0, 0, 0, 0, 0, 0]","[0, 0, 0, 0, 0, 0]","[0, 0, 0, 0, 0, 0]","[0, 0, 0, 0, 0, 0]","[0, 0, 0, 0, 0, 0]","[0, 0, 0, 0, 0, 0]","[0, 0, 0, 0, 0, 0]","[0, 0, 0, 0, 0, 0]","[0, 0, 0, 0, 0, 0]","[0, 1, 0, 0, 0, 0]","[0, 0, 0, 0, 0, 0]","[0, 0, 0, 0, 0, 0]","[0, 0, 0, 0, 0, 0]","[0, 0, 0, 0, 0, 0]","[0, 0, 0, 0, 0, 0]","[0, 0, 0, 0, 0, 0]","[0, 0, 0, 0, 0, 0]","[0, 0, 0, 0, 0, 0]","[0, 0, 0, 0, 0, 0]","[1, 0, 0, 0, 0, 0]","[0, 0, 0, 0, 0, 0]"
1,2020-05-06,20200506WOHT0,"[0, 0, 0, 0, 0, 0]","[1, 0, 0, 0, 0, 0]","[0, 0, 0, 0, 0, 0]","[0, 0, 0, 0, 0, 0]","[0, 0, 0, 0, 0, 0]","[0, 0, 0, 0, 0, 0]","[0, 0, 0, 0, 0, 0]","[0, 0, 0, 0, 0, 0]","[0, 0, 0, 0, 0, 0]","[0, 1, 0, 0, 0, 0]","[0, 0, 0, 0, 0, 0]","[0, 0, 0, 0, 0, 0]","[0, 0, 0, 0, 0, 0]","[0, 0, 0, 0, 0, 0]","[0, 0, 0, 0, 0, 0]","[0, 1, 0, 0, 0, 0]","[0, 0, 0, 0, 0, 0]","[0, 1, 0, 0, 0, 0]","[0, 0, 0, 0, 0, 0]","[0, 0, 0, 0, 0, 0]","[0, 0, 0, 0, 0, 0]","[0, 0, 0, 0, 0, 0]","[0, 0, 0, 0, 0, 0]","[0, 0, 0, 0, 0, 0]","[0, 0, 0, 0, 0, 0]","[0, 0, 0, 0, 0, 0]","[0, 0, 0, 0, 0, 0]","[0, 0, 0, 0, 0, 0]","[0, 0, 0, 0, 0, 0]","[0, 0, 0, 0, 0, 0]"
2,2020-05-07,20200507WOHT0,"[0, 0, 0, 0, 0, 0]","[0, 0, 0, 0, 0, 0]","[0, 0, 0, 0, 0, 0]","[0, 0, 0, 0, 0, 0]","[0, 0, 0, 0, 0, 0]","[0, 1, 0, 0, 0, 0]","[0, 0, 0, 0, 0, 0]","[0, 0, 0, 0, 0, 0]","[0, 0, 0, 0, 0, 0]","[0, 0, 0, 0, 0, 0]","[0, 0, 0, 0, 0, 0]","[1, 0, 0, 0, 0, 0]","[0, 0, 0, 0, 0, 0]","[0, 0, 0, 0, 0, 0]","[0, 1, 0, 0, 0, 0]","[0, 1, 27.0, 3.0, 0, 0.3333333333333333]","[0, 0, 0, 0, 0, 0]","[0, 0, 0, 0, 0, 0]","[0, 0, 0, 0, 0, 0]","[0, 0, 0, 0, 0, 0]","[0, 0, 0, 0, 0, 0]","[0, 0, 0, 0, 0, 0]","[0, 0, 0, 0, 0, 0]","[0, 0, 0, 0, 0, 0]","[0, 0, 0, 0, 0, 0]","[0, 0, 0, 0, 0, 0]","[0, 0, 0, 0, 0, 0]","[0, 0, 0, 0, 0, 0]","[0, 0, 0, 0, 0, 0]","[0, 0, 0, 0, 0, 0]"
3,2020-05-08,20200508HTSS0,"[0, 0, 0, 0, 0, 0]","[0, 0, 0, 0, 0, 0]","[1, 0, 0, 0, 0, 0]","[0, 0, 0, 0, 0, 0]","[0, 0, 0, 0, 0, 0]","[0, 0, 0, 0, 0, 0]","[0, 0, 0, 0, 0, 0]","[0, 0, 0, 0, 0, 0]","[0, 1, 9.0, 4.0, 1.0, 1.0]","[0, 0, 0, 0, 0, 0]","[0, 0, 0, 0, 0, 0]","[0, 0, 0, 0, 0, 0]","[0, 0, 0, 0, 0, 0]","[0, 0, 0, 0, 0, 0]","[0, 0, 0, 0, 0, 0]","[0, 0, 27.0, 3.0, 0, 0.3333333333333333]","[0, 0, 0, 0, 0, 0]","[0, 0, 0, 0, 0, 0]","[0, 1, 16.2, 2.4, 1.0, 1.6666666666666667]","[0, 0, 0, 0, 0, 0]","[0, 0, 0, 0, 0, 0]","[0, 1, 0, 0, 0, 0]","[0, 0, 0, 0, 0, 0]","[0, 0, 0, 0, 0, 0]","[0, 0, 0, 0, 0, 0]","[0, 0, 0, 0, 0, 0]","[0, 0, 0, 0, 0, 0]","[0, 0, 0, 0, 0, 0]","[0, 0, 0, 0, 0, 0]","[0, 0, 0, 0, 0, 0]"
4,2020-05-09,20200509HTSS0,"[0, 0, 0, 0, 0, 0]","[0, 0, 0, 0, 0, 0]","[0, 0, 0, 0, 0, 0]","[0, 0, 0, 0, 0, 0]","[0, 0, 0, 0, 0, 0]","[0, 1, 0.0, 0.0, 1, 1.6666666666666667]","[0, 0, 0, 0, 0, 0]","[1, 0, 0, 0, 0, 0]","[0, 1, 4.5, 2.0, 1.0, 1.0]","[0, 1, 0.0, 0.0, 3, 1.3333333333333333]","[0, 0, 0, 0, 0, 0]","[0, 0, 0, 0, 0, 0]","[0, 0, 0, 0, 0, 0]","[0, 0, 0, 0, 0, 0]","[0, 0, 0, 0, 0, 0]","[0, 1, 9.0, 3.0, 0, 0.5]","[0, 0, 0, 0, 0, 0]","[0, 0, 0, 0, 0, 0]","[0, 1, 13.5, 2.625, 0.5, 1.3333333333333333]","[0, 0, 0, 0, 0, 0]","[0, 0, 0, 0, 0, 0]","[0, 0, 0, 0, 0, 0]","[0, 0, 0, 0, 0, 0]","[0, 0, 0, 0, 0, 0]","[0, 0, 0, 0, 0, 0]","[0, 0, 0, 0, 0, 0]","[0, 0, 0, 0, 0, 0]","[0, 0, 0, 0, 0, 0]","[0, 0, 0, 0, 0, 0]","[0, 0, 0, 0, 0, 0]"
5,2020-05-10,20200510HTSS0,"[0, 0, 0, 0, 0, 0]","[0, 0, 0, 0, 0, 0]","[0, 0, 0, 0, 0, 0]","[0, 0, 0, 0, 0, 0]","[0, 0, 0, 0, 0, 0]","[0, 0, 0.0, 0.0, 1, 1.6666666666666667]","[0, 0, 0, 0, 0, 0]","[0, 0, 0, 0, 0, 0]","[0, 0, 4.5, 2.0, 1.0, 1.0]","[0, 0, 0.0, 0.0, 3, 1.3333333333333333]","[0, 0, 0, 0, 0, 0]","[0, 0, 0, 0, 0, 0]","[0, 0, 0, 0, 0, 0]","[0, 0, 0, 0, 0, 0]","[0, 1, 9.0, 2.0, 1, 1.0]","[0, 0, 9.0, 3.0, 0, 0.5]","[0, 0, 0, 0, 0, 0]","[0, 1, 0.0, 1.2, 2.0, 1.6666666666666667]","[0, 0, 13.5, 2.625, 0.5, 1.3333333333333333]","[0, 0, 0, 0, 0, 0]","[0, 0, 0, 0, 0, 0]","[0, 1, 0.0, 4.5, 0.3333333333333333, 0.6666666666666666]","[0, 0, 0, 0, 0, 0]","[0, 0, 0, 0, 0, 0]","[0, 0, 0, 0, 0, 0]","[0, 0, 0, 0, 0, 0]","[0, 0, 0, 0, 0, 0]","[0, 0, 0, 0, 0, 0]","[1, 0, 12.0, 2.0, 0.5, 3.0]","[0, 0, 0, 0, 0, 0]"
6,2020-05-12,20200512HTHH0,"[0, 0, 0, 0, 0, 0]","[1, 0, 1.588235294117647, 0.8823529411764706, 6, 5.666666666666667]","[0, 0, 0, 0, 0, 0]","[0, 0, 0, 0, 0, 0]","[0, 0, 0, 0, 0, 0]","[0, 0, 0.0, 0.0, 1, 1.6666666666666667]","[0, 0, 0, 0, 0, 0]","[0, 0, 0, 0, 0, 0]","[0, 0, 4.5, 2.0, 1.0, 1.0]","[0, 0, 0.0, 0.0, 3, 1.3333333333333333]","[0, 0, 0, 0, 0, 0]","[0, 0, 0, 0, 0, 0]","[0, 0, 0, 0, 0, 0]","[0, 0, 0, 0, 0, 0]","[0, 1, 9.0, 2.0, 2, 1.0]","[0, 0, 9.0, 3.0, 0, 0.5]","[0, 0, 0, 0, 0, 0]","[0, 1, 0.0, 0.75, 3.0, 1.3333333333333333]","[0, 0, 13.5, 2.625, 0.5, 1.3333333333333333]","[0, 0, 0, 0, 0, 0]","[0, 0, 0, 0, 0, 0]","[0, 0, 0.0, 4.5, 0.3333333333333333, 0.6666666666666666]","[0, 0, 0, 0, 0, 0]","[0, 0, 0, 0, 0, 0]","[0, 0, 0, 0, 0, 0]","[0, 0, 0, 0, 0, 0]","[0, 0, 0, 0, 0, 0]","[0, 0, 0, 0, 0, 0]","[0, 0, 12.0, 2.0, 0.5, 3.0]","[0, 0, 0, 0, 0, 0]"
7,2020-05-13,20200513HTHH0,"[0, 0, 0, 0, 0, 0]","[0, 0, 1.588235294117647, 0.8823529411764706, 6, 5.666666666666667]","[0, 0, 0, 0, 0, 0]","[0, 0, 0, 0, 0, 0]","[0, 0, 0, 0, 0, 0]","[0, 0, 0.0, 0.0, 1, 1.6666666666666667]","[0, 0, 0, 0, 0, 0]","[0, 0, 0, 0, 0, 0]","[0, 0, 4.5, 2.0, 1.0, 1.0]","[0, 1, 0.0, 0.42857142857142855, 4, 1.1666666666666667]","[0, 0, 0, 0, 0, 0]","[1, 0, 6.352941176470588, 1.4117647058823528, 1.3333333333333333, 5.666666666666667]","[0, 0, 0, 0, 0, 0]","[0, 0, 0, 0, 0, 0]","[0, 1, 6.0, 2.0, 4.0, 1.0]","[0, 1, 45.0, 7.0, 0.0, 0.3333333333333333]","[0, 0, 0, 0, 0, 0]","[0, 1, 0.0, 0.8181818181818182, 2.5, 1.222222222222222]","[0, 0, 13.5, 2.625, 0.5, 1.3333333333333333]","[0, 0, 0, 0, 0, 0]","[0, 0, 0, 0, 0, 0]","[0, 0, 0.0, 4.5, 0.3333333333333333, 0.6666666666666666]","[0, 0, 0, 0, 0, 0]","[0, 0, 0, 0, 0, 0]","[0, 0, 0, 0, 0, 0]","[0, 0, 0, 0, 0, 0]","[0, 0, 0, 0, 0, 0]","[0, 0, 0, 0, 0, 0]","[0, 0, 12.0, 2.0, 0.5, 3.0]","[0, 0, 0, 0, 0, 0]"
8,2020-05-14,20200514HTHH0,"[0, 0, 0, 0, 0, 0]","[0, 0, 1.588235294117647, 0.8823529411764706, 6, 5.666666666666667]","[1, 0, 5.0625, 1.3125, 2.5, 5.333333333333333]","[0, 0, 0, 0, 0, 0]","[0, 0, 0, 0, 0, 0]","[0, 1, 0.0, 1.5, 0.5, 1.0]","[0, 0, 0, 0, 0, 0]","[0, 0, 0, 0, 0, 0]","[0, 0, 4.5, 2.0, 1.0, 1.0]","[0, 0, 0.0, 0.42857142857142855, 4, 1.1666666666666667]","[0, 0, 0, 0, 0, 0]","[0, 0, 6.352941176470588, 1.4117647058823528, 1.3333333333333333, 5.666666666666667]","[0, 0, 0, 0, 0, 0]","[0, 0, 0, 0, 0, 0]","[0, 0, 6.0, 2.0, 4.0, 1.0]","[0, 0, 45.0, 7.0, 0.0, 0.3333333333333333]","[0, 0, 0, 0, 0, 0]","[0, 0, 0.0, 0.8181818181818182, 2.5, 1.222222222222222]","[0, 1, 27.0, 4.0, 0.3333333333333333, 1.0]","[0, 0, 0, 0, 0, 0]","[0, 0, 0, 0, 0, 0]","[0, 1, 0.0, 3.0, 0.4, 0.8333333333333334]","[0, 0, 0, 0, 0, 0]","[0, 0, 0, 0, 0, 0]","[0, 0, 0, 0, 0, 0]","[0, 0, 0, 0, 0, 0]","[0, 0, 0, 0, 0, 0]","[0, 0, 0, 0, 0, 0]","[0, 0, 12.0, 2.0, 0.5, 3.0]","[0, 0, 0, 0, 0, 0]"
9,2020-05-15,20200515OBHT0,"[0, 0, 0, 0, 0, 0]","[0, 0, 1.588235294117647, 0.8823529411764706, 6, 5.666666666666667]","[0, 0, 5.0625, 1.3125, 2.5, 5.333333333333333]","[0, 0, 0, 0, 0, 0]","[0, 0, 0, 0, 0, 0]","[0, 1, 0.0, 1.6666666666666667, 0.3333333333333333, 1.0]","[0, 0, 0, 0, 0, 0]","[1, 0, 8.307692307692308, 1.3846153846153848, 6.0, 4.333333333333333]","[0, 1, 2.4545454545454546, 1.3636363636363638, 3.0, 1.222222222222222]","[0, 0, 0.0, 0.42857142857142855, 4, 1.1666666666666667]","[0, 0, 0, 0, 0, 0]","[0, 0, 6.352941176470588, 1.4117647058823528, 1.3333333333333333, 5.666666666666667]","[0, 0, 0, 0, 0, 0]","[0, 0, 0, 0, 0, 0]","[0, 0, 6.0, 2.0, 4.0, 1.0]","[0, 1, 27.0, 4.2, 0.0, 0.4166666666666667]","[0, 0, 0, 0, 0, 0]","[0, 0, 0.0, 0.8181818181818182, 2.5, 1.222222222222222]","[0, 0, 27.0, 4.0, 0.3333333333333333, 1.0]","[0, 0, 0, 0, 0, 0]","[0, 0, 0, 0, 0, 0]","[0, 1, 0.0, 1.875, 0.8, 0.8888888888888888]","[0, 0, 0, 0, 0, 0]","[0, 0, 0, 0, 0, 0]","[0, 0, 0, 0, 0, 0]","[0, 0, 0, 0, 0, 0]","[0, 0, 0, 0, 0, 0]","[0, 0, 0, 0, 0, 0]","[0, 0, 12.0, 2.0, 0.5, 3.0]","[0, 0, 0, 0, 0, 0]"
10,2020-05-16,20200516OBHT0,"[0, 0, 0, 0, 0, 0]","[0, 0, 1.588235294117647, 0.8823529411764706, 6, 5.666666666666667]","[0, 0, 5.0625, 1.3125, 2.5, 5.333333333333333]","[0, 0, 0, 0, 0, 0]","[0, 0, 0, 0, 0, 0]","[0, 0, 0.0, 1.6666666666666667, 0.3333333333333333, 1.0]","[0, 0, 0, 0, 0, 0]","[0, 0, 8.307692307692308, 1.3846153846153848, 6.0, 4.333333333333333]","[0, 0, 2.4545454545454546, 1.3636363636363638, 3.0, 1.222222222222222]","[0, 1, 0.0, 0.27272727272727276, 5, 1.222222222222222]","[0, 0, 0, 0, 0, 0]","[0, 0, 6.352941176470588, 1.4117647058823528, 1.3333333333333333, 5.666666666666667]","[0, 0, 0, 0, 0, 0]","[0, 0, 0, 0, 0, 0]","[0, 0, 6.0, 2.0, 4.0, 1.0]","[0, 0, 27.0, 4.2, 0.0, 0.4166666666666667]","[0, 1, 0, 0, 0, 0]","[0, 0, 0.0, 0.8181818181818182, 2.5, 1.222222222222222]","[0, 1, 20.25, 3.0, 0.6666666666666666, 1.0]","[0, 0, 0, 0, 0, 0]","[0, 0, 0, 0, 0, 0]","[0, 0, 0.0, 1.875, 0.8, 0.8888888888888888]","[0, 0, 0, 0, 0, 0]","[0, 0, 0, 0, 0, 0]","[0, 0, 0, 0, 0, 0]","[0, 0, 0, 0, 0, 0]","[0, 0, 0, 0, 0, 0]","[0, 0, 0, 0, 0, 0]","[1, 0, 6.0, 1.2222222222222223, 1.3333333333333333, 4.5]","[0, 0, 0, 0, 0, 0]"
11,2020-05-17,20200517OBHT0,"[0, 0, 0, 0, 0, 0]","[1, 0, 1.4210526315789473, 0.9473684210526316, 10, 6.333333333333333]","[0, 0, 5.0625, 1.3125, 2.5, 5.333333333333333]","[0, 0, 0, 0, 0, 0]","[0, 0, 0, 0, 0, 0]","[0, 0, 0.0, 1.6666666666666667, 0.3333333333333333, 1.0]","[0, 0, 0, 0, 0, 0]","[0, 0, 8.307692307692308, 1.3846153846153848, 6.0, 4.333333333333333]","[0, 0, 2.4545454545454546, 1.3636363636363638, 3.0, 1.222222222222222]","[0, 1, 0.0, 0.21428571428571427, 6, 1.1666666666666667]","[0, 0, 0, 0, 0, 0]","[0, 0, 6.352941176470588, 1.4117647058823528, 1.3333333333333333, 5.666666666666667]","[0, 0, 0, 0, 0, 0]","[0, 0, 0, 0, 0, 0]","[0, 0, 6.0, 2.0, 4.0, 1.0]","[0, 1, 22.5, 5.0, 0.0, 0.4]","[0, 0, 0, 0, 0, 0]","[0, 1, 0.0, 0.6428571428571428, 3.0, 1.1666666666666667]","[0, 0, 20.25, 3.0, 0.6666666666666666, 1.0]","[0, 0, 0, 0, 0, 0]","[0, 0, 0, 0, 0, 0]","[0, 0, 0.0, 1.875, 0.8, 0.8888888888888888]","[0, 0, 0, 0, 0, 0]","[0, 0, 0, 0, 0, 0]","[0, 0, 0, 0, 0, 0]","[0, 0, 0, 0, 0, 0]","[0, 0, 0, 0, 0, 0]","[0, 0, 0, 0, 0, 0]","[0, 0, 6.0, 1.2222222222222223, 1.3333333333333333, 4.5]","[0, 0, 0, 0, 0, 0]"
12,2020-05-19,20200519LTHT0,"[0, 0, 0, 0, 0, 0]","[0, 0, 1.4210526315789473, 0.9473684210526316, 10, 6.333333333333333]","[0, 0, 5.0625, 1.3125, 2.5, 5.333333333333333]","[0, 0, 0, 0, 0, 0]","[0, 0, 0, 0, 0, 0]","[0, 0, 0.0, 1.6666666666666667, 0.3333333333333333, 1.0]","[0, 0, 0, 0, 0, 0]","[0, 0, 8.307692307692308, 1.3846153846153848, 6.0, 4.333333333333333]","[0, 1, 1.9285714285714284, 1.0714285714285714, 4.0, 1.1666666666666667]","[0, 1, 1.6875, 0.5625, 6, 1.0666666666666667]","[0, 0, 0, 0, 0, 0]","[1, 0, 5.90625, 1.59375, 1.75, 5.333333333333333]","[0, 0, 0, 0, 0, 0]","[0, 0, 0, 0, 0, 0]","[0, 1, 4.5, 2.0, 2.5, 1.0]","[0, 0, 22.5, 5.0, 0.0, 0.4]","[0, 1, 0.0, 0.0, 2, 1.0]","[0, 0, 0.0, 0.6428571428571428, 3.0, 1.1666666666666667]","[0, 1, 19.799999999999997, 3.0, 0.6666666666666666, 1.0]","[0, 0, 0, 0, 0, 0]","[0, 0, 0, 0, 0, 0]","[0, 0, 0.0, 1.875, 0.8, 0.8888888888888888]","[0, 0, 0, 0, 0, 0]","[0, 0, 0, 0, 0, 0]","[0, 0, 0, 0, 0, 0]","[0, 0, 0, 0, 0, 0]","[0, 0, 0, 0, 0, 0]","[0, 0, 0, 0, 0, 0]","[0, 0, 6.0, 1.2222222222222223, 1.3333333333333333, 4.5]","[0, 0, 0, 0, 0, 0]"
13,2020-05-20,20200520LTHT0,"[0, 0, 0, 0, 0, 0]","[0, 0, 1.4210526315789473, 0.9473684210526316, 10, 6.333333333333333]","[1, 0, 6.096774193548387, 1.4516129032258063, 4.666666666666667, 5.166666666666667]","[0, 0, 0, 0, 0, 0]","[0, 0, 0, 0, 0, 0]","[0, 0, 0.0, 1.6666666666666667, 0.3333333333333333, 1.0]","[0, 0, 0, 0, 0, 0]","[0, 0, 8.307692307692308, 1.3846153846153848, 6.0, 4.333333333333333]","[0, 1, 1.8, 1.4, 4.0, 1.0]","[0, 1, 1.5, 0.5, 7, 1.0]","[0, 0, 0, 0, 0, 0]","[0, 0, 5.90625, 1.59375, 1.75, 5.333333333333333]","[0, 0, 0, 0, 0, 0]","[0, 0, 0, 0, 0, 0]","[0, 0, 4.5, 2.0, 2.5, 1.0]","[0, 0, 22.5, 5.0, 0.0, 0.4]","[0, 0, 0.0, 0.0, 2, 1.0]","[0, 0, 0.0, 0.6428571428571428, 3.0, 1.1666666666666667]","[0, 1, 18.5625, 2.8125, 0.8333333333333334, 0.8888888888888888]","[0, 0, 0, 0, 0, 0]","[0, 0, 0, 0, 0, 0]","[0, 0, 0.0, 1.875, 0.8, 0.8888888888888888]","[0, 0, 0, 0, 0, 0]","[0, 0, 0, 0, 0, 0]","[0, 0, 0, 0, 0, 0]","[0, 0, 0, 0, 0, 0]","[0, 0, 0, 0, 0, 0]","[0, 0, 0, 0, 0, 0]","[0, 0, 6.0, 1.2222222222222223, 1.3333333333333333, 4.5]","[0, 0, 0, 0, 0, 0]"
14,2020-05-21,20200521LTHT0,"[0, 0, 0, 0, 0, 0]","[0, 0, 1.4210526315789473, 0.9473684210526316, 10, 6.333333333333333]","[0, 0, 6.096774193548387, 1.4516129032258063, 4.666666666666667, 5.166666666666667]","[0, 0, 0, 0, 0, 0]","[0, 0, 0, 0, 0, 0]","[0, 0, 0.0, 1.6666666666666667, 0.3333333333333333, 1.0]","[0, 0, 0, 0, 0, 0]","[1, 0, 5.625, 1.5, 5.0, 4.0]","[0, 0, 1.8, 1.4, 4.0, 1.0]","[0, 0, 1.5, 0.5, 7, 1.0]","[0, 0, 0, 0, 0, 0]","[0, 0, 5.90625, 1.59375, 1.75, 5.333333333333333]","[0, 0, 0, 0, 0, 0]","[0, 0, 0, 0, 0, 0]","[0, 0, 4.5, 2.0, 2.5, 1.0]","[0, 0, 22.5, 5.0, 0.0, 0.4]","[0, 0, 0.0, 0.0, 2, 1.0]","[0, 1, 0.0, 0.6666666666666666, 4.0, 1.2]","[0, 0, 18.5625, 2.8125, 0.8333333333333334, 0.8888888888888888]","[0, 0, 0, 0, 0, 0]","[0, 0, 0, 0, 0, 0]","[0, 0, 0.0, 1.875, 0.8, 0.8888888888888888]","[0, 0, 0, 0, 0, 0]","[0, 0, 0, 0, 0, 0]","[0, 0, 0, 0, 0, 0]","[0, 0, 0, 0, 0, 0]","[0, 0, 0, 0, 0, 0]","[0, 0, 0, 0, 0, 0]","[0, 0, 6.0, 1.2222222222222223, 1.3333333333333333, 4.5]","[0, 0, 0, 0, 0, 0]"
15,2020-05-22,20200522HTSK0,"[0, 0, 0, 0, 0, 0]","[0, 0, 1.4210526315789473, 0.9473684210526316, 10, 6.333333333333333]","[0, 0, 6.096774193548387, 1.4516129032258063, 4.666666666666667, 5.166666666666667]","[0, 0, 0, 0, 0, 0]","[0, 0, 0, 0, 0, 0]","[0, 0, 0.0, 1.6666666666666667, 0.3333333333333333, 1.0]","[0, 0, 0, 0, 0, 0]","[0, 0, 5.625, 1.5, 5.0, 4.0]","[0, 0, 1.8, 1.4, 4.0, 1.0]","[0, 1, 1.2857142857142856, 0.42857142857142855, 8, 1.0]","[0, 0, 0, 0, 0, 0]","[0, 0, 5.90625, 1.59375, 1.75, 5.333333333333333]","[0, 0, 0, 0, 0, 0]","[0, 0, 0, 0, 0, 0]","[0, 1, 3.6, 1.6, 4.0, 1.0]","[0, 0, 22.5, 5.0, 0.0, 0.4]","[0, 1, 0.0, 0.6, 3.0, 0.8333333333333334]","[0, 1, 0.0, 0.8571428571428571, 4.5, 1.1666666666666667]","[0, 0, 18.5625, 2.8125, 0.8333333333333334, 0.8888888888888888]","[0, 0, 0, 0, 0, 0]","[0, 0, 0, 0, 0, 0]","[0, 0, 0.0, 1.875, 0.8, 0.8888888888888888]","[0, 0, 0, 0, 0, 0]","[0, 0, 0, 0, 0, 0]","[0, 0, 0, 0, 0, 0]","[0, 0, 0, 0, 0, 0]","[0, 0, 0, 0, 0, 0]","[0, 0, 0, 0, 0, 0]","[1, 0, 4.8, 1.2666666666666666, 2.2, 5.0]","[0, 0, 0, 0, 0, 0]"
16,2020-05-23,20200523HTSK0,"[0, 0, 0, 0, 0, 0]","[1, 0, 3.0, 1.2777777777777777, 17, 6.0]","[0, 0, 6.096774193548387, 1.4516129032258063, 4.666666666666667, 5.166666666666667]","[0, 0, 0, 0, 0, 0]","[0, 0, 0, 0, 0, 0]","[0, 0, 0.0, 1.6666666666666667, 0.3333333333333333, 1.0]","[0, 0, 0, 0, 0, 0]","[0, 0, 5.625, 1.5, 5.0, 4.0]","[0, 0, 1.8, 1.4, 4.0, 1.0]","[0, 1, 1.1739130434782608, 0.5217391304347826, 9, 0.9583333333333334]","[0, 0, 0, 0, 0, 0]","[0, 0, 5.90625, 1.59375, 1.75, 5.333333333333333]","[0, 0, 0, 0, 0, 0]","[0, 0, 0, 0, 0, 0]","[0, 0, 3.6, 1.6, 4.0, 1.0]","[0, 0, 22.5, 5.0, 0.0, 0.4]","[0, 1, 0.0, 0.5, 4.0, 0.6666666666666666]","[0, 0, 0.0, 0.8571428571428571, 4.5, 1.1666666666666667]","[0, 0, 18.5625, 2.8125, 0.8333333333333334, 0.8888888888888888]","[0, 0, 0, 0, 0, 0]","[0, 0, 0, 0, 0, 0]","[0, 0, 0.0, 1.875, 0.8, 0.8888888888888888]","[0, 0, 0, 0, 0, 0]","[0, 0, 0, 0, 0, 0]","[0, 0, 0, 0, 0, 0]","[0, 0, 0, 0, 0, 0]","[0, 0, 0, 0, 0, 0]","[0, 0, 0, 0, 0, 0]","[0, 0, 4.8, 1.2666666666666666, 2.2, 5.0]","[0, 0, 0, 0, 0, 0]"
17,2020-05-24,20200524HTSK0,"[0, 0, 0, 0, 0, 0]","[0, 0, 3.0, 1.2777777777777777, 17, 6.0]","[0, 0, 6.096774193548387, 1.4516129032258063, 4.666666666666667, 5.166666666666667]","[0, 0, 0, 0, 0, 0]","[0, 0, 0, 0, 0, 0]","[0, 0, 0.0, 1.6666666666666667, 0.3333333333333333, 1.0]","[0, 0, 0, 0, 0, 0]","[0, 0, 5.625, 1.5, 5.0, 4.0]","[0, 1, 1.5, 1.1666666666666667, 4.0, 1.0]","[0, 0, 1.1739130434782608, 0.5217391304347826, 9, 0.9583333333333334]","[0, 0, 0, 0, 0, 0]","[1, 0, 4.859999999999999, 1.44, 1.8571428571428572, 5.555555555555556]","[0, 0, 0, 0, 0, 0]","[0, 0, 0, 0, 0, 0]","[0, 1, 3.0, 1.5, 4.0, 1.0]","[0, 0, 22.5, 5.0, 0.0, 0.4]","[0, 0, 0.0, 0.5, 4.0, 0.6666666666666666]","[0, 1, 0.0, 0.75, 5.0, 1.1428571428571428]","[0, 0, 18.5625, 2.8125, 0.8333333333333334, 0.8888888888888888]","[0, 0, 0, 0, 0, 0]","[0, 0, 0, 0, 0, 0]","[0, 0, 0.0, 1.875, 0.8, 0.8888888888888888]","[0, 0, 0, 0, 0, 0]","[0, 0, 0, 0, 0, 0]","[0, 0, 0, 0, 0, 0]","[0, 0, 0, 0, 0, 0]","[0, 0, 0, 0, 0, 0]","[0, 0, 0, 0, 0, 0]","[0, 0, 4.8, 1.2666666666666666, 2.2, 5.0]","[0, 0, 0, 0, 0, 0]"
18,2020-05-26,20200526HTKT0,"[0, 0, 0, 0, 0, 0]","[0, 0, 3.0, 1.2777777777777777, 17, 6.0]","[1, 0, 3.8571428571428568, 1.1632653061224492, 4.6, 5.444444444444444]","[0, 0, 0, 0, 0, 0]","[0, 0, 0, 0, 0, 0]","[0, 0, 0.0, 1.6666666666666667, 0.3333333333333333, 1.0]","[0, 0, 0, 0, 0, 0]","[0, 0, 5.625, 1.5, 5.0, 4.0]","[0, 0, 1.5, 1.1666666666666667, 4.0, 1.0]","[0, 0, 1.1739130434782608, 0.5217391304347826, 9, 0.9583333333333334]","[0, 0, 0, 0, 0, 0]","[0, 0, 4.859999999999999, 1.44, 1.8571428571428572, 5.555555555555556]","[0, 0, 0, 0, 0, 0]","[0, 0, 0, 0, 0, 0]","[0, 1, 2.25, 1.375, 4.5, 1.1428571428571428]","[0, 0, 22.5, 5.0, 0.0, 0.4]","[0, 0, 0.0, 0.5, 4.0, 0.6666666666666666]","[0, 1, 0.0, 0.7, 3.6666666666666665, 1.25]","[0, 0, 18.5625, 2.8125, 0.8333333333333334, 0.8888888888888888]","[0, 0, 0, 0, 0, 0]","[0, 0, 0, 0, 0, 0]","[0, 0, 0.0, 1.875, 0.8, 0.8888888888888888]","[0, 0, 0, 0, 0, 0]","[0, 0, 0, 0, 0, 0]","[0, 0, 0, 0, 0, 0]","[0, 0, 0, 0, 0, 0]","[0, 0, 0, 0, 0, 0]","[0, 0, 0, 0, 0, 0]","[0, 0, 4.8, 1.2666666666666666, 2.2, 5.0]","[0, 0, 0, 0, 0, 0]"
19,2020-05-27,20200527HTKT0,"[0, 0, 0, 0, 0, 0]","[0, 0, 3.0, 1.2777777777777777, 17, 6.0]","[0, 0, 3.8571428571428568, 1.1632653061224492, 4.6, 5.444444444444444]","[0, 0, 0, 0, 0, 0]","[0, 0, 0, 0, 0, 0]","[0, 0, 0.0, 1.6666666666666667, 0.3333333333333333, 1.0]","[0, 0, 0, 0, 0, 0]","[1, 0, 3.375, 1.0625, 7.0, 5.333333333333333]","[0, 0, 1.5, 1.1666666666666667, 4.0, 1.0]","[0, 0, 1.1739130434782608, 0.5217391304347826, 9, 0.9583333333333334]","[0, 0, 0, 0, 0, 0]","[0, 0, 4.859999999999999, 1.44, 1.8571428571428572, 5.555555555555556]","[0, 0, 0, 0, 0, 0]","[0, 0, 0, 0, 0, 0]","[0, 0, 2.25, 1.375, 4.5, 1.1428571428571428]","[0, 0, 22.5, 5.0, 0.0, 0.4]","[0, 0, 0.0, 0.5, 4.0, 0.6666666666666666]","[0, 0, 0.0, 0.7, 3.6666666666666665, 1.25]","[0, 1, 15.631578947368421, 2.6842105263157894, 0.7142857142857143, 0.9047619047619048]","[0, 0, 0, 0, 0, 0]","[0, 0, 0, 0, 0, 0]","[0, 0, 0.0, 1.875, 0.8, 0.8888888888888888]","[0, 0, 0, 0, 0, 0]","[0, 0, 0, 0, 0, 0]","[0, 0, 0, 0, 0, 0]","[0, 0, 0, 0, 0, 0]","[0, 0, 0, 0, 0, 0]","[0, 0, 0, 0, 0, 0]","[0, 0, 4.8, 1.2666666666666666, 2.2, 5.0]","[0, 0, 0, 0, 0, 0]"
20,2020-05-28,20200528HTKT0,"[0, 0, 0, 0, 0, 0]","[0, 0, 3.0, 1.2777777777777777, 17, 6.0]","[0, 0, 3.8571428571428568, 1.1632653061224492, 4.6, 5.444444444444444]","[0, 0, 0, 0, 0, 0]","[0, 0, 0, 0, 0, 0]","[0, 0, 0.0, 1.6666666666666667, 0.3333333333333333, 1.0]","[0, 0, 0, 0, 0, 0]","[0, 0, 3.375, 1.0625, 7.0, 5.333333333333333]","[0, 0, 1.5, 1.1666666666666667, 4.0, 1.0]","[0, 1, 1.0, 0.5555555555555556, 9, 1.0]","[0, 0, 0, 0, 0, 0]","[0, 0, 4.859999999999999, 1.44, 1.8571428571428572, 5.555555555555556]","[0, 0, 0, 0, 0, 0]","[0, 0, 0, 0, 0, 0]","[0, 0, 2.25, 1.375, 4.5, 1.1428571428571428]","[0, 0, 22.5, 5.0, 0.0, 0.4]","[0, 0, 0.0, 0.5, 4.0, 0.6666666666666666]","[0, 1, 0.0, 0.6363636363636364, 4.666666666666667, 1.2222222222222223]","[0, 0, 15.631578947368421, 2.6842105263157894, 0.7142857142857143, 0.9047619047619048]","[0, 0, 0, 0, 0, 0]","[0, 0, 0, 0, 0, 0]","[0, 0, 0.0, 1.875, 0.8, 0.8888888888888888]","[0, 0, 0, 0, 0, 0]","[0, 0, 0, 0, 0, 0]","[0, 0, 0, 0, 0, 0]","[0, 0, 0, 0, 0, 0]","[0, 0, 0, 0, 0, 0]","[0, 0, 0, 0, 0, 0]","[1, 0, 3.4285714285714284, 1.1428571428571428, 2.6666666666666665, 5.25]","[0, 0, 0, 0, 0, 0]"
21,2020-05-29,20200529LGHT0,"[0, 0, 0, 0, 0, 0]","[1, 0, 3.2837837837837838, 1.3378378378378377, 7.666666666666667, 6.166666666666667]","[0, 0, 3.8571428571428568, 1.1632653061224492, 4.6, 5.444444444444444]","[0, 0, 0, 0, 0, 0]","[0, 0, 0, 0, 0, 0]","[0, 0, 0.0, 1.6666666666666667, 0.3333333333333333, 1.0]","[0, 0, 0, 0, 0, 0]","[0, 0, 3.375, 1.0625, 7.0, 5.333333333333333]","[0, 1, 2.7, 1.3499999999999999, 4.0, 0.9523809523809524]","[0, 0, 1.0, 0.5555555555555556, 9, 1.0]","[0, 0, 0, 0, 0, 0]","[0, 0, 4.859999999999999, 1.44, 1.8571428571428572, 5.555555555555556]","[0, 0, 0, 0, 0, 0]","[0, 0, 0, 0, 0, 0]","[0, 0, 2.25, 1.375, 4.5, 1.1428571428571428]","[0, 0, 22.5, 5.0, 0.0, 0.4]","[0, 0, 0.0, 0.5, 4.0, 0.6666666666666666]","[0, 0, 0.0, 0.6363636363636364, 4.666666666666667, 1.2222222222222223]","[0, 0, 15.631578947368421, 2.6842105263157894, 0.7142857142857143, 0.9047619047619048]","[0, 0, 0, 0, 0, 0]","[0, 0, 0, 0, 0, 0]","[0, 0, 0.0, 1.875, 0.8, 0.8888888888888888]","[0, 0, 0, 0, 0, 0]","[0, 0, 0, 0, 0, 0]","[0, 1, 0, 0, 0, 0]","[0, 0, 0, 0, 0, 0]","[0, 0, 0, 0, 0, 0]","[0, 0, 0, 0, 0, 0]","[0, 0, 3.4285714285714284, 1.1428571428571428, 2.6666666666666665, 5.25]","[0, 0, 0, 0, 0, 0]"
22,2020-05-30,20200530LGHT0,"[0, 0, 0, 0, 0, 0]","[0, 0, 3.2837837837837838, 1.3378378378378377, 7.666666666666667, 6.166666666666667]","[0, 0, 3.8571428571428568, 1.1632653061224492, 4.6, 5.444444444444444]","[0, 0, 0, 0, 0, 0]","[0, 0, 0, 0, 0, 0]","[0, 0, 0.0, 1.6666666666666667, 0.3333333333333333, 1.0]","[0, 0, 0, 0, 0, 0]","[0, 0, 3.375, 1.0625, 7.0, 5.333333333333333]","[0, 0, 2.7, 1.3499999999999999, 4.0, 0.9523809523809524]","[0, 0, 1.0, 0.5555555555555556, 9, 1.0]","[0, 0, 0, 0, 0, 0]","[1, 0, 3.802816901408451, 1.2253521126760563, 1.6666666666666667, 5.916666666666667]","[0, 0, 0, 0, 0, 0]","[0, 0, 0, 0, 0, 0]","[0, 0, 2.25, 1.375, 4.5, 1.1428571428571428]","[0, 0, 22.5, 5.0, 0.0, 0.4]","[0, 0, 0.0, 0.5, 4.0, 0.6666666666666666]","[0, 0, 0.0, 0.6363636363636364, 4.666666666666667, 1.2222222222222223]","[0, 1, 14.727272727272727, 2.590909090909091, 0.625, 0.9166666666666666]","[0, 0, 0, 0, 0, 0]","[0, 0, 0, 0, 0, 0]","[0, 0, 0.0, 1.875, 0.8, 0.8888888888888888]","[0, 1, 0, 0, 0, 0]","[0, 0, 0, 0, 0, 0]","[0, 0, 0, 0, 0, 0]","[0, 0, 0, 0, 0, 0]","[0, 0, 0, 0, 0, 0]","[0, 0, 0, 0, 0, 0]","[0, 0, 3.4285714285714284, 1.1428571428571428, 2.6666666666666665, 5.25]","[0, 0, 0, 0, 0, 0]"
23,2020-05-31,20200531LGHT0,"[0, 0, 0, 0, 0, 0]","[0, 0, 3.2837837837837838, 1.3378378378378377, 7.666666666666667, 6.166666666666667]","[1, 0, 2.7, 0.942857142857143, 6.2, 5.833333333333333]","[0, 0, 0, 0, 0, 0]","[0, 0, 0, 0, 0, 0]","[0, 0, 0.0, 1.6666666666666667, 0.3333333333333333, 1.0]","[0, 0, 0, 0, 0, 0]","[0, 0, 3.375, 1.0625, 7.0, 5.333333333333333]","[0, 1, 6.136363636363636, 1.9090909090909092, 2.0, 0.9166666666666666]","[0, 0, 1.0, 0.5555555555555556, 9, 1.0]","[0, 0, 0, 0, 0, 0]","[0, 0, 3.802816901408451, 1.2253521126760563, 1.6666666666666667, 5.916666666666667]","[0, 0, 0, 0, 0, 0]","[0, 0, 0, 0, 0, 0]","[0, 1, 2.0, 1.4444444444444444, 4.0, 1.125]","[0, 0, 22.5, 5.0, 0.0, 0.4]","[0, 0, 0.0, 0.5, 4.0, 0.6666666666666666]","[0, 0, 0.0, 0.6363636363636364, 4.666666666666667, 1.2222222222222223]","[0, 1, 16.875, 2.875, 0.7, 0.8888888888888888]","[0, 0, 0, 0, 0, 0]","[0, 0, 0, 0, 0, 0]","[0, 1, 7.7142857142857135, 2.142857142857143, 0.8, 1.1666666666666667]","[0, 0, 0, 0, 0, 0]","[0, 0, 0, 0, 0, 0]","[0, 0, 0, 0, 0, 0]","[0, 0, 0, 0, 0, 0]","[0, 0, 0, 0, 0, 0]","[0, 0, 0, 0, 0, 0]","[0, 0, 3.4285714285714284, 1.1428571428571428, 2.6666666666666665, 5.25]","[0, 0, 0, 0, 0, 0]"
24,2020-06-02,20200602LTHT0,"[0, 0, 0, 0, 0, 0]","[0, 0, 3.2837837837837838, 1.3378378378378377, 7.666666666666667, 6.166666666666667]","[0, 0, 2.7, 0.942857142857143, 6.2, 5.833333333333333]","[0, 0, 0, 0, 0, 0]","[0, 0, 0, 0, 0, 0]","[0, 0, 0.0, 1.6666666666666667, 0.3333333333333333, 1.0]","[0, 0, 0, 0, 0, 0]","[1, 0, 3.8571428571428568, 1.1428571428571428, 6.333333333333333, 5.25]","[0, 0, 6.136363636363636, 1.9090909090909092, 2.0, 0.9166666666666666]","[0, 1, 0.8181818181818182, 0.5454545454545454, 12, 1.1]","[0, 0, 0, 0, 0, 0]","[0, 0, 3.802816901408451, 1.2253521126760563, 1.6666666666666667, 5.916666666666667]","[0, 0, 0, 0, 0, 0]","[0, 0, 0, 0, 0, 0]","[0, 0, 2.0, 1.4444444444444444, 4.0, 1.125]","[0, 0, 22.5, 5.0, 0.0, 0.4]","[0, 0, 0.0, 0.5, 4.0, 0.6666666666666666]","[0, 1, 0.0, 0.6666666666666666, 3.75, 1.2]","[0, 0, 16.875, 2.875, 0.7, 0.8888888888888888]","[0, 0, 0, 0, 0, 0]","[0, 0, 0, 0, 0, 0]","[0, 0, 7.7142857142857135, 2.142857142857143, 0.8, 1.1666666666666667]","[0, 0, 0, 0, 0, 0]","[0, 0, 0, 0, 0, 0]","[0, 0, 0, 0, 0, 0]","[0, 0, 0, 0, 0, 0]","[0, 0, 0, 0, 0, 0]","[0, 0, 0, 0, 0, 0]","[0, 0, 3.4285714285714284, 1.1428571428571428, 2.6666666666666665, 5.25]","[0, 1, 0, 0, 0, 0]"
25,2020-06-03,20200603LTHT0,"[0, 0, 0, 0, 0, 0]","[0, 0, 3.2837837837837838, 1.3378378378378377, 7.666666666666667, 6.166666666666667]","[0, 0, 2.7, 0.942857142857143, 6.2, 5.833333333333333]","[0, 0, 0, 0, 0, 0]","[0, 0, 0, 0, 0, 0]","[0, 0, 0.0, 1.6666666666666667, 0.3333333333333333, 1.0]","[0, 0, 0, 0, 0, 0]","[0, 0, 3.8571428571428568, 1.1428571428571428, 6.333333333333333, 5.25]","[0, 1, 5.4, 1.68, 2.0, 0.925925925925926]","[0, 0, 0.8181818181818182, 0.5454545454545454, 12, 1.1]","[0, 0, 0, 0, 0, 0]","[0, 0, 3.802816901408451, 1.2253521126760563, 1.6666666666666667, 5.916666666666667]","[0, 0, 0, 0, 0, 0]","[0, 0, 0, 0, 0, 0]","[0, 0, 2.0, 1.4444444444444444, 4.0, 1.125]","[0, 0, 22.5, 5.0, 0.0, 0.4]","[0, 1, 0.0, 1.0, 4.0, 0.5]","[0, 0, 0.0, 0.6666666666666666, 3.75, 1.2]","[0, 0, 16.875, 2.875, 0.7, 0.8888888888888888]","[0, 0, 0, 0, 0, 0]","[0, 0, 0, 0, 0, 0]","[0, 0, 7.7142857142857135, 2.142857142857143, 0.8, 1.1666666666666667]","[0, 0, 0, 0, 0, 0]","[0, 0, 0, 0, 0, 0]","[0, 0, 0, 0, 0, 0]","[0, 0, 0, 0, 0, 0]","[0, 0, 0, 0, 0, 0]","[0, 0, 0, 0, 0, 0]","[1, 0, 4.846153846153846, 1.4230769230769231, 2.25, 5.2]","[0, 0, 0, 0, 0, 0]"
26,2020-06-04,20200604LTHT0,"[0, 0, 0, 0, 0, 0]","[1, 0, 3.2282608695652173, 1.2391304347826086, 5.2, 6.133333333333334]","[0, 0, 2.7, 0.942857142857143, 6.2, 5.833333333333333]","[0, 0, 0, 0, 0, 0]","[0, 0, 0, 0, 0, 0]","[0, 0, 0.0, 1.6666666666666667, 0.3333333333333333, 1.0]","[0, 0, 0, 0, 0, 0]","[0, 0, 3.8571428571428568, 1.1428571428571428, 6.333333333333333, 5.25]","[0, 0, 5.4, 1.68, 2.0, 0.925925925925926]","[0, 1, 0.75, 0.5, 13, 1.0909090909090908]","[0, 0, 0, 0, 0, 0]","[0, 0, 3.802816901408451, 1.2253521126760563, 1.6666666666666667, 5.916666666666667]","[0, 0, 0, 0, 0, 0]","[0, 0, 0, 0, 0, 0]","[0, 0, 2.0, 1.4444444444444444, 4.0, 1.125]","[0, 0, 22.5, 5.0, 0.0, 0.4]","[0, 1, 0.0, 1.0, 3.0, 0.6]","[0, 1, 0.0, 0.6923076923076923, 3.2, 1.1818181818181819]","[0, 0, 16.875, 2.875, 0.7, 0.8888888888888888]","[0, 0, 0, 0, 0, 0]","[0, 0, 0, 0, 0, 0]","[0, 0, 7.7142857142857135, 2.142857142857143, 0.8, 1.1666666666666667]","[0, 0, 0, 0, 0, 0]","[0, 0, 0, 0, 0, 0]","[0, 0, 0, 0, 0, 0]","[0, 0, 0, 0, 0, 0]","[0, 0, 0, 0, 0, 0]","[0, 0, 0, 0, 0, 0]","[0, 0, 4.846153846153846, 1.4230769230769231, 2.25, 5.2]","[0, 1, 0.0, 0.0, 1, 1.0]"
27,2020-06-05,20200605HTOB0,"[0, 0, 0, 0, 0, 0]","[0, 0, 3.2282608695652173, 1.2391304347826086, 5.2, 6.133333333333334]","[0, 0, 2.7, 0.942857142857143, 6.2, 5.833333333333333]","[0, 0, 0, 0, 0, 0]","[0, 0, 0, 0, 0, 0]","[0, 0, 0.0, 1.6666666666666667, 0.3333333333333333, 1.0]","[0, 0, 0, 0, 0, 0]","[0, 0, 3.8571428571428568, 1.1428571428571428, 6.333333333333333, 5.25]","[0, 0, 5.4, 1.68, 2.0, 0.925925925925926]","[0, 1, 0.675, 0.525, 14, 1.1111111111111112]","[0, 0, 0, 0, 0, 0]","[1, 0, 3.2282608695652173, 1.108695652173913, 2.090909090909091, 6.133333333333334]","[0, 0, 0, 0, 0, 0]","[0, 0, 0, 0, 0, 0]","[0, 0, 2.0, 1.4444444444444444, 4.0, 1.125]","[0, 0, 22.5, 5.0, 0.0, 0.4]","[0, 0, 0.0, 1.0, 3.0, 0.6]","[0, 0, 0.0, 0.6923076923076923, 3.2, 1.1818181818181819]","[0, 0, 16.875, 2.875, 0.7, 0.8888888888888888]","[0, 0, 0, 0, 0, 0]","[0, 0, 0, 0, 0, 0]","[0, 0, 7.7142857142857135, 2.142857142857143, 0.8, 1.1666666666666667]","[0, 0, 0, 0, 0, 0]","[0, 0, 0, 0, 0, 0]","[0, 0, 0, 0, 0, 0]","[0, 0, 0, 0, 0, 0]","[0, 0, 0, 0, 0, 0]","[0, 0, 0, 0, 0, 0]","[0, 0, 4.846153846153846, 1.4230769230769231, 2.25, 5.2]","[0, 0, 0.0, 0.0, 1, 1.0]"
28,2020-06-06,20200606HTOB0,"[0, 0, 0, 0, 0, 0]","[0, 0, 3.2282608695652173, 1.2391304347826086, 5.2, 6.133333333333334]","[1, 0, 3.951219512195122, 1.0975609756097562, 6.166666666666667, 5.466666666666667]","[0, 0, 0, 0, 0, 0]","[0, 0, 0, 0, 0, 0]","[0, 0, 0.0, 1.6666666666666667, 0.3333333333333333, 1.0]","[0, 0, 0, 0, 0, 0]","[0, 0, 3.8571428571428568, 1.1428571428571428, 6.333333333333333, 5.25]","[0, 0, 5.4, 1.68, 2.0, 0.925925925925926]","[0, 0, 0.675, 0.525, 14, 1.1111111111111112]","[0, 0, 0, 0, 0, 0]","[0, 0, 3.2282608695652173, 1.108695652173913, 2.090909090909091, 6.133333333333334]","[0, 0, 0, 0, 0, 0]","[0, 0, 0, 0, 0, 0]","[0, 1, 1.8, 1.4, 4.333333333333333, 1.1111111111111112]","[0, 0, 22.5, 5.0, 0.0, 0.4]","[0, 1, 0.0, 1.2, 2.0, 0.5555555555555556]","[0, 1, 0.0, 0.6749999999999999, 3.2, 1.1111111111111112]","[0, 0, 16.875, 2.875, 0.7, 0.8888888888888888]","[0, 0, 0, 0, 0, 0]","[0, 0, 0, 0, 0, 0]","[0, 0, 7.7142857142857135, 2.142857142857143, 0.8, 1.1666666666666667]","[0, 0, 0, 0, 0, 0]","[0, 0, 0, 0, 0, 0]","[0, 0, 0, 0, 0, 0]","[0, 0, 0, 0, 0, 0]","[0, 0, 0, 0, 0, 0]","[0, 0, 0, 0, 0, 0]","[0, 0, 4.846153846153846, 1.4230769230769231, 2.25, 5.2]","[0, 0, 0.0, 0.0, 1, 1.0]"
29,2020-06-07,20200607HTOB0,"[0, 0, 0, 0, 0, 0]","[0, 0, 3.2282608695652173, 1.2391304347826086, 5.2, 6.133333333333334]","[0, 0, 3.951219512195122, 1.0975609756097562, 6.166666666666667, 5.466666666666667]","[0, 0, 0, 0, 0, 0]","[0, 0, 0, 0, 0, 0]","[0, 0, 0.0, 1.6666666666666667, 0.3333333333333333, 1.0]","[0, 0, 0, 0, 0, 0]","[1, 0, 3.6666666666666665, 1.1851851851851851, 6.0, 5.4]","[0, 1, 4.821428571428571, 1.5, 2.0, 0.9333333333333333]","[0, 1, 0.6585365853658537, 0.5853658536585367, 14, 1.0512820512820513]","[0, 0, 0, 0, 0, 0]","[0, 0, 3.2282608695652173, 1.108695652173913, 2.090909090909091, 6.133333333333334]","[0, 0, 0, 0, 0, 0]","[0, 0, 0, 0, 0, 0]","[0, 0, 1.8, 1.4, 4.333333333333333, 1.1111111111111112]","[0, 0, 22.5, 5.0, 0.0, 0.4]","[0, 1, 2.7, 1.5, 2.0, 0.4761904761904762]","[0, 0, 0.0, 0.6749999999999999, 3.2, 1.1111111111111112]","[0, 0, 16.875, 2.875, 0.7, 0.8888888888888888]","[0, 0, 0, 0, 0, 0]","[0, 0, 0, 0, 0, 0]","[0, 0, 7.7142857142857135, 2.142857142857143, 0.8, 1.1666666666666667]","[0, 0, 0, 0, 0, 0]","[0, 0, 0, 0, 0, 0]","[0, 0, 0, 0, 0, 0]","[0, 0, 0, 0, 0, 0]","[0, 0, 0, 0, 0, 0]","[0, 0, 0, 0, 0, 0]","[0, 0, 4.846153846153846, 1.4230769230769231, 2.25, 5.2]","[0, 1, 6.75, 1.5, 2, 0.6666666666666666]"
30,2020-06-09,20200609HTKT0,"[0, 0, 0, 0, 0, 0]","[0, 0, 3.2282608695652173, 1.2391304347826086, 5.2, 6.133333333333334]","[0, 0, 3.951219512195122, 1.0975609756097562, 6.166666666666667, 5.466666666666667]","[0, 0, 0, 0, 0, 0]","[0, 0, 0, 0, 0, 0]","[0, 0, 0.0, 1.6666666666666667, 0.3333333333333333, 1.0]","[0, 0, 0, 0, 0, 0]","[0, 0, 3.6666666666666665, 1.1851851851851851, 6.0, 5.4]","[0, 0, 4.821428571428571, 1.5, 2.0, 0.9333333333333333]","[0, 0, 0.6585365853658537, 0.5853658536585367, 14, 1.0512820512820513]","[0, 0, 0, 0, 0, 0]","[0, 0, 3.2282608695652173, 1.108695652173913, 2.090909090909091, 6.133333333333334]","[0, 0, 0, 0, 0, 0]","[0, 0, 0, 0, 0, 0]","[0, 1, 1.8, 1.5, 4.333333333333333, 1.0]","[0, 0, 22.5, 5.0, 0.0, 0.4]","[0, 0, 2.7, 1.5, 2.0, 0.4761904761904762]","[0, 1, 0.0, 0.7333333333333333, 3.6, 1.1538461538461537]","[0, 0, 16.875, 2.875, 0.7, 0.8888888888888888]","[0, 0, 0, 0, 0, 0]","[0, 0, 0, 0, 0, 0]","[0, 0, 7.7142857142857135, 2.142857142857143, 0.8, 1.1666666666666667]","[0, 0, 0, 0, 0, 0]","[0, 0, 0, 0, 0, 0]","[0, 0, 0, 0, 0, 0]","[0, 0, 0, 0, 0, 0]","[0, 0, 0, 0, 0, 0]","[0, 0, 0, 0, 0, 0]","[1, 0, 4.21875, 1.25, 2.4444444444444446, 5.333333333333333]","[0, 1, 7.7142857142857135, 1.7142857142857142, 2.5, 0.7777777777777778]"
31,2020-06-10,20200610HTKT0,"[0, 0, 0, 0, 0, 0]","[1, 0, 3.1339285714285716, 1.2589285714285714, 4.428571428571429, 6.222222222222222]","[0, 0, 3.951219512195122, 1.0975609756097562, 6.166666666666667, 5.466666666666667]","[0, 0, 0, 0, 0, 0]","[0, 0, 0, 0, 0, 0]","[0, 0, 0.0, 1.6666666666666667, 0.3333333333333333, 1.0]","[0, 0, 0, 0, 0, 0]","[0, 0, 3.6666666666666665, 1.1851851851851851, 6.0, 5.4]","[0, 0, 4.821428571428571, 1.5, 2.0, 0.9333333333333333]","[0, 0, 0.6585365853658537, 0.5853658536585367, 14, 1.0512820512820513]","[0, 0, 0, 0, 0, 0]","[0, 0, 3.2282608695652173, 1.108695652173913, 2.090909090909091, 6.133333333333334]","[0, 0, 0, 0, 0, 0]","[0, 0, 0, 0, 0, 0]","[0, 0, 1.8, 1.5, 4.333333333333333, 1.0]","[0, 0, 22.5, 5.0, 0.0, 0.4]","[0, 0, 2.7, 1.5, 2.0, 0.4761904761904762]","[0, 0, 0.0, 0.7333333333333333, 3.6, 1.1538461538461537]","[0, 0, 16.875, 2.875, 0.7, 0.8888888888888888]","[0, 0, 0, 0, 0, 0]","[0, 0, 0, 0, 0, 0]","[0, 0, 7.7142857142857135, 2.142857142857143, 0.8, 1.1666666666666667]","[0, 0, 0, 0, 0, 0]","[0, 0, 0, 0, 0, 0]","[0, 0, 0, 0, 0, 0]","[0, 0, 0, 0, 0, 0]","[0, 0, 0, 0, 0, 0]","[0, 0, 0, 0, 0, 0]","[0, 0, 4.21875, 1.25, 2.4444444444444446, 5.333333333333333]","[0, 0, 7.7142857142857135, 1.7142857142857142, 2.5, 0.7777777777777778]"
32,2020-06-11,20200611HTKT0,"[0, 0, 0, 0, 0, 0]","[0, 0, 3.1339285714285716, 1.2589285714285714, 4.428571428571429, 6.222222222222222]","[0, 0, 3.951219512195122, 1.0975609756097562, 6.166666666666667, 5.466666666666667]","[0, 0, 0, 0, 0, 0]","[0, 0, 0, 0, 0, 0]","[0, 0, 0.0, 1.6666666666666667, 0.3333333333333333, 1.0]","[0, 0, 0, 0, 0, 0]","[0, 0, 3.6666666666666665, 1.1851851851851851, 6.0, 5.4]","[0, 1, 5.785714285714286, 1.607142857142857, 2.0, 0.8484848484848485]","[0, 0, 0.6585365853658537, 0.5853658536585367, 14, 1.0512820512820513]","[0, 0, 0, 0, 0, 0]","[1, 0, 3.8571428571428568, 1.0982142857142856, 2.1666666666666665, 6.222222222222222]","[0, 0, 0, 0, 0, 0]","[0, 0, 0, 0, 0, 0]","[0, 0, 1.8, 1.5, 4.333333333333333, 1.0]","[0, 0, 22.5, 5.0, 0.0, 0.4]","[0, 0, 2.7, 1.5, 2.0, 0.4761904761904762]","[0, 0, 0.0, 0.7333333333333333, 3.6, 1.1538461538461537]","[0, 0, 16.875, 2.875, 0.7, 0.8888888888888888]","[0, 0, 0, 0, 0, 0]","[0, 0, 0, 0, 0, 0]","[0, 1, 10.5, 2.8333333333333335, 0.6666666666666666, 1.2]","[0, 0, 0, 0, 0, 0]","[0, 0, 0, 0, 0, 0]","[0, 0, 0, 0, 0, 0]","[0, 1, 0, 0, 0, 0]","[0, 0, 0, 0, 0, 0]","[0, 0, 0, 0, 0, 0]","[0, 0, 4.21875, 1.25, 2.4444444444444446, 5.333333333333333]","[0, 0, 7.7142857142857135, 1.7142857142857142, 2.5, 0.7777777777777778]"
33,2020-06-12,20200612HTSK0,"[0, 0, 0, 0, 0, 0]","[0, 0, 3.1339285714285716, 1.2589285714285714, 4.428571428571429, 6.222222222222222]","[1, 0, 3.4752475247524752, 1.0693069306930694, 5.714285714285714, 5.611111111111111]","[0, 0, 0, 0, 0, 0]","[0, 0, 0, 0, 0, 0]","[0, 0, 0.0, 1.6666666666666667, 0.3333333333333333, 1.0]","[0, 0, 0, 0, 0, 0]","[0, 0, 3.6666666666666665, 1.1851851851851851, 6.0, 5.4]","[0, 0, 5.785714285714286, 1.607142857142857, 2.0, 0.8484848484848485]","[0, 1, 0.5869565217391304, 0.5869565217391304, 16, 1.0952380952380953]","[0, 0, 0, 0, 0, 0]","[0, 0, 3.8571428571428568, 1.0982142857142856, 2.1666666666666665, 6.222222222222222]","[0, 0, 0, 0, 0, 0]","[0, 0, 0, 0, 0, 0]","[0, 1, 1.6363636363636365, 1.3636363636363635, 5.0, 1.0]","[0, 0, 22.5, 5.0, 0.0, 0.4]","[0, 0, 2.7, 1.5, 2.0, 0.4761904761904762]","[0, 1, 0.5625, 0.75, 4.2, 1.1428571428571428]","[0, 0, 16.875, 2.875, 0.7, 0.8888888888888888]","[0, 0, 0, 0, 0, 0]","[0, 0, 0, 0, 0, 0]","[0, 0, 10.5, 2.8333333333333335, 0.6666666666666666, 1.2]","[0, 0, 0, 0, 0, 0]","[0, 0, 0, 0, 0, 0]","[0, 0, 0, 0, 0, 0]","[0, 0, 0, 0, 0, 0]","[0, 0, 0, 0, 0, 0]","[0, 0, 0, 0, 0, 0]","[0, 0, 4.21875, 1.25, 2.4444444444444446, 5.333333333333333]","[0, 0, 7.7142857142857135, 1.7142857142857142, 2.5, 0.7777777777777778]"
34,2020-06-13,20200613HTSK0,"[0, 0, 0, 0, 0, 0]","[0, 0, 3.1339285714285716, 1.2589285714285714, 4.428571428571429, 6.222222222222222]","[0, 0, 3.4752475247524752, 1.0693069306930694, 5.714285714285714, 5.611111111111111]","[0, 0, 0, 0, 0, 0]","[0, 0, 0, 0, 0, 0]","[0, 0, 0.0, 1.6666666666666667, 0.3333333333333333, 1.0]","[0, 0, 0, 0, 0, 0]","[1, 0, 3.3402061855670104, 1.2061855670103092, 7.0, 5.388888888888889]","[0, 0, 5.785714285714286, 1.607142857142857, 2.0, 0.8484848484848485]","[0, 1, 0.5744680851063829, 0.574468085106383, 17, 1.0444444444444445]","[0, 0, 0, 0, 0, 0]","[0, 0, 3.8571428571428568, 1.0982142857142856, 2.1666666666666665, 6.222222222222222]","[0, 0, 0, 0, 0, 0]","[0, 0, 0, 0, 0, 0]","[0, 1, 1.5, 1.25, 5.333333333333333, 1.0]","[0, 0, 22.5, 5.0, 0.0, 0.4]","[0, 0, 2.7, 1.5, 2.0, 0.4761904761904762]","[0, 1, 0.5294117647058824, 0.8235294117647058, 3.142857142857143, 1.1333333333333333]","[0, 0, 16.875, 2.875, 0.7, 0.8888888888888888]","[0, 0, 0, 0, 0, 0]","[0, 0, 0, 0, 0, 0]","[0, 0, 10.5, 2.8333333333333335, 0.6666666666666666, 1.2]","[0, 0, 0, 0, 0, 0]","[0, 0, 0, 0, 0, 0]","[0, 0, 0, 0, 0, 0]","[0, 0, 0, 0, 0, 0]","[0, 0, 0, 0, 0, 0]","[0, 0, 0, 0, 0, 0]","[0, 0, 4.21875, 1.25, 2.4444444444444446, 5.333333333333333]","[0, 0, 7.7142857142857135, 1.7142857142857142, 2.5, 0.7777777777777778]"
35,2020-06-14,20200614HTSK0,"[0, 0, 0, 0, 0, 0]","[0, 0, 3.1339285714285716, 1.2589285714285714, 4.428571428571429, 6.222222222222222]","[0, 0, 3.4752475247524752, 1.0693069306930694, 5.714285714285714, 5.611111111111111]","[0, 0, 0, 0, 0, 0]","[0, 0, 0, 0, 0, 0]","[0, 0, 0.0, 1.6666666666666667, 0.3333333333333333, 1.0]","[0, 0, 0, 0, 0, 0]","[0, 0, 3.3402061855670104, 1.2061855670103092, 7.0, 5.388888888888889]","[0, 0, 5.785714285714286, 1.607142857142857, 2.0, 0.8484848484848485]","[0, 0, 0.5744680851063829, 0.574468085106383, 17, 1.0444444444444445]","[0, 0, 0, 0, 0, 0]","[0, 0, 3.8571428571428568, 1.0982142857142856, 2.1666666666666665, 6.222222222222222]","[0, 0, 0, 0, 0, 0]","[0, 0, 0, 0, 0, 0]","[0, 0, 1.5, 1.25, 5.333333333333333, 1.0]","[0, 0, 22.5, 5.0, 0.0, 0.4]","[0, 0, 2.7, 1.5, 2.0, 0.4761904761904762]","[0, 0, 0.5294117647058824, 0.8235294117647058, 3.142857142857143, 1.1333333333333333]","[0, 0, 16.875, 2.875, 0.7, 0.8888888888888888]","[0, 0, 0, 0, 0, 0]","[0, 0, 0, 0, 0, 0]","[0, 0, 10.5, 2.8333333333333335, 0.6666666666666666, 1.2]","[0, 0, 0, 0, 0, 0]","[0, 0, 0, 0, 0, 0]","[0, 0, 0, 0, 0, 0]","[0, 0, 0, 0, 0, 0]","[0, 0, 0, 0, 0, 0]","[0, 0, 0, 0, 0, 0]","[1, 0, 3.8918918918918917, 1.2702702702702702, 2.3636363636363638, 5.285714285714286]","[0, 1, 4.153846153846154, 1.153846153846154, 4.0, 1.0833333333333333]"
36,2020-06-16,20200616NCHT0,"[0, 0, 0, 0, 0, 0]","[1, 0, 2.763779527559055, 1.1811023622047243, 4.857142857142857, 6.047619047619048]","[0, 0, 3.4752475247524752, 1.0693069306930694, 5.714285714285714, 5.611111111111111]","[0, 0, 0, 0, 0, 0]","[0, 0, 0, 0, 0, 0]","[0, 0, 0.0, 1.6666666666666667, 0.3333333333333333, 1.0]","[0, 0, 0, 0, 0, 0]","[0, 0, 3.3402061855670104, 1.2061855670103092, 7.0, 5.388888888888889]","[0, 0, 5.785714285714286, 1.607142857142857, 2.0, 0.8484848484848485]","[0, 1, 0.54, 0.6, 17.0, 1.0416666666666667]","[0, 0, 0, 0, 0, 0]","[0, 0, 3.8571428571428568, 1.0982142857142856, 2.1666666666666665, 6.222222222222222]","[0, 0, 0, 0, 0, 0]","[0, 0, 0, 0, 0, 0]","[0, 1, 1.3846153846153846, 1.2307692307692308, 5.666666666666667, 1.0]","[0, 0, 22.5, 5.0, 0.0, 0.4]","[0, 0, 2.7, 1.5, 2.0, 0.4761904761904762]","[0, 1, 0.5, 0.8333333333333334, 3.4285714285714284, 1.125]","[0, 0, 16.875, 2.875, 0.7, 0.8888888888888888]","[0, 0, 0, 0, 0, 0]","[0, 0, 0, 0, 0, 0]","[0, 0, 10.5, 2.8333333333333335, 0.6666666666666666, 1.2]","[0, 0, 0, 0, 0, 0]","[0, 0, 0, 0, 0, 0]","[0, 0, 0, 0, 0, 0]","[0, 0, 0, 0, 0, 0]","[0, 0, 0, 0, 0, 0]","[0, 0, 0, 0, 0, 0]","[0, 0, 3.8918918918918917, 1.2702702702702702, 2.3636363636363638, 5.285714285714286]","[0, 1, 4.764705882352941, 1.0588235294117647, 5.5, 1.1333333333333333]"
37,2020-06-17,20200617NCHT0,"[0, 0, 0, 0, 0, 0]","[0, 0, 2.763779527559055, 1.1811023622047243, 4.857142857142857, 6.047619047619048]","[0, 0, 3.4752475247524752, 1.0693069306930694, 5.714285714285714, 5.611111111111111]","[0, 0, 0, 0, 0, 0]","[0, 0, 0, 0, 0, 0]","[0, 0, 0.0, 1.6666666666666667, 0.3333333333333333, 1.0]","[0, 0, 0, 0, 0, 0]","[0, 0, 3.3402061855670104, 1.2061855670103092, 7.0, 5.388888888888889]","[0, 0, 5.785714285714286, 1.607142857142857, 2.0, 0.8484848484848485]","[0, 1, 0.5094339622641509, 0.6226415094339622, 17.0, 1.0392156862745099]","[0, 0, 0, 0, 0, 0]","[1, 0, 5.090163934426229, 1.3032786885245902, 2.1538461538461537, 5.809523809523809]","[0, 0, 0, 0, 0, 0]","[0, 0, 0, 0, 0, 0]","[0, 1, 1.2857142857142856, 1.2142857142857142, 6.333333333333333, 1.0]","[0, 0, 22.5, 5.0, 0.0, 0.4]","[0, 0, 2.7, 1.5, 2.0, 0.4761904761904762]","[0, 1, 0.9473684210526315, 0.8947368421052632, 3.5714285714285716, 1.1176470588235294]","[0, 0, 16.875, 2.875, 0.7, 0.8888888888888888]","[0, 0, 0, 0, 0, 0]","[0, 0, 0, 0, 0, 0]","[0, 0, 10.5, 2.8333333333333335, 0.6666666666666666, 1.2]","[0, 0, 0, 0, 0, 0]","[0, 0, 0, 0, 0, 0]","[0, 0, 0, 0, 0, 0]","[0, 0, 0, 0, 0, 0]","[0, 0, 0, 0, 0, 0]","[0, 0, 0, 0, 0, 0]","[0, 0, 3.8918918918918917, 1.2702702702702702, 2.3636363636363638, 5.285714285714286]","[0, 1, 4.5, 1.1666666666666667, 4.0, 1.0]"
38,2020-06-19,20200619SSHT0,"[0, 0, 0, 0, 0, 0]","[0, 0, 2.763779527559055, 1.1811023622047243, 4.857142857142857, 6.047619047619048]","[1, 0, 3.5702479338842976, 1.0661157024793388, 5.0, 5.761904761904762]","[0, 0, 0, 0, 0, 0]","[0, 0, 0, 0, 0, 0]","[0, 0, 0.0, 1.6666666666666667, 0.3333333333333333, 1.0]","[0, 0, 0, 0, 0, 0]","[0, 0, 3.3402061855670104, 1.2061855670103092, 7.0, 5.388888888888889]","[0, 1, 4.5, 1.5, 1.6666666666666667, 1.0]","[0, 0, 0.5094339622641509, 0.6226415094339622, 17.0, 1.0392156862745099]","[0, 0, 0, 0, 0, 0]","[0, 0, 5.090163934426229, 1.3032786885245902, 2.1538461538461537, 5.809523809523809]","[0, 0, 0, 0, 0, 0]","[0, 0, 0, 0, 0, 0]","[0, 1, 1.2, 1.1333333333333333, 6.666666666666667, 1.0]","[0, 0, 22.5, 5.0, 0.0, 0.4]","[0, 0, 2.7, 1.5, 2.0, 0.4761904761904762]","[0, 1, 0.9, 0.85, 3.7142857142857144, 1.1111111111111112]","[0, 0, 16.875, 2.875, 0.7, 0.8888888888888888]","[0, 0, 0, 0, 0, 0]","[0, 0, 0, 0, 0, 0]","[0, 0, 10.5, 2.8333333333333335, 0.6666666666666666, 1.2]","[0, 0, 0, 0, 0, 0]","[0, 0, 0, 0, 0, 0]","[0, 0, 0, 0, 0, 0]","[0, 0, 0, 0, 0, 0]","[0, 0, 0, 0, 0, 0]","[0, 0, 0, 0, 0, 0]","[0, 0, 3.8918918918918917, 1.2702702702702702, 2.3636363636363638, 5.285714285714286]","[0, 1, 3.8571428571428568, 1.1428571428571428, 3.5, 1.0]"
39,2020-06-20,20200620SSHT0,"[0, 0, 0, 0, 0, 0]","[0, 0, 2.763779527559055, 1.1811023622047243, 4.857142857142857, 6.047619047619048]","[0, 0, 3.5702479338842976, 1.0661157024793388, 5.0, 5.761904761904762]","[0, 0, 0, 0, 0, 0]","[0, 0, 0, 0, 0, 0]","[0, 0, 0.0, 1.6666666666666667, 0.3333333333333333, 1.0]","[0, 0, 0, 0, 0, 0]","[1, 0, 2.817391304347826, 1.1217391304347826, 6.8, 5.476190476190476]","[0, 1, 4.153846153846154, 1.4615384615384615, 1.6666666666666667, 1.0]","[0, 1, 0.9642857142857142, 0.75, 17.0, 1.0370370370370372]","[0, 0, 0, 0, 0, 0]","[0, 0, 5.090163934426229, 1.3032786885245902, 2.1538461538461537, 5.809523809523809]","[0, 0, 0, 0, 0, 0]","[0, 0, 0, 0, 0, 0]","[0, 1, 1.125, 1.0625, 7.0, 1.0]","[0, 0, 22.5, 5.0, 0.0, 0.4]","[0, 0, 2.7, 1.5, 2.0, 0.4761904761904762]","[0, 0, 0.9, 0.85, 3.7142857142857144, 1.1111111111111112]","[0, 0, 16.875, 2.875, 0.7, 0.8888888888888888]","[0, 0, 0, 0, 0, 0]","[0, 0, 0, 0, 0, 0]","[0, 0, 10.5, 2.8333333333333335, 0.6666666666666666, 1.2]","[0, 0, 0, 0, 0, 0]","[0, 0, 0, 0, 0, 0]","[0, 0, 0, 0, 0, 0]","[0, 0, 0, 0, 0, 0]","[0, 0, 0, 0, 0, 0]","[0, 0, 0, 0, 0, 0]","[0, 0, 3.8918918918918917, 1.2702702702702702, 2.3636363636363638, 5.285714285714286]","[0, 0, 3.8571428571428568, 1.1428571428571428, 3.5, 1.0]"
40,2020-06-21,20200621SSHT0,"[0, 0, 0, 0, 0, 0]","[0, 0, 2.763779527559055, 1.1811023622047243, 4.857142857142857, 6.047619047619048]","[0, 0, 3.5702479338842976, 1.0661157024793388, 5.0, 5.761904761904762]","[0, 0, 0, 0, 0, 0]","[0, 0, 0, 0, 0, 0]","[0, 0, 0.0, 1.6666666666666667, 0.3333333333333333, 1.0]","[0, 0, 0, 0, 0, 0]","[0, 0, 2.817391304347826, 1.1217391304347826, 6.8, 5.476190476190476]","[0, 0, 4.153846153846154, 1.4615384615384615, 1.6666666666666667, 1.0]","[0, 0, 0.9642857142857142, 0.75, 17.0, 1.0370370370370372]","[0, 0, 0, 0, 0, 0]","[0, 0, 5.090163934426229, 1.3032786885245902, 2.1538461538461537, 5.809523809523809]","[0, 0, 0, 0, 0, 0]","[0, 0, 0, 0, 0, 0]","[0, 0, 1.125, 1.0625, 7.0, 1.0]","[0, 0, 22.5, 5.0, 0.0, 0.4]","[0, 0, 2.7, 1.5, 2.0, 0.4761904761904762]","[0, 0, 0.9, 0.85, 3.7142857142857144, 1.1111111111111112]","[0, 0, 16.875, 2.875, 0.7, 0.8888888888888888]","[0, 0, 0, 0, 0, 0]","[0, 0, 0, 0, 0, 0]","[0, 1, 15.428571428571427, 3.142857142857143, 0.625, 1.1666666666666667]","[0, 0, 0, 0, 0, 0]","[0, 0, 0, 0, 0, 0]","[0, 0, 0, 0, 0, 0]","[0, 1, 0.0, 0.0, 1, 1.0]","[0, 0, 0, 0, 0, 0]","[0, 0, 0, 0, 0, 0]","[1, 0, 3.8863636363636367, 1.1590909090909092, 2.769230769230769, 5.5]","[0, 0, 3.8571428571428568, 1.1428571428571428, 3.5, 1.0]"
41,2020-06-23,20200623HTLT0,"[0, 0, 0, 0, 0, 0]","[1, 0, 3.0, 1.1875, 5.25, 6.0]","[0, 0, 3.5702479338842976, 1.0661157024793388, 5.0, 5.761904761904762]","[0, 0, 0, 0, 0, 0]","[0, 0, 0, 0, 0, 0]","[0, 0, 0.0, 1.6666666666666667, 0.3333333333333333, 1.0]","[0, 0, 0, 0, 0, 0]","[0, 0, 2.817391304347826, 1.1217391304347826, 6.8, 5.476190476190476]","[0, 0, 4.153846153846154, 1.4615384615384615, 1.6666666666666667, 1.0]","[0, 0, 0.9642857142857142, 0.75, 17.0, 1.0370370370370372]","[0, 0, 0, 0, 0, 0]","[0, 0, 5.090163934426229, 1.3032786885245902, 2.1538461538461537, 5.809523809523809]","[0, 0, 0, 0, 0, 0]","[0, 0, 0, 0, 0, 0]","[0, 1, 1.0588235294117647, 1.0588235294117647, 7.0, 1.0]","[0, 0, 22.5, 5.0, 0.0, 0.4]","[0, 0, 2.7, 1.5, 2.0, 0.4761904761904762]","[0, 1, 0.8571428571428571, 0.8571428571428571, 3.7142857142857144, 1.105263157894737]","[0, 0, 16.875, 2.875, 0.7, 0.8888888888888888]","[0, 0, 0, 0, 0, 0]","[0, 0, 0, 0, 0, 0]","[0, 0, 15.428571428571427, 3.142857142857143, 0.625, 1.1666666666666667]","[0, 0, 0, 0, 0, 0]","[0, 0, 0, 0, 0, 0]","[0, 0, 0, 0, 0, 0]","[0, 0, 0.0, 0.0, 1, 1.0]","[0, 0, 0, 0, 0, 0]","[0, 0, 0, 0, 0, 0]","[0, 0, 3.8863636363636367, 1.1590909090909092, 2.769230769230769, 5.5]","[0, 0, 3.8571428571428568, 1.1428571428571428, 3.5, 1.0]"
42,2020-06-26,20200626HTWO0,"[0, 0, 0, 0, 0, 0]","[0, 0, 3.0, 1.1875, 5.25, 6.0]","[1, 0, 3.941605839416058, 1.1386861313868615, 3.769230769230769, 5.708333333333333]","[0, 0, 0, 0, 0, 0]","[0, 0, 0, 0, 0, 0]","[0, 0, 0.0, 1.6666666666666667, 0.3333333333333333, 1.0]","[0, 0, 0, 0, 0, 0]","[0, 0, 2.817391304347826, 1.1217391304347826, 6.8, 5.476190476190476]","[0, 1, 3.6, 1.3333333333333333, 1.6666666666666667, 1.0714285714285714]","[0, 1, 1.3728813559322035, 0.8135593220338982, 18.0, 1.0350877192982457]","[0, 0, 0, 0, 0, 0]","[0, 0, 5.090163934426229, 1.3032786885245902, 2.1538461538461537, 5.809523809523809]","[0, 0, 0, 0, 0, 0]","[0, 0, 0, 0, 0, 0]","[0, 1, 2.5961538461538463, 1.326923076923077, 5.25, 0.9629629629629629]","[0, 0, 22.5, 5.0, 0.0, 0.4]","[0, 0, 2.7, 1.5, 2.0, 0.4761904761904762]","[0, 0, 0.8571428571428571, 0.8571428571428571, 3.7142857142857144, 1.105263157894737]","[0, 0, 16.875, 2.875, 0.7, 0.8888888888888888]","[0, 0, 0, 0, 0, 0]","[0, 0, 0, 0, 0, 0]","[0, 0, 15.428571428571427, 3.142857142857143, 0.625, 1.1666666666666667]","[0, 0, 0, 0, 0, 0]","[0, 0, 0, 0, 0, 0]","[0, 0, 0, 0, 0, 0]","[0, 0, 0.0, 0.0, 1, 1.0]","[0, 0, 0, 0, 0, 0]","[0, 0, 0, 0, 0, 0]","[0, 0, 3.8863636363636367, 1.1590909090909092, 2.769230769230769, 5.5]","[0, 1, 3.5217391304347827, 1.434782608695652, 2.2857142857142856, 0.9583333333333334]"
43,2020-06-27,20200627HTWO0,"[0, 0, 0, 0, 0, 0]","[0, 0, 3.0, 1.1875, 5.25, 6.0]","[0, 0, 3.941605839416058, 1.1386861313868615, 3.769230769230769, 5.708333333333333]","[0, 0, 0, 0, 0, 0]","[0, 0, 0, 0, 0, 0]","[0, 0, 0.0, 1.6666666666666667, 0.3333333333333333, 1.0]","[0, 0, 0, 0, 0, 0]","[0, 0, 2.817391304347826, 1.1217391304347826, 6.8, 5.476190476190476]","[0, 0, 3.6, 1.3333333333333333, 1.6666666666666667, 1.0714285714285714]","[0, 0, 1.3728813559322035, 0.8135593220338982, 18.0, 1.0350877192982457]","[0, 0, 0, 0, 0, 0]","[0, 0, 5.090163934426229, 1.3032786885245902, 2.1538461538461537, 5.809523809523809]","[0, 0, 0, 0, 0, 0]","[0, 0, 0, 0, 0, 0]","[0, 0, 2.5961538461538463, 1.326923076923077, 5.25, 0.9629629629629629]","[0, 0, 22.5, 5.0, 0.0, 0.4]","[0, 0, 2.7, 1.5, 2.0, 0.4761904761904762]","[0, 1, 1.2272727272727273, 0.9545454545454546, 4.0, 1.1]","[0, 0, 16.875, 2.875, 0.7, 0.8888888888888888]","[0, 0, 0, 0, 0, 0]","[0, 0, 0, 0, 0, 0]","[0, 0, 15.428571428571427, 3.142857142857143, 0.625, 1.1666666666666667]","[0, 0, 0, 0, 0, 0]","[0, 0, 0, 0, 0, 0]","[0, 0, 0, 0, 0, 0]","[0, 1, 5.4, 1.5, 3.0, 1.6666666666666667]","[0, 0, 0, 0, 0, 0]","[0, 0, 0, 0, 0, 0]","[1, 0, 4.875, 1.2708333333333333, 2.923076923076923, 5.333333333333333]","[0, 0, 3.5217391304347827, 1.434782608695652, 2.2857142857142856, 0.9583333333333334]"
44,2020-06-28,20200628HTWO0,"[0, 0, 0, 0, 0, 0]","[1, 0, 2.618181818181818, 1.1090909090909091, 4.363636363636363, 6.111111111111111]","[0, 0, 3.941605839416058, 1.1386861313868615, 3.769230769230769, 5.708333333333333]","[0, 0, 0, 0, 0, 0]","[0, 0, 0, 0, 0, 0]","[0, 0, 0.0, 1.6666666666666667, 0.3333333333333333, 1.0]","[0, 0, 0, 0, 0, 0]","[0, 0, 2.817391304347826, 1.1217391304347826, 6.8, 5.476190476190476]","[0, 0, 3.6, 1.3333333333333333, 1.6666666666666667, 1.0714285714285714]","[0, 0, 1.3728813559322035, 0.8135593220338982, 18.0, 1.0350877192982457]","[0, 0, 0, 0, 0, 0]","[0, 0, 5.090163934426229, 1.3032786885245902, 2.1538461538461537, 5.809523809523809]","[0, 0, 0, 0, 0, 0]","[0, 0, 0, 0, 0, 0]","[0, 0, 2.5961538461538463, 1.326923076923077, 5.25, 0.9629629629629629]","[0, 0, 22.5, 5.0, 0.0, 0.4]","[0, 0, 2.7, 1.5, 2.0, 0.4761904761904762]","[0, 1, 1.1739130434782608, 1.0, 3.2222222222222223, 1.0952380952380953]","[0, 0, 16.875, 2.875, 0.7, 0.8888888888888888]","[0, 0, 0, 0, 0, 0]","[0, 0, 0, 0, 0, 0]","[0, 0, 15.428571428571427, 3.142857142857143, 0.625, 1.1666666666666667]","[0, 0, 0, 0, 0, 0]","[0, 0, 0, 0, 0, 0]","[0, 0, 0, 0, 0, 0]","[0, 0, 5.4, 1.5, 3.0, 1.6666666666666667]","[0, 0, 0, 0, 0, 0]","[0, 0, 0, 0, 0, 0]","[0, 0, 4.875, 1.2708333333333333, 2.923076923076923, 5.333333333333333]","[0, 1, 3.2399999999999998, 1.44, 2.125, 0.925925925925926]"
45,2020-07-01,20200701HHHT0,"[0, 0, 0, 0, 0, 0]","[0, 0, 2.618181818181818, 1.1090909090909091, 4.363636363636363, 6.111111111111111]","[0, 0, 3.941605839416058, 1.1386861313868615, 3.769230769230769, 5.708333333333333]","[0, 1, 0, 0, 0, 0]","[0, 0, 0, 0, 0, 0]","[0, 0, 0.0, 1.6666666666666667, 0.3333333333333333, 1.0]","[0, 0, 0, 0, 0, 0]","[1, 0, 2.907692307692308, 1.1538461538461537, 5.571428571428571, 5.416666666666667]","[0, 1, 3.375, 1.3125, 2.0, 1.0666666666666667]","[0, 0, 1.3728813559322035, 0.8135593220338982, 18.0, 1.0350877192982457]","[0, 0, 0, 0, 0, 0]","[0, 0, 5.090163934426229, 1.3032786885245902, 2.1538461538461537, 5.809523809523809]","[0, 0, 0, 0, 0, 0]","[0, 0, 0, 0, 0, 0]","[0, 0, 2.5961538461538463, 1.326923076923077, 5.25, 0.9629629629629629]","[0, 0, 22.5, 5.0, 0.0, 0.4]","[0, 0, 2.7, 1.5, 2.0, 0.4761904761904762]","[0, 0, 1.1739130434782608, 1.0, 3.2222222222222223, 1.0952380952380953]","[0, 0, 16.875, 2.875, 0.7, 0.8888888888888888]","[0, 0, 0, 0, 0, 0]","[0, 0, 0, 0, 0, 0]","[0, 0, 15.428571428571427, 3.142857142857143, 0.625, 1.1666666666666667]","[0, 0, 0, 0, 0, 0]","[0, 0, 0, 0, 0, 0]","[0, 0, 0, 0, 0, 0]","[0, 1, 4.153846153846154, 1.153846153846154, 4.0, 1.4444444444444444]","[0, 0, 0, 0, 0, 0]","[0, 0, 0, 0, 0, 0]","[0, 0, 4.875, 1.2708333333333333, 2.923076923076923, 5.333333333333333]","[0, 1, 2.892857142857143, 1.3928571428571428, 2.111111111111111, 0.9333333333333333]"
46,2020-07-02,20200702HHHT0,"[0, 0, 0, 0, 0, 0]","[0, 0, 2.618181818181818, 1.1090909090909091, 4.363636363636363, 6.111111111111111]","[0, 0, 3.941605839416058, 1.1386861313868615, 3.769230769230769, 5.708333333333333]","[0, 0, 0, 0, 0, 0]","[0, 0, 0, 0, 0, 0]","[0, 0, 0.0, 1.6666666666666667, 0.3333333333333333, 1.0]","[0, 0, 0, 0, 0, 0]","[0, 0, 2.907692307692308, 1.1538461538461537, 5.571428571428571, 5.416666666666667]","[0, 0, 3.375, 1.3125, 2.0, 1.0666666666666667]","[0, 1, 1.3064516129032258, 0.8225806451612903, 19.0, 1.0333333333333334]","[0, 0, 0, 0, 0, 0]","[1, 0, 5.124087591240876, 1.2919708029197081, 2.0, 5.708333333333333]","[0, 0, 0, 0, 0, 0]","[0, 0, 0, 0, 0, 0]","[0, 0, 2.5961538461538463, 1.326923076923077, 5.25, 0.9629629629629629]","[0, 0, 22.5, 5.0, 0.0, 0.4]","[0, 0, 2.7, 1.5, 2.0, 0.4761904761904762]","[0, 1, 1.125, 0.9583333333333334, 3.4444444444444446, 1.0909090909090908]","[0, 0, 16.875, 2.875, 0.7, 0.8888888888888888]","[0, 0, 0, 0, 0, 0]","[0, 1, 0, 0, 0, 0]","[0, 0, 15.428571428571427, 3.142857142857143, 0.625, 1.1666666666666667]","[0, 0, 0, 0, 0, 0]","[0, 0, 0, 0, 0, 0]","[0, 0, 0, 0, 0, 0]","[0, 1, 6.230769230769231, 1.8461538461538463, 4.0, 1.0833333333333333]","[0, 0, 0, 0, 0, 0]","[0, 0, 0, 0, 0, 0]","[0, 0, 4.875, 1.2708333333333333, 2.923076923076923, 5.333333333333333]","[0, 0, 2.892857142857143, 1.3928571428571428, 2.111111111111111, 0.9333333333333333]"
47,2020-07-03,20200703HTNC0,"[0, 0, 0, 0, 0, 0]","[0, 0, 2.618181818181818, 1.1090909090909091, 4.363636363636363, 6.111111111111111]","[1, 0, 3.88235294117647, 1.2156862745098038, 3.466666666666667, 5.666666666666667]","[0, 0, 0, 0, 0, 0]","[0, 0, 0, 0, 0, 0]","[0, 0, 0.0, 1.6666666666666667, 0.3333333333333333, 1.0]","[0, 0, 0, 0, 0, 0]","[0, 0, 2.907692307692308, 1.1538461538461537, 5.571428571428571, 5.416666666666667]","[0, 0, 3.375, 1.3125, 2.0, 1.0666666666666667]","[0, 1, 1.2461538461538462, 0.7846153846153846, 19.0, 1.0317460317460319]","[0, 0, 0, 0, 0, 0]","[0, 0, 5.124087591240876, 1.2919708029197081, 2.0, 5.708333333333333]","[0, 0, 0, 0, 0, 0]","[0, 0, 0, 0, 0, 0]","[0, 0, 2.5961538461538463, 1.326923076923077, 5.25, 0.9629629629629629]","[0, 0, 22.5, 5.0, 0.0, 0.4]","[0, 0, 2.7, 1.5, 2.0, 0.4761904761904762]","[0, 1, 1.1095890410958904, 0.9452054794520548, 3.5555555555555554, 1.0579710144927537]","[0, 0, 16.875, 2.875, 0.7, 0.8888888888888888]","[0, 0, 0, 0, 0, 0]","[0, 0, 0, 0, 0, 0]","[0, 0, 15.428571428571427, 3.142857142857143, 0.625, 1.1666666666666667]","[0, 0, 0, 0, 0, 0]","[0, 0, 0, 0, 0, 0]","[0, 0, 0, 0, 0, 0]","[0, 0, 6.230769230769231, 1.8461538461538463, 4.0, 1.0833333333333333]","[0, 0, 0, 0, 0, 0]","[0, 0, 0, 0, 0, 0]","[0, 0, 4.875, 1.2708333333333333, 2.923076923076923, 5.333333333333333]","[0, 1, 2.7, 1.4, 2.1, 0.9090909090909091]"
48,2020-07-04,20200704HTNC0,"[0, 0, 0, 0, 0, 0]","[0, 0, 2.618181818181818, 1.1090909090909091, 4.363636363636363, 6.111111111111111]","[0, 0, 3.88235294117647, 1.2156862745098038, 3.466666666666667, 5.666666666666667]","[0, 1, 0.0, 1.0, 1.0, 1.0]","[0, 0, 0, 0, 0, 0]","[0, 0, 0.0, 1.6666666666666667, 0.3333333333333333, 1.0]","[0, 0, 0, 0, 0, 0]","[0, 0, 2.907692307692308, 1.1538461538461537, 5.571428571428571, 5.416666666666667]","[0, 1, 3.0, 1.2777777777777777, 2.0, 1.125]","[0, 0, 1.2461538461538462, 0.7846153846153846, 19.0, 1.0317460317460319]","[0, 0, 0, 0, 0, 0]","[0, 0, 5.124087591240876, 1.2919708029197081, 2.0, 5.708333333333333]","[0, 0, 0, 0, 0, 0]","[0, 0, 0, 0, 0, 0]","[0, 0, 2.5961538461538463, 1.326923076923077, 5.25, 0.9629629629629629]","[0, 0, 22.5, 5.0, 0.0, 0.4]","[0, 0, 2.7, 1.5, 2.0, 0.4761904761904762]","[0, 0, 1.1095890410958904, 0.9452054794520548, 3.5555555555555554, 1.0579710144927537]","[0, 0, 16.875, 2.875, 0.7, 0.8888888888888888]","[0, 0, 0, 0, 0, 0]","[0, 0, 0, 0, 0, 0]","[0, 0, 15.428571428571427, 3.142857142857143, 0.625, 1.1666666666666667]","[0, 0, 0, 0, 0, 0]","[0, 0, 0, 0, 0, 0]","[0, 0, 0, 0, 0, 0]","[0, 0, 6.230769230769231, 1.8461538461538463, 4.0, 1.0833333333333333]","[0, 0, 0, 0, 0, 0]","[0, 0, 0, 0, 0, 0]","[1, 0, 4.666666666666666, 1.2777777777777777, 2.5625, 5.4]","[0, 0, 2.7, 1.4, 2.1, 0.9090909090909091]"
49,2020-07-05,20200705HTNC0,"[0, 0, 0, 0, 0, 0]","[1, 0, 2.5081967213114758, 1.1311475409836065, 4.3076923076923075, 6.1]","[0, 0, 3.88235294117647, 1.2156862745098038, 3.466666666666667, 5.666666666666667]","[0, 0, 0.0, 1.0, 1.0, 1.0]","[0, 0, 0, 0, 0, 0]","[0, 0, 0.0, 1.6666666666666667, 0.3333333333333333, 1.0]","[0, 0, 0, 0, 0, 0]","[0, 0, 2.907692307692308, 1.1538461538461537, 5.571428571428571, 5.416666666666667]","[0, 0, 3.0, 1.2777777777777777, 2.0, 1.125]","[0, 0, 1.2461538461538462, 0.7846153846153846, 19.0, 1.0317460317460319]","[0, 0, 0, 0, 0, 0]","[0, 0, 5.124087591240876, 1.2919708029197081, 2.0, 5.708333333333333]","[0, 0, 0, 0, 0, 0]","[0, 0, 0, 0, 0, 0]","[0, 1, 3.9272727272727272, 1.4181818181818182, 5.5, 0.9649122807017543]","[0, 0, 22.5, 5.0, 0.0, 0.4]","[0, 0, 2.7, 1.5, 2.0, 0.4761904761904762]","[0, 1, 1.0657894736842104, 0.9473684210526316, 3.6666666666666665, 1.0555555555555556]","[0, 0, 16.875, 2.875, 0.7, 0.8888888888888888]","[0, 0, 0, 0, 0, 0]","[0, 0, 0, 0, 0, 0]","[0, 0, 15.428571428571427, 3.142857142857143, 0.625, 1.1666666666666667]","[0, 0, 0, 0, 0, 0]","[0, 0, 0, 0, 0, 0]","[0, 0, 0, 0, 0, 0]","[0, 0, 6.230769230769231, 1.8461538461538463, 4.0, 1.0833333333333333]","[0, 0, 0, 0, 0, 0]","[0, 0, 0, 0, 0, 0]","[0, 0, 4.666666666666666, 1.2777777777777777, 2.5625, 5.4]","[0, 0, 2.7, 1.4, 2.1, 0.9090909090909091]"
50,2020-07-07,20200707KTHT0,"[0, 0, 0, 0, 0, 0]","[0, 0, 2.5081967213114758, 1.1311475409836065, 4.3076923076923075, 6.1]","[0, 0, 3.88235294117647, 1.2156862745098038, 3.466666666666667, 5.666666666666667]","[0, 0, 0.0, 1.0, 1.0, 1.0]","[0, 0, 0, 0, 0, 0]","[0, 0, 0.0, 1.6666666666666667, 0.3333333333333333, 1.0]","[0, 0, 0, 0, 0, 0]","[1, 0, 2.958904109589041, 1.2123287671232876, 4.444444444444445, 5.407407407407407]","[0, 1, 3.0483870967741935, 1.2096774193548387, 2.0, 1.215686274509804]","[0, 0, 1.2461538461538462, 0.7846153846153846, 19.0, 1.0317460317460319]","[0, 0, 0, 0, 0, 0]","[0, 0, 5.124087591240876, 1.2919708029197081, 2.0, 5.708333333333333]","[0, 0, 0, 0, 0, 0]","[0, 0, 0, 0, 0, 0]","[0, 0, 3.9272727272727272, 1.4181818181818182, 5.5, 0.9649122807017543]","[0, 0, 22.5, 5.0, 0.0, 0.4]","[0, 0, 2.7, 1.5, 2.0, 0.4761904761904762]","[0, 0, 1.0657894736842104, 0.9473684210526316, 3.6666666666666665, 1.0555555555555556]","[0, 0, 16.875, 2.875, 0.7, 0.8888888888888888]","[0, 0, 0, 0, 0, 0]","[0, 1, 0.0, 4.5, 0.0, 0.6666666666666666]","[0, 0, 15.428571428571427, 3.142857142857143, 0.625, 1.1666666666666667]","[0, 0, 0, 0, 0, 0]","[0, 0, 0, 0, 0, 0]","[0, 0, 0, 0, 0, 0]","[0, 1, 5.0625, 2.0625, 2.5, 1.0666666666666667]","[0, 0, 0, 0, 0, 0]","[0, 0, 0, 0, 0, 0]","[0, 0, 4.666666666666666, 1.2777777777777777, 2.5625, 5.4]","[0, 0, 2.7, 1.4, 2.1, 0.9090909090909091]"
51,2020-07-08,20200708KTHT0,"[0, 0, 0, 0, 0, 0]","[0, 0, 2.5081967213114758, 1.1311475409836065, 4.3076923076923075, 6.1]","[0, 0, 3.88235294117647, 1.2156862745098038, 3.466666666666667, 5.666666666666667]","[0, 1, 0.0, 1.0, 2.0, 1.0]","[0, 0, 0, 0, 0, 0]","[0, 0, 0.0, 1.6666666666666667, 0.3333333333333333, 1.0]","[0, 0, 0, 0, 0, 0]","[0, 0, 2.958904109589041, 1.2123287671232876, 4.444444444444445, 5.407407407407407]","[0, 0, 3.0483870967741935, 1.2096774193548387, 2.0, 1.215686274509804]","[0, 0, 1.2461538461538462, 0.7846153846153846, 19.0, 1.0317460317460319]","[0, 0, 0, 0, 0, 0]","[1, 0, 4.703225806451613, 1.335483870967742, 1.8421052631578947, 5.7407407407407405]","[0, 0, 0, 0, 0, 0]","[0, 1, 0, 0, 0, 0]","[0, 0, 3.9272727272727272, 1.4181818181818182, 5.5, 0.9649122807017543]","[0, 0, 22.5, 5.0, 0.0, 0.4]","[0, 0, 2.7, 1.5, 2.0, 0.4761904761904762]","[0, 0, 1.0657894736842104, 0.9473684210526316, 3.6666666666666665, 1.0555555555555556]","[0, 0, 16.875, 2.875, 0.7, 0.8888888888888888]","[0, 0, 0, 0, 0, 0]","[0, 0, 0.0, 4.5, 0.0, 0.6666666666666666]","[0, 0, 15.428571428571427, 3.142857142857143, 0.625, 1.1666666666666667]","[0, 0, 0, 0, 0, 0]","[0, 0, 0, 0, 0, 0]","[0, 0, 0, 0, 0, 0]","[0, 1, 6.75, 1.95, 2.3333333333333335, 1.1111111111111112]","[0, 0, 0, 0, 0, 0]","[0, 0, 0, 0, 0, 0]","[0, 0, 4.666666666666666, 1.2777777777777777, 2.5625, 5.4]","[0, 1, 2.4545454545454546, 1.3636363636363635, 2.1, 0.9166666666666666]"
52,2020-07-09,20200709KTHT0,"[0, 0, 0, 0, 0, 0]","[0, 0, 2.5081967213114758, 1.1311475409836065, 4.3076923076923075, 6.1]","[1, 0, 3.7674418604651163, 1.2209302325581395, 3.3529411764705883, 5.733333333333333]","[0, 0, 0.0, 1.0, 2.0, 1.0]","[0, 0, 0, 0, 0, 0]","[0, 0, 0.0, 1.6666666666666667, 0.3333333333333333, 1.0]","[0, 0, 0, 0, 0, 0]","[0, 0, 2.958904109589041, 1.2123287671232876, 4.444444444444445, 5.407407407407407]","[0, 1, 2.8208955223880596, 1.2537313432835822, 2.25, 1.2407407407407407]","[0, 1, 1.208955223880597, 0.8059701492537313, 19.0, 1.0151515151515151]","[0, 0, 0, 0, 0, 0]","[0, 0, 4.703225806451613, 1.335483870967742, 1.8421052631578947, 5.7407407407407405]","[0, 0, 0, 0, 0, 0]","[0, 0, 0, 0, 0, 0]","[0, 0, 3.9272727272727272, 1.4181818181818182, 5.5, 0.9649122807017543]","[0, 0, 22.5, 5.0, 0.0, 0.4]","[0, 0, 2.7, 1.5, 2.0, 0.4761904761904762]","[0, 1, 2.103896103896104, 1.051948051948052, 3.0, 1.0266666666666666]","[0, 0, 16.875, 2.875, 0.7, 0.8888888888888888]","[0, 0, 0, 0, 0, 0]","[0, 0, 0.0, 4.5, 0.0, 0.6666666666666666]","[0, 0, 15.428571428571427, 3.142857142857143, 0.625, 1.1666666666666667]","[0, 0, 0, 0, 0, 0]","[0, 0, 0, 0, 0, 0]","[0, 0, 0, 0, 0, 0]","[0, 0, 6.75, 1.95, 2.3333333333333335, 1.1111111111111112]","[0, 0, 0, 0, 0, 0]","[0, 0, 0, 0, 0, 0]","[0, 0, 4.666666666666666, 1.2777777777777777, 2.5625, 5.4]","[0, 1, 2.3823529411764706, 1.4117647058823528, 2.0, 0.8717948717948718]"
53,2020-07-10,20200710WOHT0,"[0, 0, 0, 0, 0, 0]","[0, 0, 2.5081967213114758, 1.1311475409836065, 4.3076923076923075, 6.1]","[0, 0, 3.7674418604651163, 1.2209302325581395, 3.3529411764705883, 5.733333333333333]","[0, 1, 2.4545454545454546, 0.8181818181818182, 5.0, 1.222222222222222]","[0, 0, 0, 0, 0, 0]","[0, 0, 0.0, 1.6666666666666667, 0.3333333333333333, 1.0]","[0, 0, 0, 0, 0, 0]","[0, 0, 2.958904109589041, 1.2123287671232876, 4.444444444444445, 5.407407407407407]","[0, 1, 2.7, 1.2428571428571429, 2.25, 1.2280701754385965]","[0, 1, 1.1408450704225352, 0.7605633802816901, 20.0, 1.028985507246377]","[0, 0, 0, 0, 0, 0]","[0, 0, 4.703225806451613, 1.335483870967742, 1.8421052631578947, 5.7407407407407405]","[0, 0, 0, 0, 0, 0]","[0, 1, 13.5, 2.25, 0.0, 1.3333333333333333]","[0, 0, 3.9272727272727272, 1.4181818181818182, 5.5, 0.9649122807017543]","[0, 0, 22.5, 5.0, 0.0, 0.4]","[0, 0, 2.7, 1.5, 2.0, 0.4761904761904762]","[0, 1, 2.025, 1.0875, 3.1818181818181817, 1.0256410256410258]","[0, 0, 16.875, 2.875, 0.7, 0.8888888888888888]","[0, 0, 0, 0, 0, 0]","[0, 0, 0.0, 4.5, 0.0, 0.6666666666666666]","[0, 0, 15.428571428571427, 3.142857142857143, 0.625, 1.1666666666666667]","[0, 0, 0, 0, 0, 0]","[0, 0, 0, 0, 0, 0]","[0, 0, 0, 0, 0, 0]","[0, 0, 6.75, 1.95, 2.3333333333333335, 1.1111111111111112]","[0, 0, 0, 0, 0, 0]","[0, 0, 0, 0, 0, 0]","[1, 0, 5.554285714285714, 1.3714285714285714, 2.625, 5.303030303030304]","[0, 0, 2.3823529411764706, 1.4117647058823528, 2.0, 0.8717948717948718]"
54,2020-07-11,20200711WOHT0,"[0, 0, 0, 0, 0, 0]","[1, 0, 2.359223300970874, 1.0776699029126213, 4.428571428571429, 6.242424242424243]","[0, 0, 3.7674418604651163, 1.2209302325581395, 3.3529411764705883, 5.733333333333333]","[0, 0, 2.4545454545454546, 0.8181818181818182, 5.0, 1.222222222222222]","[0, 0, 0, 0, 0, 0]","[0, 0, 0.0, 1.6666666666666667, 0.3333333333333333, 1.0]","[0, 0, 0, 0, 0, 0]","[0, 0, 2.958904109589041, 1.2123287671232876, 4.444444444444445, 5.407407407407407]","[0, 0, 2.7, 1.2428571428571429, 2.25, 1.2280701754385965]","[0, 0, 1.1408450704225352, 0.7605633802816901, 20.0, 1.028985507246377]","[0, 0, 0, 0, 0, 0]","[0, 0, 4.703225806451613, 1.335483870967742, 1.8421052631578947, 5.7407407407407405]","[0, 0, 0, 0, 0, 0]","[0, 0, 13.5, 2.25, 0.0, 1.3333333333333333]","[0, 0, 3.9272727272727272, 1.4181818181818182, 5.5, 0.9649122807017543]","[0, 0, 22.5, 5.0, 0.0, 0.4]","[0, 0, 2.7, 1.5, 2.0, 0.4761904761904762]","[0, 0, 2.025, 1.0875, 3.1818181818181817, 1.0256410256410258]","[0, 0, 16.875, 2.875, 0.7, 0.8888888888888888]","[0, 0, 0, 0, 0, 0]","[0, 0, 0.0, 4.5, 0.0, 0.6666666666666666]","[0, 0, 15.428571428571427, 3.142857142857143, 0.625, 1.1666666666666667]","[0, 0, 0, 0, 0, 0]","[0, 0, 0, 0, 0, 0]","[0, 0, 0, 0, 0, 0]","[0, 1, 6.136363636363636, 1.7727272727272727, 2.6666666666666665, 1.0476190476190477]","[0, 0, 0, 0, 0, 0]","[0, 0, 0, 0, 0, 0]","[0, 0, 5.554285714285714, 1.3714285714285714, 2.625, 5.303030303030304]","[0, 1, 2.131578947368421, 1.5789473684210527, 1.6, 0.9047619047619048]"
55,2020-07-13,20200713WOHT0,"[0, 0, 0, 0, 0, 0]","[0, 0, 2.359223300970874, 1.0776699029126213, 4.428571428571429, 6.242424242424243]","[0, 0, 3.7674418604651163, 1.2209302325581395, 3.3529411764705883, 5.733333333333333]","[0, 1, 1.588235294117647, 0.7058823529411764, 6.0, 1.4166666666666667]","[0, 0, 0, 0, 0, 0]","[0, 0, 0.0, 1.6666666666666667, 0.3333333333333333, 1.0]","[0, 0, 0, 0, 0, 0]","[1, 0, 3.417721518987342, 1.3101265822784811, 3.0714285714285716, 5.266666666666667]","[0, 0, 2.7, 1.2428571428571429, 2.25, 1.2280701754385965]","[0, 0, 1.1408450704225352, 0.7605633802816901, 20.0, 1.028985507246377]","[0, 0, 0, 0, 0, 0]","[0, 0, 4.703225806451613, 1.335483870967742, 1.8421052631578947, 5.7407407407407405]","[0, 0, 0, 0, 0, 0]","[0, 0, 13.5, 2.25, 0.0, 1.3333333333333333]","[0, 0, 3.9272727272727272, 1.4181818181818182, 5.5, 0.9649122807017543]","[0, 0, 22.5, 5.0, 0.0, 0.4]","[0, 0, 2.7, 1.5, 2.0, 0.4761904761904762]","[0, 0, 2.025, 1.0875, 3.1818181818181817, 1.0256410256410258]","[0, 0, 16.875, 2.875, 0.7, 0.8888888888888888]","[0, 0, 0, 0, 0, 0]","[0, 0, 0.0, 4.5, 0.0, 0.6666666666666666]","[0, 0, 15.428571428571427, 3.142857142857143, 0.625, 1.1666666666666667]","[0, 0, 0, 0, 0, 0]","[0, 0, 0, 0, 0, 0]","[0, 0, 0, 0, 0, 0]","[0, 1, 5.4, 1.5599999999999998, 3.3333333333333335, 1.0416666666666667]","[0, 0, 0, 0, 0, 0]","[0, 0, 0, 0, 0, 0]","[0, 0, 5.554285714285714, 1.3714285714285714, 2.625, 5.303030303030304]","[0, 0, 2.131578947368421, 1.5789473684210527, 1.6, 0.9047619047619048]"
56,2020-07-14,20200714HTSS0,"[0, 0, 0, 0, 0, 0]","[0, 0, 2.359223300970874, 1.0776699029126213, 4.428571428571429, 6.242424242424243]","[0, 0, 3.7674418604651163, 1.2209302325581395, 3.3529411764705883, 5.733333333333333]","[0, 0, 1.588235294117647, 0.7058823529411764, 6.0, 1.4166666666666667]","[0, 0, 0, 0, 0, 0]","[0, 0, 0.0, 1.6666666666666667, 0.3333333333333333, 1.0]","[0, 0, 0, 0, 0, 0]","[0, 0, 3.417721518987342, 1.3101265822784811, 3.0714285714285716, 5.266666666666667]","[0, 0, 2.7, 1.2428571428571429, 2.25, 1.2280701754385965]","[0, 0, 1.1408450704225352, 0.7605633802816901, 20.0, 1.028985507246377]","[0, 0, 0, 0, 0, 0]","[1, 0, 4.923529411764705, 1.3588235294117648, 1.7619047619047619, 5.666666666666666]","[0, 0, 0, 0, 0, 0]","[0, 1, 7.7142857142857135, 2.142857142857143, 1.0, 1.1666666666666667]","[0, 0, 3.9272727272727272, 1.4181818181818182, 5.5, 0.9649122807017543]","[0, 0, 22.5, 5.0, 0.0, 0.4]","[0, 0, 2.7, 1.5, 2.0, 0.4761904761904762]","[0, 0, 2.025, 1.0875, 3.1818181818181817, 1.0256410256410258]","[0, 0, 16.875, 2.875, 0.7, 0.8888888888888888]","[0, 0, 0, 0, 0, 0]","[0, 0, 0.0, 4.5, 0.0, 0.6666666666666666]","[0, 0, 15.428571428571427, 3.142857142857143, 0.625, 1.1666666666666667]","[0, 0, 0, 0, 0, 0]","[0, 0, 0, 0, 0, 0]","[0, 1, 6.75, 1.5, 0, 1.3333333333333333]","[0, 0, 5.4, 1.5599999999999998, 3.3333333333333335, 1.0416666666666667]","[0, 0, 0, 0, 0, 0]","[0, 0, 0, 0, 0, 0]","[0, 0, 5.554285714285714, 1.3714285714285714, 2.625, 5.303030303030304]","[0, 0, 2.131578947368421, 1.5789473684210527, 1.6, 0.9047619047619048]"
57,2020-07-15,20200715HTSS0,"[0, 0, 0, 0, 0, 0]","[0, 0, 2.359223300970874, 1.0776699029126213, 4.428571428571429, 6.242424242424243]","[1, 0, 3.9405405405405407, 1.2972972972972974, 3.05, 5.6060606060606055]","[0, 0, 1.588235294117647, 0.7058823529411764, 6.0, 1.4166666666666667]","[0, 0, 0, 0, 0, 0]","[0, 0, 0.0, 1.6666666666666667, 0.3333333333333333, 1.0]","[0, 0, 0, 0, 0, 0]","[0, 0, 3.417721518987342, 1.3101265822784811, 3.0714285714285716, 5.266666666666667]","[0, 0, 2.7, 1.2428571428571429, 2.25, 1.2280701754385965]","[0, 1, 1.8243243243243243, 0.8108108108108107, 21.0, 1.027777777777778]","[0, 0, 0, 0, 0, 0]","[0, 0, 4.923529411764705, 1.3588235294117648, 1.7619047619047619, 5.666666666666666]","[0, 0, 0, 0, 0, 0]","[0, 0, 7.7142857142857135, 2.142857142857143, 1.0, 1.1666666666666667]","[0, 0, 3.9272727272727272, 1.4181818181818182, 5.5, 0.9649122807017543]","[0, 0, 22.5, 5.0, 0.0, 0.4]","[0, 0, 2.7, 1.5, 2.0, 0.4761904761904762]","[0, 1, 1.9518072289156625, 1.0843373493975903, 3.0833333333333335, 1.0246913580246915]","[0, 0, 16.875, 2.875, 0.7, 0.8888888888888888]","[0, 0, 0, 0, 0, 0]","[0, 0, 0.0, 4.5, 0.0, 0.6666666666666666]","[0, 0, 15.428571428571427, 3.142857142857143, 0.625, 1.1666666666666667]","[0, 0, 0, 0, 0, 0]","[0, 0, 0, 0, 0, 0]","[0, 0, 6.75, 1.5, 0, 1.3333333333333333]","[0, 0, 5.4, 1.5599999999999998, 3.3333333333333335, 1.0416666666666667]","[0, 0, 0, 0, 0, 0]","[0, 0, 0, 0, 0, 0]","[0, 0, 5.554285714285714, 1.3714285714285714, 2.625, 5.303030303030304]","[0, 1, 1.8837209302325582, 1.4651162790697674, 1.6875, 0.9555555555555556]"
58,2020-07-16,20200716HTSS0,"[0, 0, 0, 0, 0, 0]","[0, 0, 2.359223300970874, 1.0776699029126213, 4.428571428571429, 6.242424242424243]","[0, 0, 3.9405405405405407, 1.2972972972972974, 3.05, 5.6060606060606055]","[0, 1, 1.2272727272727273, 0.6818181818181819, 6.0, 1.4666666666666666]","[0, 0, 0, 0, 0, 0]","[0, 0, 0.0, 1.6666666666666667, 0.3333333333333333, 1.0]","[0, 0, 0, 0, 0, 0]","[0, 0, 3.417721518987342, 1.3101265822784811, 3.0714285714285716, 5.266666666666667]","[0, 1, 3.0, 1.2916666666666667, 2.25, 1.2]","[0, 1, 1.753246753246753, 0.8181818181818181, 21.0, 1.0266666666666666]","[0, 0, 0, 0, 0, 0]","[0, 0, 4.923529411764705, 1.3588235294117648, 1.7619047619047619, 5.666666666666666]","[0, 0, 0, 0, 0, 0]","[0, 1, 4.909090909090909, 1.6363636363636365, 1.0, 1.222222222222222]","[0, 0, 3.9272727272727272, 1.4181818181818182, 5.5, 0.9649122807017543]","[0, 0, 22.5, 5.0, 0.0, 0.4]","[0, 0, 2.7, 1.5, 2.0, 0.4761904761904762]","[0, 0, 1.9518072289156625, 1.0843373493975903, 3.0833333333333335, 1.0246913580246915]","[0, 0, 16.875, 2.875, 0.7, 0.8888888888888888]","[0, 0, 0, 0, 0, 0]","[0, 0, 0.0, 4.5, 0.0, 0.6666666666666666]","[0, 0, 15.428571428571427, 3.142857142857143, 0.625, 1.1666666666666667]","[0, 0, 0, 0, 0, 0]","[0, 0, 0, 0, 0, 0]","[0, 0, 6.75, 1.5, 0, 1.3333333333333333]","[0, 0, 5.4, 1.5599999999999998, 3.3333333333333335, 1.0416666666666667]","[0, 0, 0, 0, 0, 0]","[0, 0, 0, 0, 0, 0]","[1, 0, 5.654450261780105, 1.4136125654450262, 2.6666666666666665, 5.305555555555555]","[0, 1, 1.7234042553191489, 1.4042553191489362, 1.75, 0.9791666666666666]"
59,2020-07-17,20200717OBHT0,"[0, 0, 0, 0, 0, 0]","[1, 0, 2.52, 1.1333333333333333, 4.714285714285714, 6.25]","[0, 0, 3.9405405405405407, 1.2972972972972974, 3.05, 5.6060606060606055]","[0, 0, 1.2272727272727273, 0.6818181818181819, 6.0, 1.4666666666666666]","[0, 0, 0, 0, 0, 0]","[0, 0, 0.0, 1.6666666666666667, 0.3333333333333333, 1.0]","[0, 0, 0, 0, 0, 0]","[0, 0, 3.417721518987342, 1.3101265822784811, 3.0714285714285716, 5.266666666666667]","[0, 0, 3.0, 1.2916666666666667, 2.25, 1.2]","[0, 0, 1.753246753246753, 0.8181818181818181, 21.0, 1.0266666666666666]","[0, 0, 0, 0, 0, 0]","[0, 0, 4.923529411764705, 1.3588235294117648, 1.7619047619047619, 5.666666666666666]","[0, 0, 0, 0, 0, 0]","[0, 0, 4.909090909090909, 1.6363636363636365, 1.0, 1.222222222222222]","[0, 0, 3.9272727272727272, 1.4181818181818182, 5.5, 0.9649122807017543]","[0, 0, 22.5, 5.0, 0.0, 0.4]","[0, 0, 2.7, 1.5, 2.0, 0.4761904761904762]","[0, 1, 1.8837209302325582, 1.0465116279069766, 3.3333333333333335, 1.023809523809524]","[0, 0, 16.875, 2.875, 0.7, 0.8888888888888888]","[0, 0, 0, 0, 0, 0]","[0, 0, 0.0, 4.5, 0.0, 0.6666666666666666]","[0, 0, 15.428571428571427, 3.142857142857143, 0.625, 1.1666666666666667]","[0, 0, 0, 0, 0, 0]","[0, 0, 0, 0, 0, 0]","[0, 0, 6.75, 1.5, 0, 1.3333333333333333]","[0, 0, 5.4, 1.5599999999999998, 3.3333333333333335, 1.0416666666666667]","[0, 0, 0, 0, 0, 0]","[0, 0, 0, 0, 0, 0]","[0, 0, 5.654450261780105, 1.4136125654450262, 2.6666666666666665, 5.305555555555555]","[0, 0, 1.7234042553191489, 1.4042553191489362, 1.75, 0.9791666666666666]"
60,2020-07-18,20200718OBHT0,"[0, 0, 0, 0, 0, 0]","[0, 0, 2.52, 1.1333333333333333, 4.714285714285714, 6.25]","[0, 0, 3.9405405405405407, 1.2972972972972974, 3.05, 5.6060606060606055]","[0, 1, 1.2272727272727273, 0.8181818181818182, 6.0, 1.222222222222222]","[0, 0, 0, 0, 0, 0]","[0, 0, 0.0, 1.6666666666666667, 0.3333333333333333, 1.0]","[0, 0, 0, 0, 0, 0]","[0, 0, 3.417721518987342, 1.3101265822784811, 3.0714285714285716, 5.266666666666667]","[0, 0, 3.0, 1.2916666666666667, 2.25, 1.2]","[0, 0, 1.753246753246753, 0.8181818181818181, 21.0, 1.0266666666666666]","[0, 0, 0, 0, 0, 0]","[0, 0, 4.923529411764705, 1.3588235294117648, 1.7619047619047619, 5.666666666666666]","[0, 0, 0, 0, 0, 0]","[0, 1, 4.5, 1.5, 1.0, 1.0]","[0, 0, 3.9272727272727272, 1.4181818181818182, 5.5, 0.9649122807017543]","[0, 0, 22.5, 5.0, 0.0, 0.4]","[0, 0, 2.7, 1.5, 2.0, 0.4761904761904762]","[0, 0, 1.8837209302325582, 1.0465116279069766, 3.3333333333333335, 1.023809523809524]","[0, 0, 16.875, 2.875, 0.7, 0.8888888888888888]","[0, 0, 0, 0, 0, 0]","[0, 0, 0.0, 4.5, 0.0, 0.6666666666666666]","[0, 0, 15.428571428571427, 3.142857142857143, 0.625, 1.1666666666666667]","[0, 0, 0, 0, 0, 0]","[0, 0, 0, 0, 0, 0]","[0, 1, 6.0, 2.3333333333333335, 0.0, 1.5]","[1, 0, 4.354838709677419, 1.2580645161290323, 4.666666666666667, 1.1481481481481481]","[0, 0, 0, 0, 0, 0]","[0, 0, 0, 0, 0, 0]","[0, 0, 5.654450261780105, 1.4136125654450262, 2.6666666666666665, 5.305555555555555]","[0, 0, 1.7234042553191489, 1.4042553191489362, 1.75, 0.9791666666666666]"
61,2020-07-19,20200719OBHT0,"[0, 0, 0, 0, 0, 0]","[0, 0, 2.52, 1.1333333333333333, 4.714285714285714, 6.25]","[0, 0, 3.9405405405405407, 1.2972972972972974, 3.05, 5.6060606060606055]","[0, 1, 2.25, 1.0, 6.0, 1.1428571428571428]","[0, 0, 0, 0, 0, 0]","[0, 0, 0.0, 1.6666666666666667, 0.3333333333333333, 1.0]","[0, 0, 0, 0, 0, 0]","[0, 0, 3.417721518987342, 1.3101265822784811, 3.0714285714285716, 5.266666666666667]","[0, 1, 2.7341772151898733, 1.2531645569620253, 2.25, 1.253968253968254]","[0, 0, 1.753246753246753, 0.8181818181818181, 21.0, 1.0266666666666666]","[0, 0, 0, 0, 0, 0]","[1, 0, 5.108108108108109, 1.3783783783783785, 1.8181818181818181, 5.6060606060606055]","[0, 0, 0, 0, 0, 0]","[0, 0, 4.5, 1.5, 1.0, 1.0]","[0, 0, 3.9272727272727272, 1.4181818181818182, 5.5, 0.9649122807017543]","[0, 0, 22.5, 5.0, 0.0, 0.4]","[0, 0, 2.7, 1.5, 2.0, 0.4761904761904762]","[0, 0, 1.8837209302325582, 1.0465116279069766, 3.3333333333333335, 1.023809523809524]","[0, 0, 16.875, 2.875, 0.7, 0.8888888888888888]","[0, 0, 0, 0, 0, 0]","[0, 0, 0.0, 4.5, 0.0, 0.6666666666666666]","[0, 0, 15.428571428571427, 3.142857142857143, 0.625, 1.1666666666666667]","[0, 0, 0, 0, 0, 0]","[0, 0, 0, 0, 0, 0]","[0, 0, 6.0, 2.3333333333333335, 0.0, 1.5]","[0, 0, 4.354838709677419, 1.2580645161290323, 4.666666666666667, 1.1481481481481481]","[0, 0, 0, 0, 0, 0]","[0, 0, 0, 0, 0, 0]","[0, 0, 5.654450261780105, 1.4136125654450262, 2.6666666666666665, 5.305555555555555]","[0, 1, 2.16, 1.5599999999999998, 1.6111111111111112, 0.9803921568627452]"
