,date,game_key,강재민,남지민,한승주,신지후,신정락,김경태,송윤준,이현호,임준섭,윤대경,김종수,송창현,윤호솔,문동욱,서균,황영국,김민우,김범수,박상원,김진영,김진욱,박주홍,김민석,서폴드,김이환,채드벨,박윤철,안영명,윤규진,송창식,정우람,장시환,장민재
0,2020-05-05,20200505HHSK0,"[0, 0, 0, 0, 0, 0]","[0, 0, 0, 0, 0, 0]","[0, 0, 0, 0, 0, 0]","[0, 0, 0, 0, 0, 0]","[0, 0, 0, 0, 0, 0]","[0, 0, 0, 0, 0, 0]","[0, 0, 0, 0, 0, 0]","[0, 0, 0, 0, 0, 0]","[0, 0, 0, 0, 0, 0]","[0, 0, 0, 0, 0, 0]","[0, 0, 0, 0, 0, 0]","[0, 0, 0, 0, 0, 0]","[0, 0, 0, 0, 0, 0]","[0, 0, 0, 0, 0, 0]","[0, 0, 0, 0, 0, 0]","[0, 0, 0, 0, 0, 0]","[0, 0, 0, 0, 0, 0]","[0, 0, 0, 0, 0, 0]","[0, 0, 0, 0, 0, 0]","[0, 0, 0, 0, 0, 0]","[0, 0, 0, 0, 0, 0]","[0, 0, 0, 0, 0, 0]","[0, 0, 0, 0, 0, 0]","[1, 0, 0, 0, 0, 0]","[0, 0, 0, 0, 0, 0]","[0, 0, 0, 0, 0, 0]","[0, 0, 0, 0, 0, 0]","[0, 0, 0, 0, 0, 0]","[0, 0, 0, 0, 0, 0]","[0, 0, 0, 0, 0, 0]","[0, 0, 0, 0, 0, 0]","[0, 0, 0, 0, 0, 0]","[0, 0, 0, 0, 0, 0]"
1,2020-05-06,20200506HHSK0,"[0, 0, 0, 0, 0, 0]","[0, 0, 0, 0, 0, 0]","[0, 0, 0, 0, 0, 0]","[0, 0, 0, 0, 0, 0]","[0, 0, 0, 0, 0, 0]","[0, 0, 0, 0, 0, 0]","[0, 0, 0, 0, 0, 0]","[0, 1, 0, 0, 0, 0]","[1, 0, 0, 0, 0, 0]","[0, 0, 0, 0, 0, 0]","[0, 0, 0, 0, 0, 0]","[0, 0, 0, 0, 0, 0]","[0, 0, 0, 0, 0, 0]","[0, 0, 0, 0, 0, 0]","[0, 0, 0, 0, 0, 0]","[0, 0, 0, 0, 0, 0]","[0, 1, 0, 0, 0, 0]","[0, 0, 0, 0, 0, 0]","[0, 0, 0, 0, 0, 0]","[0, 1, 0, 0, 0, 0]","[0, 0, 0, 0, 0, 0]","[0, 0, 0, 0, 0, 0]","[0, 0, 0, 0, 0, 0]","[0, 0, 0, 0, 0, 0]","[0, 0, 0, 0, 0, 0]","[0, 0, 0, 0, 0, 0]","[0, 0, 0, 0, 0, 0]","[0, 1, 0, 0, 0, 0]","[0, 0, 0, 0, 0, 0]","[0, 0, 0, 0, 0, 0]","[0, 0, 0, 0, 0, 0]","[0, 0, 0, 0, 0, 0]","[0, 0, 0, 0, 0, 0]"
2,2020-05-07,20200507HHSK0,"[0, 0, 0, 0, 0, 0]","[0, 0, 0, 0, 0, 0]","[0, 0, 0, 0, 0, 0]","[0, 0, 0, 0, 0, 0]","[0, 0, 0, 0, 0, 0]","[0, 0, 0, 0, 0, 0]","[0, 0, 0, 0, 0, 0]","[0, 0, 0, 0, 0, 0]","[0, 0, 0, 0, 0, 0]","[0, 0, 0, 0, 0, 0]","[0, 0, 0, 0, 0, 0]","[0, 0, 0, 0, 0, 0]","[0, 0, 0, 0, 0, 0]","[0, 0, 0, 0, 0, 0]","[0, 0, 0, 0, 0, 0]","[0, 0, 0, 0, 0, 0]","[0, 0, 0, 0, 0, 0]","[0, 0, 0, 0, 0, 0]","[0, 1, 0, 0, 0, 0]","[0, 0, 0, 0, 0, 0]","[0, 0, 0, 0, 0, 0]","[0, 0, 0, 0, 0, 0]","[0, 0, 0, 0, 0, 0]","[0, 0, 0, 0, 0, 0]","[0, 0, 0, 0, 0, 0]","[0, 0, 0, 0, 0, 0]","[0, 0, 0, 0, 0, 0]","[0, 0, 0, 0, 0, 0]","[0, 0, 0, 0, 0, 0]","[0, 0, 0, 0, 0, 0]","[0, 1, 0, 0, 0, 0]","[1, 0, 0, 0, 0, 0]","[0, 0, 0, 0, 0, 0]"
3,2020-05-08,20200508HHWO0,"[0, 0, 0, 0, 0, 0]","[0, 0, 0, 0, 0, 0]","[0, 0, 0, 0, 0, 0]","[0, 0, 0, 0, 0, 0]","[0, 1, 0, 0, 0, 0]","[0, 0, 0, 0, 0, 0]","[0, 0, 0, 0, 0, 0]","[0, 0, 0, 0, 0, 0]","[0, 0, 0, 0, 0, 0]","[0, 0, 0, 0, 0, 0]","[0, 0, 0, 0, 0, 0]","[0, 0, 0, 0, 0, 0]","[0, 0, 0, 0, 0, 0]","[0, 0, 0, 0, 0, 0]","[0, 0, 0, 0, 0, 0]","[0, 0, 0, 0, 0, 0]","[0, 0, 0, 0, 0, 0]","[0, 1, 0, 0, 0, 0]","[0, 0, 0, 0, 0, 0]","[0, 1, 0.0, 3.0, 0.0, 0.3333333333333333]","[0, 0, 0, 0, 0, 0]","[0, 0, 0, 0, 0, 0]","[0, 0, 0, 0, 0, 0]","[0, 0, 0, 0, 0, 0]","[0, 0, 0, 0, 0, 0]","[0, 0, 0, 0, 0, 0]","[0, 0, 0, 0, 0, 0]","[0, 0, 0, 0, 0, 0]","[0, 0, 0, 0, 0, 0]","[0, 0, 0, 0, 0, 0]","[0, 0, 0, 0, 0, 0]","[0, 0, 0, 0, 0, 0]","[1, 0, 0, 0, 0, 0]"
4,2020-05-09,20200509HHWO0,"[0, 0, 0, 0, 0, 0]","[0, 0, 0, 0, 0, 0]","[0, 0, 0, 0, 0, 0]","[0, 0, 0, 0, 0, 0]","[0, 1, 9.0, 2.0, 0, 1.0]","[0, 0, 0, 0, 0, 0]","[0, 0, 0, 0, 0, 0]","[0, 0, 0, 0, 0, 0]","[0, 0, 0, 0, 0, 0]","[0, 0, 0, 0, 0, 0]","[0, 0, 0, 0, 0, 0]","[0, 0, 0, 0, 0, 0]","[0, 0, 0, 0, 0, 0]","[0, 0, 0, 0, 0, 0]","[0, 0, 0, 0, 0, 0]","[0, 0, 0, 0, 0, 0]","[0, 0, 0, 0, 0, 0]","[0, 1, 9.0, 2.0, 0.0, 1.0]","[0, 1, 0.0, 2.0, 1.0, 1.0]","[0, 0, 0.0, 3.0, 0.0, 0.3333333333333333]","[0, 0, 0, 0, 0, 0]","[0, 0, 0, 0, 0, 0]","[0, 0, 0, 0, 0, 0]","[0, 0, 0, 0, 0, 0]","[1, 0, 0, 0, 0, 0]","[0, 0, 0, 0, 0, 0]","[0, 0, 0, 0, 0, 0]","[0, 0, 0, 0, 0, 0]","[0, 0, 0, 0, 0, 0]","[0, 0, 0, 0, 0, 0]","[0, 0, 0, 0, 0, 0]","[0, 0, 0, 0, 0, 0]","[0, 0, 0, 0, 0, 0]"
5,2020-05-10,20200510HHWO0,"[0, 0, 0, 0, 0, 0]","[0, 0, 0, 0, 0, 0]","[0, 0, 0, 0, 0, 0]","[0, 0, 0, 0, 0, 0]","[0, 0, 9.0, 2.0, 0, 1.0]","[0, 0, 0, 0, 0, 0]","[0, 0, 0, 0, 0, 0]","[0, 0, 0, 0, 0, 0]","[0, 0, 0, 0, 0, 0]","[0, 0, 0, 0, 0, 0]","[0, 0, 0, 0, 0, 0]","[0, 0, 0, 0, 0, 0]","[0, 0, 0, 0, 0, 0]","[0, 0, 0, 0, 0, 0]","[0, 0, 0, 0, 0, 0]","[0, 0, 0, 0, 0, 0]","[0, 0, 0, 0, 0, 0]","[0, 0, 9.0, 2.0, 0.0, 1.0]","[0, 1, 0.0, 1.0, 2.0, 1.0]","[0, 1, 0.0, 0.75, 2.0, 0.6666666666666666]","[0, 0, 0, 0, 0, 0]","[0, 0, 0, 0, 0, 0]","[0, 0, 0, 0, 0, 0]","[1, 0, 0.0, 0.3333333333333333, 2.0, 9.0]","[0, 0, 0, 0, 0, 0]","[0, 0, 0, 0, 0, 0]","[0, 0, 0, 0, 0, 0]","[0, 1, 0.0, 1.0, 0, 1.0]","[0, 0, 0, 0, 0, 0]","[0, 0, 0, 0, 0, 0]","[0, 0, 0, 0, 0, 0]","[0, 0, 0, 0, 0, 0]","[0, 0, 0, 0, 0, 0]"
6,2020-05-12,20200512HTHH0,"[0, 0, 0, 0, 0, 0]","[0, 0, 0, 0, 0, 0]","[0, 0, 0, 0, 0, 0]","[0, 0, 0, 0, 0, 0]","[0, 0, 9.0, 2.0, 0, 1.0]","[0, 0, 0, 0, 0, 0]","[0, 0, 0, 0, 0, 0]","[0, 0, 0, 0, 0, 0]","[0, 0, 0, 0, 0, 0]","[0, 0, 0, 0, 0, 0]","[0, 0, 0, 0, 0, 0]","[0, 0, 0, 0, 0, 0]","[0, 0, 0, 0, 0, 0]","[0, 0, 0, 0, 0, 0]","[0, 0, 0, 0, 0, 0]","[0, 0, 0, 0, 0, 0]","[1, 0, 6.230769230769231, 0.9230769230769231, 5.0, 4.333333333333333]","[0, 0, 9.0, 2.0, 0.0, 1.0]","[0, 1, 3.0, 1.6666666666666667, 0.6666666666666666, 1.0]","[0, 0, 0.0, 0.75, 2.0, 0.6666666666666666]","[0, 0, 0, 0, 0, 0]","[0, 0, 0, 0, 0, 0]","[0, 0, 0, 0, 0, 0]","[0, 0, 0.0, 0.3333333333333333, 2.0, 9.0]","[0, 0, 0, 0, 0, 0]","[0, 0, 0, 0, 0, 0]","[0, 0, 0, 0, 0, 0]","[0, 0, 0.0, 1.0, 0, 1.0]","[0, 0, 0, 0, 0, 0]","[0, 0, 0, 0, 0, 0]","[0, 1, 0.0, 1.5, 1, 1.3333333333333333]","[0, 0, 0, 0, 0, 0]","[0, 0, 0, 0, 0, 0]"
7,2020-05-13,20200513HTHH0,"[0, 0, 0, 0, 0, 0]","[0, 0, 0, 0, 0, 0]","[0, 0, 0, 0, 0, 0]","[0, 0, 0, 0, 0, 0]","[0, 1, 16.2, 2.4, 1.0, 0.8333333333333334]","[0, 0, 0, 0, 0, 0]","[0, 0, 0, 0, 0, 0]","[0, 0, 0, 0, 0, 0]","[0, 1, 10.8, 3.0, 2.0, 1.6666666666666667]","[0, 0, 0, 0, 0, 0]","[0, 0, 0, 0, 0, 0]","[0, 0, 0, 0, 0, 0]","[0, 0, 0, 0, 0, 0]","[0, 0, 0, 0, 0, 0]","[0, 0, 0, 0, 0, 0]","[0, 0, 0, 0, 0, 0]","[0, 0, 6.230769230769231, 0.9230769230769231, 5.0, 4.333333333333333]","[0, 0, 9.0, 2.0, 0.0, 1.0]","[0, 0, 3.0, 1.6666666666666667, 0.6666666666666666, 1.0]","[0, 1, 0.0, 0.42857142857142855, 3.0, 0.7777777777777778]","[0, 0, 0, 0, 0, 0]","[0, 0, 0, 0, 0, 0]","[0, 0, 0, 0, 0, 0]","[0, 0, 0.0, 0.3333333333333333, 2.0, 9.0]","[0, 0, 0, 0, 0, 0]","[0, 0, 0, 0, 0, 0]","[0, 0, 0, 0, 0, 0]","[0, 0, 0.0, 1.0, 0, 1.0]","[0, 0, 0, 0, 0, 0]","[0, 0, 0, 0, 0, 0]","[0, 0, 0.0, 1.5, 1, 1.3333333333333333]","[1, 0, 3.0, 1.6666666666666667, 6.0, 6.0]","[0, 0, 0, 0, 0, 0]"
8,2020-05-14,20200514HTHH0,"[0, 0, 0, 0, 0, 0]","[0, 0, 0, 0, 0, 0]","[0, 0, 0, 0, 0, 0]","[0, 0, 0, 0, 0, 0]","[0, 0, 16.2, 2.4, 1.0, 0.8333333333333334]","[0, 0, 0, 0, 0, 0]","[0, 0, 0, 0, 0, 0]","[0, 0, 0, 0, 0, 0]","[0, 0, 10.8, 3.0, 2.0, 1.6666666666666667]","[0, 0, 0, 0, 0, 0]","[0, 0, 0, 0, 0, 0]","[0, 0, 0, 0, 0, 0]","[0, 0, 0, 0, 0, 0]","[0, 0, 0, 0, 0, 0]","[0, 0, 0, 0, 0, 0]","[0, 0, 0, 0, 0, 0]","[0, 0, 6.230769230769231, 0.9230769230769231, 5.0, 4.333333333333333]","[0, 0, 9.0, 2.0, 0.0, 1.0]","[0, 0, 3.0, 1.6666666666666667, 0.6666666666666666, 1.0]","[0, 1, 0.0, 0.3, 6.0, 0.8333333333333334]","[0, 0, 0, 0, 0, 0]","[0, 0, 0, 0, 0, 0]","[0, 0, 0, 0, 0, 0]","[0, 0, 0.0, 0.3333333333333333, 2.0, 9.0]","[0, 0, 0, 0, 0, 0]","[0, 0, 0, 0, 0, 0]","[0, 0, 0, 0, 0, 0]","[0, 0, 0.0, 1.0, 0, 1.0]","[0, 0, 0, 0, 0, 0]","[0, 0, 0, 0, 0, 0]","[0, 1, 3.8571428571428568, 1.2857142857142856, 1, 1.1666666666666667]","[0, 0, 3.0, 1.6666666666666667, 6.0, 6.0]","[1, 0, 5.4, 1.8, 2.0, 5.0]"
9,2020-05-15,20200515LTHH0,"[0, 0, 0, 0, 0, 0]","[0, 0, 0, 0, 0, 0]","[0, 0, 0, 0, 0, 0]","[0, 0, 0, 0, 0, 0]","[0, 1, 9.0, 2.0, 1.3333333333333333, 1.0]","[0, 0, 0, 0, 0, 0]","[0, 0, 0, 0, 0, 0]","[0, 0, 0, 0, 0, 0]","[0, 0, 10.8, 3.0, 2.0, 1.6666666666666667]","[0, 0, 0, 0, 0, 0]","[0, 0, 0, 0, 0, 0]","[0, 0, 0, 0, 0, 0]","[0, 0, 0, 0, 0, 0]","[0, 0, 0, 0, 0, 0]","[0, 0, 0, 0, 0, 0]","[0, 0, 0, 0, 0, 0]","[0, 0, 6.230769230769231, 0.9230769230769231, 5.0, 4.333333333333333]","[0, 0, 9.0, 2.0, 0.0, 1.0]","[0, 1, 4.5, 1.75, 0.6666666666666666, 1.0]","[0, 0, 0.0, 0.3, 6.0, 0.8333333333333334]","[0, 0, 0, 0, 0, 0]","[0, 0, 0, 0, 0, 0]","[0, 0, 0, 0, 0, 0]","[0, 0, 0.0, 0.3333333333333333, 2.0, 9.0]","[1, 0, 1.8, 1.2, 0.75, 5.0]","[0, 0, 0, 0, 0, 0]","[0, 0, 0, 0, 0, 0]","[0, 0, 0.0, 1.0, 0, 1.0]","[0, 0, 0, 0, 0, 0]","[0, 0, 0, 0, 0, 0]","[0, 1, 2.7, 0.8999999999999999, 2, 1.1111111111111112]","[0, 0, 3.0, 1.6666666666666667, 6.0, 6.0]","[0, 0, 5.4, 1.8, 2.0, 5.0]"
10,2020-05-16,20200516LTHH0,"[0, 0, 0, 0, 0, 0]","[0, 0, 0, 0, 0, 0]","[0, 0, 0, 0, 0, 0]","[0, 0, 0, 0, 0, 0]","[0, 1, 9.0, 2.6666666666666665, 0.8, 0.75]","[0, 0, 0, 0, 0, 0]","[0, 0, 0, 0, 0, 0]","[0, 0, 0, 0, 0, 0]","[0, 1, 7.7142857142857135, 2.142857142857143, 2.0, 1.1666666666666667]","[0, 0, 0, 0, 0, 0]","[0, 1, 0, 0, 0, 0]","[0, 0, 0, 0, 0, 0]","[0, 0, 0, 0, 0, 0]","[0, 0, 0, 0, 0, 0]","[0, 0, 0, 0, 0, 0]","[0, 0, 0, 0, 0, 0]","[0, 0, 6.230769230769231, 0.9230769230769231, 5.0, 4.333333333333333]","[0, 0, 9.0, 2.0, 0.0, 1.0]","[0, 0, 4.5, 1.75, 0.6666666666666666, 1.0]","[0, 1, 0.0, 0.23076923076923078, 9.0, 0.8666666666666666]","[0, 0, 0, 0, 0, 0]","[0, 0, 0, 0, 0, 0]","[0, 0, 0, 0, 0, 0]","[1, 0, 1.2, 0.6, 3.5, 7.5]","[0, 0, 1.8, 1.2, 0.75, 5.0]","[0, 0, 0, 0, 0, 0]","[0, 0, 0, 0, 0, 0]","[0, 0, 0.0, 1.0, 0, 1.0]","[0, 0, 0, 0, 0, 0]","[0, 0, 0, 0, 0, 0]","[0, 0, 2.7, 0.8999999999999999, 2, 1.1111111111111112]","[0, 0, 3.0, 1.6666666666666667, 6.0, 6.0]","[0, 0, 5.4, 1.8, 2.0, 5.0]"
11,2020-05-17,20200517LTHH0,"[0, 0, 0, 0, 0, 0]","[0, 0, 0, 0, 0, 0]","[0, 0, 0, 0, 0, 0]","[0, 0, 0, 0, 0, 0]","[0, 0, 9.0, 2.6666666666666665, 0.8, 0.75]","[0, 0, 0, 0, 0, 0]","[0, 0, 0, 0, 0, 0]","[0, 0, 0, 0, 0, 0]","[0, 0, 7.7142857142857135, 2.142857142857143, 2.0, 1.1666666666666667]","[0, 0, 0, 0, 0, 0]","[0, 0, 0, 0, 0, 0]","[0, 0, 0, 0, 0, 0]","[0, 0, 0, 0, 0, 0]","[0, 0, 0, 0, 0, 0]","[0, 0, 0, 0, 0, 0]","[0, 0, 0, 0, 0, 0]","[1, 0, 2.3823529411764706, 0.7058823529411764, 3.25, 5.666666666666667]","[0, 0, 9.0, 2.0, 0.0, 1.0]","[0, 1, 3.0, 1.1666666666666667, 1.0, 1.2]","[0, 1, 1.8, 0.6, 5.0, 0.8333333333333334]","[0, 0, 0, 0, 0, 0]","[0, 0, 0, 0, 0, 0]","[0, 0, 0, 0, 0, 0]","[0, 0, 1.2, 0.6, 3.5, 7.5]","[0, 0, 1.8, 1.2, 0.75, 5.0]","[0, 0, 0, 0, 0, 0]","[0, 0, 0, 0, 0, 0]","[0, 1, 18.0, 3.0, 0, 0.5]","[0, 0, 0, 0, 0, 0]","[0, 0, 0, 0, 0, 0]","[0, 0, 2.7, 0.8999999999999999, 2, 1.1111111111111112]","[0, 0, 3.0, 1.6666666666666667, 6.0, 6.0]","[0, 0, 5.4, 1.8, 2.0, 5.0]"
12,2020-05-19,20200519HHKT0,"[0, 0, 0, 0, 0, 0]","[0, 0, 0, 0, 0, 0]","[0, 0, 0, 0, 0, 0]","[0, 0, 0, 0, 0, 0]","[0, 1, 10.8, 2.4, 1.0, 0.6666666666666667]","[0, 0, 0, 0, 0, 0]","[0, 0, 0, 0, 0, 0]","[0, 0, 0, 0, 0, 0]","[0, 1, 10.125, 2.25, 2.0, 0.8888888888888888]","[0, 0, 0, 0, 0, 0]","[0, 1, 0.0, 1.5, 0, 0.6666666666666666]","[0, 0, 0, 0, 0, 0]","[0, 0, 0, 0, 0, 0]","[0, 0, 0, 0, 0, 0]","[0, 0, 0, 0, 0, 0]","[0, 0, 0, 0, 0, 0]","[0, 0, 2.3823529411764706, 0.7058823529411764, 3.25, 5.666666666666667]","[0, 0, 9.0, 2.0, 0.0, 1.0]","[0, 0, 3.0, 1.1666666666666667, 1.0, 1.2]","[0, 0, 1.8, 0.6, 5.0, 0.8333333333333334]","[0, 0, 0, 0, 0, 0]","[0, 0, 0, 0, 0, 0]","[0, 0, 0, 0, 0, 0]","[0, 0, 1.2, 0.6, 3.5, 7.5]","[0, 0, 1.8, 1.2, 0.75, 5.0]","[0, 0, 0, 0, 0, 0]","[0, 0, 0, 0, 0, 0]","[0, 0, 18.0, 3.0, 0, 0.5]","[0, 0, 0, 0, 0, 0]","[0, 0, 0, 0, 0, 0]","[0, 0, 2.7, 0.8999999999999999, 2, 1.1111111111111112]","[1, 0, 3.75, 1.9166666666666667, 1.8571428571428572, 6.0]","[0, 0, 5.4, 1.8, 2.0, 5.0]"
13,2020-05-20,20200520HHKT0,"[0, 0, 0, 0, 0, 0]","[0, 0, 0, 0, 0, 0]","[0, 0, 0, 0, 0, 0]","[0, 0, 0, 0, 0, 0]","[0, 0, 10.8, 2.4, 1.0, 0.6666666666666667]","[0, 0, 0, 0, 0, 0]","[0, 0, 0, 0, 0, 0]","[0, 0, 0, 0, 0, 0]","[0, 0, 10.125, 2.25, 2.0, 0.8888888888888888]","[0, 0, 0, 0, 0, 0]","[0, 0, 0.0, 1.5, 0, 0.6666666666666666]","[0, 0, 0, 0, 0, 0]","[0, 0, 0, 0, 0, 0]","[0, 0, 0, 0, 0, 0]","[0, 0, 0, 0, 0, 0]","[0, 0, 0, 0, 0, 0]","[0, 0, 2.3823529411764706, 0.7058823529411764, 3.25, 5.666666666666667]","[0, 0, 9.0, 2.0, 0.0, 1.0]","[0, 0, 3.0, 1.1666666666666667, 1.0, 1.2]","[0, 0, 1.8, 0.6, 5.0, 0.8333333333333334]","[0, 0, 0, 0, 0, 0]","[0, 1, 0, 0, 0, 0]","[0, 0, 0, 0, 0, 0]","[0, 0, 1.2, 0.6, 3.5, 7.5]","[0, 0, 1.8, 1.2, 0.75, 5.0]","[0, 0, 0, 0, 0, 0]","[0, 0, 0, 0, 0, 0]","[0, 1, 9.0, 2.5, 0, 0.6666666666666666]","[0, 0, 0, 0, 0, 0]","[0, 0, 0, 0, 0, 0]","[0, 0, 2.7, 0.8999999999999999, 2, 1.1111111111111112]","[0, 0, 3.75, 1.9166666666666667, 1.8571428571428572, 6.0]","[1, 0, 3.0, 1.1666666666666667, 4.5, 6.0]"
14,2020-05-21,20200521HHKT0,"[0, 0, 0, 0, 0, 0]","[0, 0, 0, 0, 0, 0]","[0, 0, 0, 0, 0, 0]","[0, 0, 0, 0, 0, 0]","[0, 1, 8.307692307692308, 1.8461538461538463, 1.4, 0.7222222222222222]","[0, 0, 0, 0, 0, 0]","[0, 0, 0, 0, 0, 0]","[0, 0, 0, 0, 0, 0]","[0, 0, 10.125, 2.25, 2.0, 0.8888888888888888]","[0, 0, 0, 0, 0, 0]","[0, 0, 0.0, 1.5, 0, 0.6666666666666666]","[0, 0, 0, 0, 0, 0]","[0, 0, 0, 0, 0, 0]","[0, 0, 0, 0, 0, 0]","[0, 0, 0, 0, 0, 0]","[0, 0, 0, 0, 0, 0]","[0, 0, 2.3823529411764706, 0.7058823529411764, 3.25, 5.666666666666667]","[0, 1, 9.0, 4.0, 0.0, 0.5]","[0, 1, 5.142857142857142, 1.4285714285714286, 1.25, 1.1666666666666667]","[0, 1, 2.571428571428571, 0.5714285714285714, 7.0, 1.0]","[0, 0, 0, 0, 0, 0]","[0, 0, 0, 0, 0, 0]","[0, 0, 0, 0, 0, 0]","[0, 0, 1.2, 0.6, 3.5, 7.5]","[1, 0, 1.6363636363636365, 1.2727272727272727, 1.0, 5.5]","[0, 0, 0, 0, 0, 0]","[0, 0, 0, 0, 0, 0]","[0, 0, 9.0, 2.5, 0, 0.6666666666666666]","[0, 0, 0, 0, 0, 0]","[0, 0, 0, 0, 0, 0]","[0, 0, 2.7, 0.8999999999999999, 2, 1.1111111111111112]","[0, 0, 3.75, 1.9166666666666667, 1.8571428571428572, 6.0]","[0, 0, 3.0, 1.1666666666666667, 4.5, 6.0]"
15,2020-05-22,20200522HHNC0,"[0, 0, 0, 0, 0, 0]","[0, 0, 0, 0, 0, 0]","[0, 0, 0, 0, 0, 0]","[0, 0, 0, 0, 0, 0]","[0, 0, 8.307692307692308, 1.8461538461538463, 1.4, 0.7222222222222222]","[0, 0, 0, 0, 0, 0]","[0, 0, 0, 0, 0, 0]","[0, 0, 0, 0, 0, 0]","[0, 0, 10.125, 2.25, 2.0, 0.8888888888888888]","[0, 0, 0, 0, 0, 0]","[0, 0, 0.0, 1.5, 0, 0.6666666666666666]","[0, 0, 0, 0, 0, 0]","[0, 0, 0, 0, 0, 0]","[0, 0, 0, 0, 0, 0]","[0, 0, 0, 0, 0, 0]","[0, 0, 0, 0, 0, 0]","[0, 0, 2.3823529411764706, 0.7058823529411764, 3.25, 5.666666666666667]","[0, 0, 9.0, 4.0, 0.0, 0.5]","[0, 1, 4.5, 1.375, 1.5, 1.1428571428571428]","[0, 1, 2.076923076923077, 0.576923076923077, 4.666666666666667, 1.0833333333333333]","[0, 0, 0, 0, 0, 0]","[0, 0, 0, 0, 0, 0]","[0, 0, 0, 0, 0, 0]","[1, 0, 1.6363636363636365, 0.8181818181818182, 3.6666666666666665, 7.333333333333333]","[0, 0, 1.6363636363636365, 1.2727272727272727, 1.0, 5.5]","[0, 0, 0, 0, 0, 0]","[0, 0, 0, 0, 0, 0]","[0, 0, 9.0, 2.5, 0, 0.6666666666666666]","[0, 0, 0, 0, 0, 0]","[0, 0, 0, 0, 0, 0]","[0, 1, 2.076923076923077, 0.9230769230769231, 2, 1.0833333333333333]","[0, 0, 3.75, 1.9166666666666667, 1.8571428571428572, 6.0]","[0, 0, 3.0, 1.1666666666666667, 4.5, 6.0]"
16,2020-05-23,20200523HHNC0,"[0, 0, 0, 0, 0, 0]","[0, 0, 0, 0, 0, 0]","[0, 0, 0, 0, 0, 0]","[0, 0, 0, 0, 0, 0]","[0, 1, 6.75, 1.6875, 1.6, 0.7619047619047619]","[0, 0, 0, 0, 0, 0]","[0, 0, 0, 0, 0, 0]","[0, 0, 0, 0, 0, 0]","[0, 0, 10.125, 2.25, 2.0, 0.8888888888888888]","[0, 0, 0, 0, 0, 0]","[0, 1, 0.0, 1.2, 1, 0.8333333333333334]","[0, 0, 0, 0, 0, 0]","[0, 0, 0, 0, 0, 0]","[0, 0, 0, 0, 0, 0]","[0, 0, 0, 0, 0, 0]","[0, 0, 0, 0, 0, 0]","[1, 0, 1.9636363636363636, 0.7090909090909091, 2.7142857142857144, 6.111111111111111]","[0, 1, 6.0, 2.3333333333333335, 0.6666666666666666, 1.0]","[0, 0, 4.5, 1.375, 1.5, 1.1428571428571428]","[0, 0, 2.076923076923077, 0.576923076923077, 4.666666666666667, 1.0833333333333333]","[0, 0, 0, 0, 0, 0]","[0, 1, 7.7142857142857135, 2.142857142857143, 3, 2.3333333333333335]","[0, 0, 0, 0, 0, 0]","[0, 0, 1.6363636363636365, 0.8181818181818182, 3.6666666666666665, 7.333333333333333]","[0, 0, 1.6363636363636365, 1.2727272727272727, 1.0, 5.5]","[0, 0, 0, 0, 0, 0]","[0, 0, 0, 0, 0, 0]","[0, 0, 9.0, 2.5, 0, 0.6666666666666666]","[0, 0, 0, 0, 0, 0]","[0, 0, 0, 0, 0, 0]","[0, 0, 2.076923076923077, 0.9230769230769231, 2, 1.0833333333333333]","[0, 0, 3.75, 1.9166666666666667, 1.8571428571428572, 6.0]","[0, 0, 3.0, 1.1666666666666667, 4.5, 6.0]"
17,2020-05-24,20200524HHNC0,"[0, 0, 0, 0, 0, 0]","[0, 0, 0, 0, 0, 0]","[0, 0, 0, 0, 0, 0]","[0, 0, 0, 0, 0, 0]","[0, 0, 6.75, 1.6875, 1.6, 0.7619047619047619]","[0, 0, 0, 0, 0, 0]","[0, 0, 0, 0, 0, 0]","[0, 0, 0, 0, 0, 0]","[0, 0, 10.125, 2.25, 2.0, 0.8888888888888888]","[0, 0, 0, 0, 0, 0]","[0, 0, 0.0, 1.2, 1, 0.8333333333333334]","[0, 0, 0, 0, 0, 0]","[0, 0, 0, 0, 0, 0]","[0, 0, 0, 0, 0, 0]","[0, 0, 0, 0, 0, 0]","[0, 0, 0, 0, 0, 0]","[0, 0, 1.9636363636363636, 0.7090909090909091, 2.7142857142857144, 6.111111111111111]","[0, 1, 4.153846153846154, 1.8461538461538463, 1.3333333333333333, 1.0833333333333333]","[0, 0, 4.5, 1.375, 1.5, 1.1428571428571428]","[0, 1, 1.8620689655172413, 0.5172413793103449, 5.333333333333333, 1.074074074074074]","[0, 0, 0, 0, 0, 0]","[0, 1, 6.75, 1.875, 4, 1.3333333333333333]","[0, 0, 0, 0, 0, 0]","[0, 0, 1.6363636363636365, 0.8181818181818182, 3.6666666666666665, 7.333333333333333]","[0, 0, 1.6363636363636365, 1.2727272727272727, 1.0, 5.5]","[0, 0, 0, 0, 0, 0]","[0, 0, 0, 0, 0, 0]","[0, 1, 4.909090909090909, 1.6363636363636365, 2.0, 0.9166666666666666]","[0, 0, 0, 0, 0, 0]","[0, 0, 0, 0, 0, 0]","[0, 0, 2.076923076923077, 0.9230769230769231, 2, 1.0833333333333333]","[1, 0, 7.2, 2.3333333333333335, 1.4545454545454546, 5.0]","[0, 0, 3.0, 1.1666666666666667, 4.5, 6.0]"
18,2020-05-26,20200526LGHH0,"[0, 0, 0, 0, 0, 0]","[0, 0, 0, 0, 0, 0]","[0, 0, 0, 0, 0, 0]","[0, 0, 0, 0, 0, 0]","[0, 1, 6.352941176470588, 1.588235294117647, 1.6, 0.7083333333333334]","[0, 0, 0, 0, 0, 0]","[0, 0, 0, 0, 0, 0]","[0, 1, 0.0, 1.5, 1, 0.6666666666666666]","[0, 0, 10.125, 2.25, 2.0, 0.8888888888888888]","[0, 0, 0, 0, 0, 0]","[0, 0, 0.0, 1.2, 1, 0.8333333333333334]","[0, 0, 0, 0, 0, 0]","[0, 0, 0, 0, 0, 0]","[0, 0, 0, 0, 0, 0]","[0, 0, 0, 0, 0, 0]","[0, 0, 0, 0, 0, 0]","[0, 0, 1.9636363636363636, 0.7090909090909091, 2.7142857142857144, 6.111111111111111]","[0, 0, 4.153846153846154, 1.8461538461538463, 1.3333333333333333, 1.0833333333333333]","[0, 0, 4.5, 1.375, 1.5, 1.1428571428571428]","[0, 0, 1.8620689655172413, 0.5172413793103449, 5.333333333333333, 1.074074074074074]","[0, 0, 0, 0, 0, 0]","[0, 0, 6.75, 1.875, 4, 1.3333333333333333]","[0, 0, 0, 0, 0, 0]","[0, 0, 1.6363636363636365, 0.8181818181818182, 3.6666666666666665, 7.333333333333333]","[0, 1, 3.13953488372093, 1.6046511627906976, 1.0, 4.777777777777778]","[1, 0, 0, 0, 0, 0]","[0, 0, 0, 0, 0, 0]","[0, 1, 6.352941176470588, 1.588235294117647, 3.0, 1.1333333333333333]","[0, 0, 0, 0, 0, 0]","[0, 0, 0, 0, 0, 0]","[0, 0, 2.076923076923077, 0.9230769230769231, 2, 1.0833333333333333]","[0, 0, 7.2, 2.3333333333333335, 1.4545454545454546, 5.0]","[0, 0, 3.0, 1.1666666666666667, 4.5, 6.0]"
19,2020-05-27,20200527LGHH0,"[0, 0, 0, 0, 0, 0]","[0, 0, 0, 0, 0, 0]","[0, 0, 0, 0, 0, 0]","[0, 0, 0, 0, 0, 0]","[0, 1, 7.105263157894736, 1.5789473684210527, 2.0, 0.7037037037037037]","[0, 0, 0, 0, 0, 0]","[0, 0, 0, 0, 0, 0]","[0, 1, 0.0, 1.5, 2.0, 0.6666666666666666]","[0, 0, 10.125, 2.25, 2.0, 0.8888888888888888]","[0, 0, 0, 0, 0, 0]","[0, 1, 4.5, 2.0, 1, 0.6666666666666666]","[0, 0, 0, 0, 0, 0]","[0, 0, 0, 0, 0, 0]","[0, 0, 0, 0, 0, 0]","[0, 0, 0, 0, 0, 0]","[0, 0, 0, 0, 0, 0]","[0, 0, 1.9636363636363636, 0.7090909090909091, 2.7142857142857144, 6.111111111111111]","[0, 1, 7.2, 2.0, 1.25, 1.0]","[0, 0, 4.5, 1.375, 1.5, 1.1428571428571428]","[0, 0, 1.8620689655172413, 0.5172413793103449, 5.333333333333333, 1.074074074074074]","[0, 0, 0, 0, 0, 0]","[0, 0, 6.75, 1.875, 4, 1.3333333333333333]","[0, 0, 0, 0, 0, 0]","[0, 0, 1.6363636363636365, 0.8181818181818182, 3.6666666666666665, 7.333333333333333]","[0, 0, 3.13953488372093, 1.6046511627906976, 1.0, 4.777777777777778]","[0, 0, 0, 0, 0, 0]","[0, 0, 0, 0, 0, 0]","[0, 1, 5.684210526315789, 1.5789473684210527, 3.0, 1.0555555555555556]","[0, 0, 0, 0, 0, 0]","[0, 0, 0, 0, 0, 0]","[0, 0, 2.076923076923077, 0.9230769230769231, 2, 1.0833333333333333]","[0, 0, 7.2, 2.3333333333333335, 1.4545454545454546, 5.0]","[1, 0, 5.625, 1.6875, 3.3333333333333335, 5.333333333333333]"
20,2020-05-28,20200528LGHH0,"[0, 0, 0, 0, 0, 0]","[0, 0, 0, 0, 0, 0]","[0, 0, 0, 0, 0, 0]","[0, 0, 0, 0, 0, 0]","[0, 0, 7.105263157894736, 1.5789473684210527, 2.0, 0.7037037037037037]","[0, 0, 0, 0, 0, 0]","[0, 1, 0, 0, 0, 0]","[0, 0, 0.0, 1.5, 2.0, 0.6666666666666666]","[0, 0, 10.125, 2.25, 2.0, 0.8888888888888888]","[0, 0, 0, 0, 0, 0]","[0, 0, 4.5, 2.0, 1, 0.6666666666666666]","[0, 0, 0, 0, 0, 0]","[0, 0, 0, 0, 0, 0]","[0, 0, 0, 0, 0, 0]","[0, 0, 0, 0, 0, 0]","[0, 0, 0, 0, 0, 0]","[0, 0, 1.9636363636363636, 0.7090909090909091, 2.7142857142857144, 6.111111111111111]","[0, 1, 7.9411764705882355, 1.9411764705882353, 1.25, 0.9444444444444445]","[0, 0, 4.5, 1.375, 1.5, 1.1428571428571428]","[0, 0, 1.8620689655172413, 0.5172413793103449, 5.333333333333333, 1.074074074074074]","[0, 0, 0, 0, 0, 0]","[0, 0, 6.75, 1.875, 4, 1.3333333333333333]","[0, 0, 0, 0, 0, 0]","[1, 0, 2.25, 0.9642857142857143, 2.5, 7.0]","[0, 0, 3.13953488372093, 1.6046511627906976, 1.0, 4.777777777777778]","[0, 0, 0, 0, 0, 0]","[0, 0, 0, 0, 0, 0]","[0, 0, 5.684210526315789, 1.5789473684210527, 3.0, 1.0555555555555556]","[0, 0, 0, 0, 0, 0]","[0, 0, 0, 0, 0, 0]","[0, 0, 2.076923076923077, 0.9230769230769231, 2, 1.0833333333333333]","[0, 0, 7.2, 2.3333333333333335, 1.4545454545454546, 5.0]","[0, 0, 5.625, 1.6875, 3.3333333333333335, 5.333333333333333]"
21,2020-05-29,20200529HHSK0,"[0, 0, 0, 0, 0, 0]","[0, 0, 0, 0, 0, 0]","[0, 0, 0, 0, 0, 0]","[0, 0, 0, 0, 0, 0]","[0, 0, 7.105263157894736, 1.5789473684210527, 2.0, 0.7037037037037037]","[0, 0, 0, 0, 0, 0]","[0, 0, 0, 0, 0, 0]","[0, 1, 0.0, 1.2857142857142856, 3.0, 0.7777777777777778]","[0, 0, 10.125, 2.25, 2.0, 0.8888888888888888]","[0, 0, 0, 0, 0, 0]","[0, 0, 4.5, 2.0, 1, 0.6666666666666666]","[0, 0, 0, 0, 0, 0]","[0, 0, 0, 0, 0, 0]","[0, 0, 0, 0, 0, 0]","[0, 0, 0, 0, 0, 0]","[0, 0, 0, 0, 0, 0]","[1, 0, 2.25, 0.9583333333333334, 2.5, 6.0]","[0, 0, 7.9411764705882355, 1.9411764705882353, 1.25, 0.9444444444444445]","[0, 0, 4.5, 1.375, 1.5, 1.1428571428571428]","[0, 1, 2.7, 0.8, 5.666666666666667, 1.0]","[0, 0, 0, 0, 0, 0]","[0, 0, 6.75, 1.875, 4, 1.3333333333333333]","[0, 0, 0, 0, 0, 0]","[0, 0, 2.25, 0.9642857142857143, 2.5, 7.0]","[0, 0, 3.13953488372093, 1.6046511627906976, 1.0, 4.777777777777778]","[0, 0, 0, 0, 0, 0]","[0, 0, 0, 0, 0, 0]","[0, 1, 4.909090909090909, 1.3636363636363638, 4.0, 1.0476190476190477]","[0, 1, 0, 0, 0, 0]","[0, 0, 0, 0, 0, 0]","[0, 0, 2.076923076923077, 0.9230769230769231, 2, 1.0833333333333333]","[0, 0, 7.2, 2.3333333333333335, 1.4545454545454546, 5.0]","[0, 0, 5.625, 1.6875, 3.3333333333333335, 5.333333333333333]"
22,2020-05-30,20200530HHSK0,"[0, 0, 0, 0, 0, 0]","[0, 0, 0, 0, 0, 0]","[0, 0, 0, 0, 0, 0]","[0, 0, 0, 0, 0, 0]","[0, 0, 7.105263157894736, 1.5789473684210527, 2.0, 0.7037037037037037]","[0, 0, 0, 0, 0, 0]","[0, 1, 0.0, 0.0, 0, 1.0]","[0, 0, 0.0, 1.2857142857142856, 3.0, 0.7777777777777778]","[0, 0, 10.125, 2.25, 2.0, 0.8888888888888888]","[0, 0, 0, 0, 0, 0]","[0, 0, 4.5, 2.0, 1, 0.6666666666666666]","[0, 0, 0, 0, 0, 0]","[0, 0, 0, 0, 0, 0]","[0, 0, 0, 0, 0, 0]","[0, 0, 0, 0, 0, 0]","[0, 0, 0, 0, 0, 0]","[0, 0, 2.25, 0.9583333333333334, 2.5, 6.0]","[0, 1, 7.105263157894736, 1.8947368421052633, 1.25, 0.9047619047619048]","[0, 0, 4.5, 1.375, 1.5, 1.1428571428571428]","[0, 0, 2.7, 0.8, 5.666666666666667, 1.0]","[0, 0, 0, 0, 0, 0]","[0, 0, 6.75, 1.875, 4, 1.3333333333333333]","[0, 0, 0, 0, 0, 0]","[0, 0, 2.25, 0.9642857142857143, 2.5, 7.0]","[0, 0, 3.13953488372093, 1.6046511627906976, 1.0, 4.777777777777778]","[0, 0, 0, 0, 0, 0]","[0, 0, 0, 0, 0, 0]","[0, 0, 4.909090909090909, 1.3636363636363638, 4.0, 1.0476190476190477]","[0, 0, 0, 0, 0, 0]","[0, 0, 0, 0, 0, 0]","[0, 0, 2.076923076923077, 0.9230769230769231, 2, 1.0833333333333333]","[1, 0, 7.2, 2.25, 1.5333333333333334, 5.0]","[0, 0, 5.625, 1.6875, 3.3333333333333335, 5.333333333333333]"
23,2020-05-31,20200531HHSK0,"[0, 0, 0, 0, 0, 0]","[0, 0, 0, 0, 0, 0]","[0, 0, 0, 0, 0, 0]","[0, 0, 0, 0, 0, 0]","[0, 0, 7.105263157894736, 1.5789473684210527, 2.0, 0.7037037037037037]","[0, 0, 0, 0, 0, 0]","[0, 0, 0.0, 0.0, 0, 1.0]","[0, 0, 0.0, 1.2857142857142856, 3.0, 0.7777777777777778]","[0, 0, 10.125, 2.25, 2.0, 0.8888888888888888]","[0, 0, 0, 0, 0, 0]","[0, 0, 4.5, 2.0, 1, 0.6666666666666666]","[0, 0, 0, 0, 0, 0]","[0, 0, 0, 0, 0, 0]","[0, 0, 0, 0, 0, 0]","[0, 0, 0, 0, 0, 0]","[0, 0, 0, 0, 0, 0]","[0, 0, 2.25, 0.9583333333333334, 2.5, 6.0]","[0, 1, 6.136363636363636, 1.9090909090909092, 1.1666666666666667, 0.9166666666666666]","[0, 1, 4.0, 1.2222222222222223, 1.75, 1.125]","[0, 1, 2.4545454545454546, 0.8181818181818182, 6.0, 1.0]","[0, 0, 0, 0, 0, 0]","[0, 0, 6.75, 1.875, 4, 1.3333333333333333]","[0, 0, 0, 0, 0, 0]","[0, 0, 2.25, 0.9642857142857143, 2.5, 7.0]","[0, 0, 3.13953488372093, 1.6046511627906976, 1.0, 4.777777777777778]","[1, 0, 0.0, 1.2, 1.5, 3.3333333333333335]","[0, 0, 0, 0, 0, 0]","[0, 0, 4.909090909090909, 1.3636363636363638, 4.0, 1.0476190476190477]","[0, 0, 0, 0, 0, 0]","[0, 0, 0, 0, 0, 0]","[0, 1, 1.6875, 0.75, 5, 1.0666666666666667]","[0, 0, 7.2, 2.25, 1.5333333333333334, 5.0]","[0, 0, 5.625, 1.6875, 3.3333333333333335, 5.333333333333333]"
24,2020-06-02,20200602WOHH0,"[0, 0, 0, 0, 0, 0]","[0, 0, 0, 0, 0, 0]","[0, 0, 0, 0, 0, 0]","[0, 0, 0, 0, 0, 0]","[0, 0, 7.105263157894736, 1.5789473684210527, 2.0, 0.7037037037037037]","[0, 0, 0, 0, 0, 0]","[0, 1, 9.0, 2.0, 0.0, 1.0]","[0, 1, 0.0, 1.0, 4.0, 0.75]","[0, 0, 10.125, 2.25, 2.0, 0.8888888888888888]","[0, 0, 0, 0, 0, 0]","[0, 0, 4.5, 2.0, 1, 0.6666666666666666]","[0, 0, 0, 0, 0, 0]","[0, 0, 0, 0, 0, 0]","[0, 0, 0, 0, 0, 0]","[0, 0, 0, 0, 0, 0]","[0, 0, 0, 0, 0, 0]","[0, 0, 2.25, 0.9583333333333334, 2.5, 6.0]","[0, 0, 6.136363636363636, 1.9090909090909092, 1.1666666666666667, 0.9166666666666666]","[0, 0, 4.0, 1.2222222222222223, 1.75, 1.125]","[0, 0, 2.4545454545454546, 0.8181818181818182, 6.0, 1.0]","[0, 0, 0, 0, 0, 0]","[0, 0, 6.75, 1.875, 4, 1.3333333333333333]","[0, 0, 0, 0, 0, 0]","[0, 0, 2.25, 0.9642857142857143, 2.5, 7.0]","[1, 0, 3.5, 1.5555555555555556, 1.5, 4.5]","[0, 0, 0.0, 1.2, 1.5, 3.3333333333333335]","[0, 0, 0, 0, 0, 0]","[0, 1, 4.32, 1.44, 3.0, 1.0416666666666667]","[0, 1, 5.4, 1.2, 2, 1.6666666666666667]","[0, 0, 0, 0, 0, 0]","[0, 0, 1.6875, 0.75, 5, 1.0666666666666667]","[0, 0, 7.2, 2.25, 1.5333333333333334, 5.0]","[0, 0, 5.625, 1.6875, 3.3333333333333335, 5.333333333333333]"
25,2020-06-03,20200603WOHH0,"[0, 0, 0, 0, 0, 0]","[0, 0, 0, 0, 0, 0]","[0, 0, 0, 0, 0, 0]","[0, 0, 0, 0, 0, 0]","[0, 0, 7.105263157894736, 1.5789473684210527, 2.0, 0.7037037037037037]","[0, 0, 0, 0, 0, 0]","[0, 0, 9.0, 2.0, 0.0, 1.0]","[0, 0, 0.0, 1.0, 4.0, 0.75]","[0, 0, 10.125, 2.25, 2.0, 0.8888888888888888]","[0, 1, 0, 0, 0, 0]","[0, 0, 4.5, 2.0, 1, 0.6666666666666666]","[0, 0, 0, 0, 0, 0]","[0, 0, 0, 0, 0, 0]","[0, 0, 0, 0, 0, 0]","[0, 0, 0, 0, 0, 0]","[0, 0, 0, 0, 0, 0]","[0, 0, 2.25, 0.9583333333333334, 2.5, 6.0]","[0, 1, 6.75, 2.0, 1.1666666666666667, 0.8888888888888888]","[0, 0, 4.0, 1.2222222222222223, 1.75, 1.125]","[0, 0, 2.4545454545454546, 0.8181818181818182, 6.0, 1.0]","[0, 0, 0, 0, 0, 0]","[0, 0, 6.75, 1.875, 4, 1.3333333333333333]","[0, 0, 0, 0, 0, 0]","[1, 0, 2.6470588235294117, 1.1470588235294117, 2.8333333333333335, 6.8]","[0, 0, 3.5, 1.5555555555555556, 1.5, 4.5]","[0, 0, 0.0, 1.2, 1.5, 3.3333333333333335]","[0, 0, 0, 0, 0, 0]","[0, 0, 4.32, 1.44, 3.0, 1.0416666666666667]","[0, 0, 5.4, 1.2, 2, 1.6666666666666667]","[0, 0, 0, 0, 0, 0]","[0, 0, 1.6875, 0.75, 5, 1.0666666666666667]","[0, 0, 7.2, 2.25, 1.5333333333333334, 5.0]","[0, 0, 5.625, 1.6875, 3.3333333333333335, 5.333333333333333]"
26,2020-06-04,20200604WOHH0,"[0, 0, 0, 0, 0, 0]","[0, 0, 0, 0, 0, 0]","[0, 0, 0, 0, 0, 0]","[0, 0, 0, 0, 0, 0]","[0, 0, 7.105263157894736, 1.5789473684210527, 2.0, 0.7037037037037037]","[0, 0, 0, 0, 0, 0]","[0, 0, 9.0, 2.0, 0.0, 1.0]","[0, 1, 2.076923076923077, 1.3846153846153848, 2.5, 0.8666666666666666]","[0, 0, 10.125, 2.25, 2.0, 0.8888888888888888]","[0, 0, 0, 0, 0, 0]","[0, 0, 4.5, 2.0, 1, 0.6666666666666666]","[0, 0, 0, 0, 0, 0]","[0, 0, 0, 0, 0, 0]","[0, 0, 0, 0, 0, 0]","[0, 0, 0, 0, 0, 0]","[0, 0, 0, 0, 0, 0]","[1, 0, 3.903614457831325, 1.1566265060240963, 2.25, 5.533333333333333]","[0, 1, 5.785714285714286, 1.7142857142857142, 1.3333333333333333, 0.9333333333333333]","[0, 1, 3.4838709677419355, 1.2580645161290323, 1.3333333333333333, 1.1481481481481481]","[0, 0, 2.4545454545454546, 0.8181818181818182, 6.0, 1.0]","[0, 0, 0, 0, 0, 0]","[0, 0, 6.75, 1.875, 4, 1.3333333333333333]","[0, 0, 0, 0, 0, 0]","[0, 0, 2.6470588235294117, 1.1470588235294117, 2.8333333333333335, 6.8]","[0, 0, 3.5, 1.5555555555555556, 1.5, 4.5]","[0, 0, 0.0, 1.2, 1.5, 3.3333333333333335]","[0, 0, 0, 0, 0, 0]","[0, 0, 4.32, 1.44, 3.0, 1.0416666666666667]","[0, 0, 5.4, 1.2, 2, 1.6666666666666667]","[0, 0, 0, 0, 0, 0]","[0, 0, 1.6875, 0.75, 5, 1.0666666666666667]","[0, 0, 7.2, 2.25, 1.5333333333333334, 5.0]","[0, 0, 5.625, 1.6875, 3.3333333333333335, 5.333333333333333]"
27,2020-06-05,20200605NCHH0,"[0, 0, 0, 0, 0, 0]","[0, 0, 0, 0, 0, 0]","[0, 0, 0, 0, 0, 0]","[0, 0, 0, 0, 0, 0]","[0, 0, 7.105263157894736, 1.5789473684210527, 2.0, 0.7037037037037037]","[0, 0, 0, 0, 0, 0]","[0, 0, 9.0, 2.0, 0.0, 1.0]","[0, 1, 1.6875, 1.3125, 3.0, 0.8888888888888888]","[0, 0, 10.125, 2.25, 2.0, 0.8888888888888888]","[0, 1, 0.0, 1.5, 1, 0.6666666666666666]","[0, 0, 4.5, 2.0, 1, 0.6666666666666666]","[0, 0, 0, 0, 0, 0]","[0, 0, 0, 0, 0, 0]","[0, 0, 0, 0, 0, 0]","[0, 0, 0, 0, 0, 0]","[0, 0, 0, 0, 0, 0]","[0, 0, 3.903614457831325, 1.1566265060240963, 2.25, 5.533333333333333]","[0, 0, 5.785714285714286, 1.7142857142857142, 1.3333333333333333, 0.9333333333333333]","[0, 0, 3.4838709677419355, 1.2580645161290323, 1.3333333333333333, 1.1481481481481481]","[0, 1, 2.9189189189189193, 0.9729729729729729, 5.0, 1.027777777777778]","[0, 0, 0, 0, 0, 0]","[0, 0, 6.75, 1.875, 4, 1.3333333333333333]","[0, 0, 0, 0, 0, 0]","[0, 0, 2.6470588235294117, 1.1470588235294117, 2.8333333333333335, 6.8]","[0, 0, 3.5, 1.5555555555555556, 1.5, 4.5]","[0, 0, 0.0, 1.2, 1.5, 3.3333333333333335]","[0, 0, 0, 0, 0, 0]","[0, 1, 6.75, 1.7142857142857142, 3.5, 1.0370370370370372]","[0, 0, 5.4, 1.2, 2, 1.6666666666666667]","[0, 0, 0, 0, 0, 0]","[0, 0, 1.6875, 0.75, 5, 1.0666666666666667]","[1, 0, 6.9324324324324325, 2.108108108108108, 1.7222222222222223, 4.933333333333334]","[0, 0, 5.625, 1.6875, 3.3333333333333335, 5.333333333333333]"
28,2020-06-06,20200606NCHH0,"[0, 0, 0, 0, 0, 0]","[0, 0, 0, 0, 0, 0]","[0, 0, 0, 0, 0, 0]","[0, 0, 0, 0, 0, 0]","[0, 0, 7.105263157894736, 1.5789473684210527, 2.0, 0.7037037037037037]","[0, 0, 0, 0, 0, 0]","[0, 0, 9.0, 2.0, 0.0, 1.0]","[0, 0, 1.6875, 1.3125, 3.0, 0.8888888888888888]","[0, 0, 10.125, 2.25, 2.0, 0.8888888888888888]","[0, 1, 0.0, 1.7142857142857142, 4.0, 1.1666666666666667]","[0, 0, 4.5, 2.0, 1, 0.6666666666666666]","[0, 0, 0, 0, 0, 0]","[0, 0, 0, 0, 0, 0]","[0, 0, 0, 0, 0, 0]","[0, 0, 0, 0, 0, 0]","[0, 0, 0, 0, 0, 0]","[0, 0, 3.903614457831325, 1.1566265060240963, 2.25, 5.533333333333333]","[0, 1, 5.586206896551724, 1.7586206896551726, 1.2857142857142858, 0.8787878787878788]","[0, 1, 3.272727272727273, 1.3636363636363635, 1.1428571428571428, 1.1]","[0, 0, 2.9189189189189193, 0.9729729729729729, 5.0, 1.027777777777778]","[0, 0, 0, 0, 0, 0]","[0, 0, 6.75, 1.875, 4, 1.3333333333333333]","[0, 0, 0, 0, 0, 0]","[0, 0, 2.6470588235294117, 1.1470588235294117, 2.8333333333333335, 6.8]","[0, 0, 3.5, 1.5555555555555556, 1.5, 4.5]","[1, 0, 5.142857142857142, 2.0, 0.5714285714285714, 3.5]","[0, 0, 0, 0, 0, 0]","[0, 0, 6.75, 1.7142857142857142, 3.5, 1.0370370370370372]","[0, 0, 5.4, 1.2, 2, 1.6666666666666667]","[0, 0, 0, 0, 0, 0]","[0, 1, 1.4210526315789473, 0.7894736842105263, 6, 1.0555555555555556]","[0, 0, 6.9324324324324325, 2.108108108108108, 1.7222222222222223, 4.933333333333334]","[0, 0, 5.625, 1.6875, 3.3333333333333335, 5.333333333333333]"
29,2020-06-07,20200607NCHH0,"[0, 0, 0, 0, 0, 0]","[0, 0, 0, 0, 0, 0]","[0, 0, 0, 0, 0, 0]","[0, 0, 0, 0, 0, 0]","[0, 0, 7.105263157894736, 1.5789473684210527, 2.0, 0.7037037037037037]","[0, 0, 0, 0, 0, 0]","[0, 0, 9.0, 2.0, 0.0, 1.0]","[0, 1, 1.4210526315789473, 1.105263157894737, 3.5, 0.9047619047619048]","[0, 0, 10.125, 2.25, 2.0, 0.8888888888888888]","[0, 0, 0.0, 1.7142857142857142, 4.0, 1.1666666666666667]","[0, 0, 4.5, 2.0, 1, 0.6666666666666666]","[0, 0, 0, 0, 0, 0]","[0, 0, 0, 0, 0, 0]","[0, 0, 0, 0, 0, 0]","[0, 0, 0, 0, 0, 0]","[0, 0, 0, 0, 0, 0]","[0, 0, 3.903614457831325, 1.1566265060240963, 2.25, 5.533333333333333]","[0, 1, 4.909090909090909, 1.5454545454545454, 1.2857142857142858, 0.9166666666666666]","[0, 1, 3.75, 1.3333333333333333, 1.2857142857142858, 1.0909090909090908]","[0, 1, 4.725, 1.2, 3.3333333333333335, 1.0256410256410258]","[0, 0, 0, 0, 0, 0]","[0, 0, 6.75, 1.875, 4, 1.3333333333333333]","[0, 0, 0, 0, 0, 0]","[0, 0, 2.6470588235294117, 1.1470588235294117, 2.8333333333333335, 6.8]","[1, 0, 6.0, 1.7619047619047619, 1.0714285714285714, 4.2]","[0, 0, 5.142857142857142, 2.0, 0.5714285714285714, 3.5]","[0, 0, 0, 0, 0, 0]","[0, 0, 6.75, 1.7142857142857142, 3.5, 1.0370370370370372]","[0, 0, 5.4, 1.2, 2, 1.6666666666666667]","[0, 0, 0, 0, 0, 0]","[0, 0, 1.4210526315789473, 0.7894736842105263, 6, 1.0555555555555556]","[0, 0, 6.9324324324324325, 2.108108108108108, 1.7222222222222223, 4.933333333333334]","[0, 0, 5.625, 1.6875, 3.3333333333333335, 5.333333333333333]"
30,2020-06-09,20200609HHLT0,"[0, 0, 0, 0, 0, 0]","[0, 0, 0, 0, 0, 0]","[0, 0, 0, 0, 0, 0]","[0, 0, 0, 0, 0, 0]","[0, 0, 7.105263157894736, 1.5789473684210527, 2.0, 0.7037037037037037]","[0, 0, 0, 0, 0, 0]","[0, 0, 9.0, 2.0, 0.0, 1.0]","[0, 0, 1.4210526315789473, 1.105263157894737, 3.5, 0.9047619047619048]","[0, 0, 10.125, 2.25, 2.0, 0.8888888888888888]","[0, 0, 0.0, 1.7142857142857142, 4.0, 1.1666666666666667]","[0, 0, 4.5, 2.0, 1, 0.6666666666666666]","[0, 0, 0, 0, 0, 0]","[0, 1, 0, 0, 0, 0]","[0, 1, 0, 0, 0, 0]","[0, 0, 0, 0, 0, 0]","[0, 1, 0, 0, 0, 0]","[0, 0, 3.903614457831325, 1.1566265060240963, 2.25, 5.533333333333333]","[0, 0, 4.909090909090909, 1.5454545454545454, 1.2857142857142858, 0.9166666666666666]","[0, 0, 3.75, 1.3333333333333333, 1.2857142857142858, 1.0909090909090908]","[0, 0, 4.725, 1.2, 3.3333333333333335, 1.0256410256410258]","[0, 0, 0, 0, 0, 0]","[0, 0, 6.75, 1.875, 4, 1.3333333333333333]","[0, 0, 0, 0, 0, 0]","[1, 0, 3.073170731707317, 1.2682926829268293, 2.0, 6.833333333333333]","[0, 0, 6.0, 1.7619047619047619, 1.0714285714285714, 4.2]","[0, 0, 5.142857142857142, 2.0, 0.5714285714285714, 3.5]","[0, 0, 0, 0, 0, 0]","[0, 0, 6.75, 1.7142857142857142, 3.5, 1.0370370370370372]","[0, 0, 5.4, 1.2, 2, 1.6666666666666667]","[0, 0, 0, 0, 0, 0]","[0, 0, 1.4210526315789473, 0.7894736842105263, 6, 1.0555555555555556]","[0, 0, 6.9324324324324325, 2.108108108108108, 1.7222222222222223, 4.933333333333334]","[0, 0, 5.625, 1.6875, 3.3333333333333335, 5.333333333333333]"
31,2020-06-10,20200610HHLT0,"[0, 1, 0, 0, 0, 0]","[0, 0, 0, 0, 0, 0]","[0, 0, 0, 0, 0, 0]","[0, 0, 0, 0, 0, 0]","[0, 0, 7.105263157894736, 1.5789473684210527, 2.0, 0.7037037037037037]","[0, 0, 0, 0, 0, 0]","[0, 0, 9.0, 2.0, 0.0, 1.0]","[0, 1, 2.793103448275862, 1.1379310344827587, 4.0, 1.2083333333333333]","[0, 0, 10.125, 2.25, 2.0, 0.8888888888888888]","[0, 0, 0.0, 1.7142857142857142, 4.0, 1.1666666666666667]","[0, 0, 4.5, 2.0, 1, 0.6666666666666666]","[0, 0, 0, 0, 0, 0]","[0, 0, 0, 0, 0, 0]","[0, 0, 0, 0, 0, 0]","[0, 0, 0, 0, 0, 0]","[0, 0, 0, 0, 0, 0]","[1, 0, 4.2772277227722775, 1.217821782178218, 2.6923076923076925, 5.611111111111111]","[0, 1, 4.5, 1.5, 1.25, 0.9230769230769231]","[0, 1, 3.4615384615384612, 1.3846153846153846, 1.4285714285714286, 1.0833333333333333]","[0, 1, 5.023255813953488, 1.3255813953488371, 3.5, 1.023809523809524]","[0, 0, 0, 0, 0, 0]","[0, 0, 6.75, 1.875, 4, 1.3333333333333333]","[0, 0, 0, 0, 0, 0]","[0, 0, 3.073170731707317, 1.2682926829268293, 2.0, 6.833333333333333]","[0, 0, 6.0, 1.7619047619047619, 1.0714285714285714, 4.2]","[0, 0, 5.142857142857142, 2.0, 0.5714285714285714, 3.5]","[0, 0, 0, 0, 0, 0]","[0, 0, 6.75, 1.7142857142857142, 3.5, 1.0370370370370372]","[0, 0, 5.4, 1.2, 2, 1.6666666666666667]","[0, 0, 0, 0, 0, 0]","[0, 0, 1.4210526315789473, 0.7894736842105263, 6, 1.0555555555555556]","[0, 0, 6.9324324324324325, 2.108108108108108, 1.7222222222222223, 4.933333333333334]","[0, 0, 5.625, 1.6875, 3.3333333333333335, 5.333333333333333]"
32,2020-06-11,20200611HHLT0,"[0, 0, 0, 0, 0, 0]","[0, 0, 0, 0, 0, 0]","[0, 0, 0, 0, 0, 0]","[0, 0, 0, 0, 0, 0]","[0, 0, 7.105263157894736, 1.5789473684210527, 2.0, 0.7037037037037037]","[0, 0, 0, 0, 0, 0]","[0, 0, 9.0, 2.0, 0.0, 1.0]","[0, 0, 2.793103448275862, 1.1379310344827587, 4.0, 1.2083333333333333]","[0, 0, 10.125, 2.25, 2.0, 0.8888888888888888]","[0, 1, 3.375, 1.875, 5.0, 0.8888888888888888]","[0, 0, 4.5, 2.0, 1, 0.6666666666666666]","[0, 0, 0, 0, 0, 0]","[0, 0, 0, 0, 0, 0]","[0, 0, 0, 0, 0, 0]","[0, 0, 0, 0, 0, 0]","[0, 1, 0.0, 0.0, 2, 1.0]","[0, 0, 4.2772277227722775, 1.217821782178218, 2.6923076923076925, 5.611111111111111]","[0, 1, 4.153846153846154, 1.4615384615384615, 1.3333333333333333, 0.9285714285714286]","[0, 1, 6.075, 1.65, 1.4285714285714286, 1.0256410256410258]","[0, 0, 5.023255813953488, 1.3255813953488371, 3.5, 1.023809523809524]","[0, 0, 0, 0, 0, 0]","[0, 0, 6.75, 1.875, 4, 1.3333333333333333]","[0, 0, 0, 0, 0, 0]","[0, 0, 3.073170731707317, 1.2682926829268293, 2.0, 6.833333333333333]","[0, 0, 6.0, 1.7619047619047619, 1.0714285714285714, 4.2]","[0, 0, 5.142857142857142, 2.0, 0.5714285714285714, 3.5]","[0, 0, 0, 0, 0, 0]","[0, 0, 6.75, 1.7142857142857142, 3.5, 1.0370370370370372]","[0, 0, 5.4, 1.2, 2, 1.6666666666666667]","[0, 0, 0, 0, 0, 0]","[0, 1, 6.75, 1.2, 7, 0.9523809523809524]","[0, 0, 6.9324324324324325, 2.108108108108108, 1.7222222222222223, 4.933333333333334]","[1, 0, 7.578947368421052, 1.8421052631578947, 4.333333333333333, 4.75]"
33,2020-06-12,20200612OBHH0,"[0, 0, 0, 0, 0, 0]","[0, 0, 0, 0, 0, 0]","[0, 0, 0, 0, 0, 0]","[0, 0, 0, 0, 0, 0]","[0, 0, 7.105263157894736, 1.5789473684210527, 2.0, 0.7037037037037037]","[0, 0, 0, 0, 0, 0]","[0, 0, 9.0, 2.0, 0.0, 1.0]","[0, 1, 3.176470588235294, 1.2352941176470587, 3.3333333333333335, 1.2592592592592593]","[0, 0, 10.125, 2.25, 2.0, 0.8888888888888888]","[0, 0, 3.375, 1.875, 5.0, 0.8888888888888888]","[0, 0, 4.5, 2.0, 1, 0.6666666666666666]","[0, 0, 0, 0, 0, 0]","[0, 0, 0, 0, 0, 0]","[0, 1, 9.0, 2.0, 0, 1.0]","[0, 0, 0, 0, 0, 0]","[0, 0, 0.0, 0.0, 2, 1.0]","[0, 0, 4.2772277227722775, 1.217821782178218, 2.6923076923076925, 5.611111111111111]","[0, 0, 4.153846153846154, 1.4615384615384615, 1.3333333333333333, 0.9285714285714286]","[0, 1, 5.926829268292683, 1.6097560975609757, 1.4285714285714286, 0.9761904761904762]","[0, 1, 5.282608695652174, 1.434782608695652, 3.2857142857142856, 1.0222222222222224]","[0, 0, 0, 0, 0, 0]","[0, 0, 6.75, 1.875, 4, 1.3333333333333333]","[0, 0, 0, 0, 0, 0]","[0, 0, 3.073170731707317, 1.2682926829268293, 2.0, 6.833333333333333]","[0, 0, 6.0, 1.7619047619047619, 1.0714285714285714, 4.2]","[1, 0, 9.0, 2.090909090909091, 0.7777777777777778, 3.6666666666666665]","[0, 0, 0, 0, 0, 0]","[0, 0, 6.75, 1.7142857142857142, 3.5, 1.0370370370370372]","[0, 0, 5.4, 1.2, 2, 1.6666666666666667]","[0, 0, 0, 0, 0, 0]","[0, 0, 6.75, 1.2, 7, 0.9523809523809524]","[0, 0, 6.9324324324324325, 2.108108108108108, 1.7222222222222223, 4.933333333333334]","[0, 0, 7.578947368421052, 1.8421052631578947, 4.333333333333333, 4.75]"
34,2020-06-13,20200613OBHH0,"[0, 0, 0, 0, 0, 0]","[0, 0, 0, 0, 0, 0]","[1, 0, 0, 0, 0, 0]","[0, 0, 0, 0, 0, 0]","[0, 0, 7.105263157894736, 1.5789473684210527, 2.0, 0.7037037037037037]","[0, 0, 0, 0, 0, 0]","[0, 0, 9.0, 2.0, 0.0, 1.0]","[0, 1, 2.9189189189189193, 1.135135135135135, 3.3333333333333335, 1.2333333333333334]","[0, 0, 10.125, 2.25, 2.0, 0.8888888888888888]","[0, 0, 3.375, 1.875, 5.0, 0.8888888888888888]","[0, 0, 4.5, 2.0, 1, 0.6666666666666666]","[0, 0, 0, 0, 0, 0]","[0, 0, 0, 0, 0, 0]","[0, 0, 9.0, 2.0, 0, 1.0]","[0, 0, 0, 0, 0, 0]","[0, 0, 0.0, 0.0, 2, 1.0]","[0, 0, 4.2772277227722775, 1.217821782178218, 2.6923076923076925, 5.611111111111111]","[0, 1, 4.695652173913043, 1.6304347826086956, 1.1538461538461537, 1.0222222222222224]","[0, 0, 5.926829268292683, 1.6097560975609757, 1.4285714285714286, 0.9761904761904762]","[0, 1, 4.764705882352941, 1.411764705882353, 2.875, 1.0625]","[0, 0, 0, 0, 0, 0]","[0, 0, 6.75, 1.875, 4, 1.3333333333333333]","[0, 0, 0, 0, 0, 0]","[0, 0, 3.073170731707317, 1.2682926829268293, 2.0, 6.833333333333333]","[0, 0, 6.0, 1.7619047619047619, 1.0714285714285714, 4.2]","[0, 0, 9.0, 2.090909090909091, 0.7777777777777778, 3.6666666666666665]","[0, 0, 0, 0, 0, 0]","[0, 0, 6.75, 1.7142857142857142, 3.5, 1.0370370370370372]","[0, 0, 5.4, 1.2, 2, 1.6666666666666667]","[0, 0, 0, 0, 0, 0]","[0, 1, 5.625, 1.0, 8, 1.0]","[0, 0, 6.9324324324324325, 2.108108108108108, 1.7222222222222223, 4.933333333333334]","[0, 0, 7.578947368421052, 1.8421052631578947, 4.333333333333333, 4.75]"
35,2020-06-14,20200614OBHH0,"[0, 0, 0, 0, 0, 0]","[0, 0, 0, 0, 0, 0]","[0, 0, 0, 0, 0, 0]","[0, 0, 0, 0, 0, 0]","[0, 0, 7.105263157894736, 1.5789473684210527, 2.0, 0.7037037037037037]","[0, 0, 0, 0, 0, 0]","[0, 0, 9.0, 2.0, 0.0, 1.0]","[0, 0, 2.9189189189189193, 1.135135135135135, 3.3333333333333335, 1.2333333333333334]","[0, 0, 10.125, 2.25, 2.0, 0.8888888888888888]","[0, 0, 3.375, 1.875, 5.0, 0.8888888888888888]","[0, 0, 4.5, 2.0, 1, 0.6666666666666666]","[0, 0, 0, 0, 0, 0]","[0, 0, 0, 0, 0, 0]","[0, 1, 4.5, 2.0, 0.0, 1.0]","[0, 0, 0, 0, 0, 0]","[0, 1, 0.0, 1.2, 3, 0.8333333333333334]","[0, 0, 4.2772277227722775, 1.217821782178218, 2.6923076923076925, 5.611111111111111]","[0, 0, 4.695652173913043, 1.6304347826086956, 1.1538461538461537, 1.0222222222222224]","[0, 1, 6.136363636363636, 1.5681818181818183, 1.4285714285714286, 0.9777777777777777]","[0, 0, 4.764705882352941, 1.411764705882353, 2.875, 1.0625]","[0, 0, 0, 0, 0, 0]","[0, 0, 6.75, 1.875, 4, 1.3333333333333333]","[0, 0, 0, 0, 0, 0]","[1, 0, 4.108695652173913, 1.4130434782608696, 2.4, 6.571428571428571]","[0, 0, 6.0, 1.7619047619047619, 1.0714285714285714, 4.2]","[0, 0, 9.0, 2.090909090909091, 0.7777777777777778, 3.6666666666666665]","[0, 0, 0, 0, 0, 0]","[0, 0, 6.75, 1.7142857142857142, 3.5, 1.0370370370370372]","[0, 0, 5.4, 1.2, 2, 1.6666666666666667]","[0, 0, 0, 0, 0, 0]","[0, 0, 5.625, 1.0, 8, 1.0]","[0, 0, 6.9324324324324325, 2.108108108108108, 1.7222222222222223, 4.933333333333334]","[0, 0, 7.578947368421052, 1.8421052631578947, 4.333333333333333, 4.75]"
36,2020-06-16,20200616LGHH0,"[0, 0, 0, 0, 0, 0]","[0, 0, 0, 0, 0, 0]","[0, 0, 0, 0, 0, 0]","[0, 0, 0, 0, 0, 0]","[0, 1, 10.565217391304348, 1.9565217391304348, 1.6666666666666667, 0.7666666666666667]","[0, 0, 0, 0, 0, 0]","[0, 0, 9.0, 2.0, 0.0, 1.0]","[0, 0, 2.9189189189189193, 1.135135135135135, 3.3333333333333335, 1.2333333333333334]","[0, 0, 10.125, 2.25, 2.0, 0.8888888888888888]","[0, 1, 4.909090909090909, 1.9090909090909092, 5.0, 0.9166666666666666]","[0, 0, 4.5, 2.0, 1, 0.6666666666666666]","[0, 0, 0, 0, 0, 0]","[0, 1, 9.0, 2.0, 1.0, 1.0]","[0, 0, 4.5, 2.0, 0.0, 1.0]","[0, 0, 0, 0, 0, 0]","[0, 0, 0.0, 1.2, 3, 0.8333333333333334]","[0, 0, 4.2772277227722775, 1.217821782178218, 2.6923076923076925, 5.611111111111111]","[0, 0, 4.695652173913043, 1.6304347826086956, 1.1538461538461537, 1.0222222222222224]","[0, 0, 6.136363636363636, 1.5681818181818183, 1.4285714285714286, 0.9777777777777777]","[0, 0, 4.764705882352941, 1.411764705882353, 2.875, 1.0625]","[0, 0, 0, 0, 0, 0]","[0, 0, 6.75, 1.875, 4, 1.3333333333333333]","[0, 0, 0, 0, 0, 0]","[0, 0, 4.108695652173913, 1.4130434782608696, 2.4, 6.571428571428571]","[0, 0, 6.0, 1.7619047619047619, 1.0714285714285714, 4.2]","[0, 0, 9.0, 2.090909090909091, 0.7777777777777778, 3.6666666666666665]","[0, 0, 0, 0, 0, 0]","[0, 0, 6.75, 1.7142857142857142, 3.5, 1.0370370370370372]","[0, 0, 5.4, 1.2, 2, 1.6666666666666667]","[0, 0, 0, 0, 0, 0]","[0, 0, 5.625, 1.0, 8, 1.0]","[0, 0, 6.9324324324324325, 2.108108108108108, 1.7222222222222223, 4.933333333333334]","[1, 0, 7.59375, 1.828125, 4.666666666666667, 4.266666666666667]"
37,2020-06-17,20200617LGHH0,"[0, 0, 0, 0, 0, 0]","[0, 0, 0, 0, 0, 0]","[0, 0, 0, 0, 0, 0]","[0, 0, 0, 0, 0, 0]","[0, 0, 10.565217391304348, 1.9565217391304348, 1.6666666666666667, 0.7666666666666667]","[0, 0, 0, 0, 0, 0]","[0, 0, 9.0, 2.0, 0.0, 1.0]","[0, 0, 2.9189189189189193, 1.135135135135135, 3.3333333333333335, 1.2333333333333334]","[0, 0, 10.125, 2.25, 2.0, 0.8888888888888888]","[0, 0, 4.909090909090909, 1.9090909090909092, 5.0, 0.9166666666666666]","[0, 0, 4.5, 2.0, 1, 0.6666666666666666]","[0, 0, 0, 0, 0, 0]","[0, 1, 9.0, 2.0, 1.0, 1.0]","[0, 1, 3.0, 1.3333333333333333, 1.0, 1.0]","[0, 0, 0, 0, 0, 0]","[0, 1, 0.0, 0.75, 4, 0.8888888888888888]","[0, 0, 4.2772277227722775, 1.217821782178218, 2.6923076923076925, 5.611111111111111]","[0, 0, 4.695652173913043, 1.6304347826086956, 1.1538461538461537, 1.0222222222222224]","[0, 0, 6.136363636363636, 1.5681818181818183, 1.4285714285714286, 0.9777777777777777]","[0, 0, 4.764705882352941, 1.411764705882353, 2.875, 1.0625]","[0, 0, 0, 0, 0, 0]","[0, 0, 6.75, 1.875, 4, 1.3333333333333333]","[0, 0, 0, 0, 0, 0]","[0, 0, 4.108695652173913, 1.4130434782608696, 2.4, 6.571428571428571]","[0, 0, 6.0, 1.7619047619047619, 1.0714285714285714, 4.2]","[1, 0, 8.804347826086957, 2.0217391304347827, 1.0909090909090908, 3.8333333333333335]","[0, 0, 0, 0, 0, 0]","[0, 0, 6.75, 1.7142857142857142, 3.5, 1.0370370370370372]","[0, 0, 5.4, 1.2, 2, 1.6666666666666667]","[0, 0, 0, 0, 0, 0]","[0, 0, 5.625, 1.0, 8, 1.0]","[0, 0, 6.9324324324324325, 2.108108108108108, 1.7222222222222223, 4.933333333333334]","[0, 0, 7.59375, 1.828125, 4.666666666666667, 4.266666666666667]"
38,2020-06-18,20200618LGHH0,"[0, 0, 0, 0, 0, 0]","[0, 0, 0, 0, 0, 0]","[0, 0, 0, 0, 0, 0]","[0, 0, 0, 0, 0, 0]","[0, 1, 10.384615384615385, 1.9615384615384617, 1.6666666666666667, 0.7878787878787878]","[0, 0, 0, 0, 0, 0]","[0, 0, 9.0, 2.0, 0.0, 1.0]","[0, 1, 3.292682926829268, 1.1707317073170733, 3.0, 1.2424242424242424]","[0, 0, 10.125, 2.25, 2.0, 0.8888888888888888]","[0, 1, 3.0, 1.6666666666666667, 2.5, 1.2]","[0, 0, 4.5, 2.0, 1, 0.6666666666666666]","[0, 0, 0, 0, 0, 0]","[0, 0, 9.0, 2.0, 1.0, 1.0]","[0, 0, 3.0, 1.3333333333333333, 1.0, 1.0]","[0, 0, 0, 0, 0, 0]","[0, 1, 0.0, 0.8181818181818182, 4, 0.9166666666666666]","[0, 0, 4.2772277227722775, 1.217821782178218, 2.6923076923076925, 5.611111111111111]","[0, 0, 4.695652173913043, 1.6304347826086956, 1.1538461538461537, 1.0222222222222224]","[0, 1, 5.74468085106383, 1.5319148936170213, 1.4285714285714286, 0.9791666666666666]","[0, 1, 4.584905660377358, 1.4150943396226414, 2.7777777777777777, 1.0392156862745099]","[0, 0, 0, 0, 0, 0]","[0, 0, 6.75, 1.875, 4, 1.3333333333333333]","[0, 0, 0, 0, 0, 0]","[0, 0, 4.108695652173913, 1.4130434782608696, 2.4, 6.571428571428571]","[0, 0, 6.0, 1.7619047619047619, 1.0714285714285714, 4.2]","[0, 0, 8.804347826086957, 2.0217391304347827, 1.0909090909090908, 3.8333333333333335]","[0, 0, 0, 0, 0, 0]","[0, 0, 6.75, 1.7142857142857142, 3.5, 1.0370370370370372]","[0, 0, 5.4, 1.2, 2, 1.6666666666666667]","[0, 0, 0, 0, 0, 0]","[0, 0, 5.625, 1.0, 8, 1.0]","[1, 0, 7.481927710843373, 2.2409638554216866, 1.619047619047619, 4.611111111111112]","[0, 0, 7.59375, 1.828125, 4.666666666666667, 4.266666666666667]"
39,2020-06-19,20200619HHNC0,"[0, 0, 0, 0, 0, 0]","[0, 0, 0, 0, 0, 0]","[0, 0, 0, 0, 0, 0]","[0, 0, 0, 0, 0, 0]","[0, 1, 9.642857142857142, 1.9285714285714284, 1.8333333333333333, 0.7777777777777778]","[0, 0, 0, 0, 0, 0]","[0, 0, 9.0, 2.0, 0.0, 1.0]","[0, 0, 3.292682926829268, 1.1707317073170733, 3.0, 1.2424242424242424]","[0, 0, 10.125, 2.25, 2.0, 0.8888888888888888]","[0, 0, 3.0, 1.6666666666666667, 2.5, 1.2]","[0, 0, 4.5, 2.0, 1, 0.6666666666666666]","[0, 0, 0, 0, 0, 0]","[0, 0, 9.0, 2.0, 1.0, 1.0]","[0, 1, 2.25, 1.0, 1.0, 1.0]","[0, 0, 0, 0, 0, 0]","[0, 0, 0.0, 0.8181818181818182, 4, 0.9166666666666666]","[0, 0, 4.2772277227722775, 1.217821782178218, 2.6923076923076925, 5.611111111111111]","[1, 0, 4.339285714285714, 1.7142857142857142, 1.0625, 1.1666666666666667]","[0, 1, 5.4, 1.5599999999999998, 1.375, 0.9803921568627452]","[0, 0, 4.584905660377358, 1.4150943396226414, 2.7777777777777777, 1.0392156862745099]","[0, 0, 0, 0, 0, 0]","[0, 0, 6.75, 1.875, 4, 1.3333333333333333]","[0, 0, 0, 0, 0, 0]","[0, 0, 4.108695652173913, 1.4130434782608696, 2.4, 6.571428571428571]","[0, 0, 6.0, 1.7619047619047619, 1.0714285714285714, 4.2]","[0, 0, 8.804347826086957, 2.0217391304347827, 1.0909090909090908, 3.8333333333333335]","[0, 0, 0, 0, 0, 0]","[0, 0, 6.75, 1.7142857142857142, 3.5, 1.0370370370370372]","[0, 0, 5.4, 1.2, 2, 1.6666666666666667]","[0, 0, 0, 0, 0, 0]","[0, 1, 5.4, 1.2, 10.0, 1.1111111111111112]","[0, 0, 7.481927710843373, 2.2409638554216866, 1.619047619047619, 4.611111111111112]","[0, 0, 7.59375, 1.828125, 4.666666666666667, 4.266666666666667]"
40,2020-06-20,20200620HHNC0,"[0, 0, 0, 0, 0, 0]","[0, 0, 0, 0, 0, 0]","[0, 0, 0, 0, 0, 0]","[0, 0, 0, 0, 0, 0]","[0, 0, 9.642857142857142, 1.9285714285714284, 1.8333333333333333, 0.7777777777777778]","[0, 0, 0, 0, 0, 0]","[0, 0, 9.0, 2.0, 0.0, 1.0]","[0, 0, 3.292682926829268, 1.1707317073170733, 3.0, 1.2424242424242424]","[0, 0, 10.125, 2.25, 2.0, 0.8888888888888888]","[0, 0, 3.0, 1.6666666666666667, 2.5, 1.2]","[0, 0, 4.5, 2.0, 1, 0.6666666666666666]","[0, 0, 0, 0, 0, 0]","[0, 0, 9.0, 2.0, 1.0, 1.0]","[0, 1, 1.8, 1.0, 1.0, 1.0]","[0, 0, 0, 0, 0, 0]","[0, 0, 0.0, 0.8181818181818182, 4, 0.9166666666666666]","[0, 0, 4.2772277227722775, 1.217821782178218, 2.6923076923076925, 5.611111111111111]","[0, 0, 4.339285714285714, 1.7142857142857142, 1.0625, 1.1666666666666667]","[0, 0, 5.4, 1.5599999999999998, 1.375, 0.9803921568627452]","[0, 1, 4.418181818181818, 1.3636363636363638, 2.7777777777777777, 1.0185185185185184]","[0, 0, 0, 0, 0, 0]","[0, 0, 6.75, 1.875, 4, 1.3333333333333333]","[0, 0, 0, 0, 0, 0]","[1, 0, 3.6346153846153846, 1.4038461538461537, 2.8, 6.5]","[0, 0, 6.0, 1.7619047619047619, 1.0714285714285714, 4.2]","[0, 0, 8.804347826086957, 2.0217391304347827, 1.0909090909090908, 3.8333333333333335]","[0, 0, 0, 0, 0, 0]","[0, 0, 6.75, 1.7142857142857142, 3.5, 1.0370370370370372]","[0, 0, 5.4, 1.2, 2, 1.6666666666666667]","[0, 0, 0, 0, 0, 0]","[0, 1, 4.909090909090909, 1.1818181818181819, 12.0, 1.1]","[0, 0, 7.481927710843373, 2.2409638554216866, 1.619047619047619, 4.611111111111112]","[0, 0, 7.59375, 1.828125, 4.666666666666667, 4.266666666666667]"
41,2020-06-21,20200621HHNC0,"[0, 0, 0, 0, 0, 0]","[0, 0, 0, 0, 0, 0]","[0, 0, 0, 0, 0, 0]","[0, 0, 0, 0, 0, 0]","[0, 1, 9.0, 1.8, 2.0, 0.7692307692307693]","[0, 0, 0, 0, 0, 0]","[0, 0, 9.0, 2.0, 0.0, 1.0]","[0, 1, 4.5, 1.2857142857142858, 2.6, 1.1666666666666667]","[0, 0, 10.125, 2.25, 2.0, 0.8888888888888888]","[0, 0, 3.0, 1.6666666666666667, 2.5, 1.2]","[0, 0, 4.5, 2.0, 1, 0.6666666666666666]","[0, 0, 0, 0, 0, 0]","[0, 0, 9.0, 2.0, 1.0, 1.0]","[0, 0, 1.8, 1.0, 1.0, 1.0]","[0, 0, 0, 0, 0, 0]","[0, 1, 6.75, 1.75, 1.3333333333333333, 0.8]","[1, 0, 5.25, 1.3333333333333333, 2.5714285714285716, 5.142857142857143]","[0, 0, 4.339285714285714, 1.7142857142857142, 1.0625, 1.1666666666666667]","[0, 1, 5.09433962264151, 1.471698113207547, 1.5, 0.9814814814814815]","[0, 1, 4.263157894736842, 1.3157894736842106, 2.7777777777777777, 1.0]","[0, 0, 0, 0, 0, 0]","[0, 0, 6.75, 1.875, 4, 1.3333333333333333]","[0, 0, 0, 0, 0, 0]","[0, 0, 3.6346153846153846, 1.4038461538461537, 2.8, 6.5]","[0, 0, 6.0, 1.7619047619047619, 1.0714285714285714, 4.2]","[0, 0, 8.804347826086957, 2.0217391304347827, 1.0909090909090908, 3.8333333333333335]","[0, 0, 0, 0, 0, 0]","[0, 0, 6.75, 1.7142857142857142, 3.5, 1.0370370370370372]","[0, 0, 5.4, 1.2, 2, 1.6666666666666667]","[0, 0, 0, 0, 0, 0]","[0, 0, 4.909090909090909, 1.1818181818181819, 12.0, 1.1]","[0, 0, 7.481927710843373, 2.2409638554216866, 1.619047619047619, 4.611111111111112]","[0, 0, 7.59375, 1.828125, 4.666666666666667, 4.266666666666667]"
42,2020-06-23,20200623HHSS0,"[0, 0, 0, 0, 0, 0]","[0, 0, 0, 0, 0, 0]","[0, 0, 0, 0, 0, 0]","[0, 0, 0, 0, 0, 0]","[0, 0, 9.0, 1.8, 2.0, 0.7692307692307693]","[0, 0, 0, 0, 0, 0]","[0, 0, 9.0, 2.0, 0.0, 1.0]","[0, 1, 4.2, 1.2666666666666666, 2.3333333333333335, 1.1538461538461537]","[0, 0, 10.125, 2.25, 2.0, 0.8888888888888888]","[0, 1, 2.571428571428571, 1.7142857142857142, 3.0, 1.1666666666666667]","[0, 0, 4.5, 2.0, 1, 0.6666666666666666]","[0, 0, 0, 0, 0, 0]","[0, 0, 9.0, 2.0, 1.0, 1.0]","[0, 1, 3.0, 1.0, 2.0, 1.0]","[0, 0, 0, 0, 0, 0]","[0, 0, 6.75, 1.75, 1.3333333333333333, 0.8]","[0, 0, 5.25, 1.3333333333333333, 2.5714285714285716, 5.142857142857143]","[0, 0, 4.339285714285714, 1.7142857142857142, 1.0625, 1.1666666666666667]","[0, 0, 5.09433962264151, 1.471698113207547, 1.5, 0.9814814814814815]","[0, 1, 4.655172413793104, 1.4482758620689655, 2.5, 0.9666666666666666]","[0, 0, 0, 0, 0, 0]","[0, 0, 6.75, 1.875, 4, 1.3333333333333333]","[0, 0, 0, 0, 0, 0]","[0, 0, 3.6346153846153846, 1.4038461538461537, 2.8, 6.5]","[0, 0, 6.0, 1.7619047619047619, 1.0714285714285714, 4.2]","[1, 0, 8.4375, 2.109375, 1.0714285714285714, 4.266666666666667]","[0, 0, 0, 0, 0, 0]","[0, 0, 6.75, 1.7142857142857142, 3.5, 1.0370370370370372]","[0, 0, 5.4, 1.2, 2, 1.6666666666666667]","[0, 0, 0, 0, 0, 0]","[0, 0, 4.909090909090909, 1.1818181818181819, 12.0, 1.1]","[0, 0, 7.481927710843373, 2.2409638554216866, 1.619047619047619, 4.611111111111112]","[0, 0, 7.59375, 1.828125, 4.666666666666667, 4.266666666666667]"
43,2020-06-24,20200624HHSS0,"[0, 0, 0, 0, 0, 0]","[0, 0, 0, 0, 0, 0]","[0, 0, 0, 0, 0, 0]","[0, 0, 0, 0, 0, 0]","[0, 0, 9.0, 1.8, 2.0, 0.7692307692307693]","[0, 0, 0, 0, 0, 0]","[0, 0, 9.0, 2.0, 0.0, 1.0]","[0, 1, 4.8, 1.5333333333333334, 1.75, 1.0714285714285714]","[0, 0, 10.125, 2.25, 2.0, 0.8888888888888888]","[0, 1, 2.25, 1.625, 2.0, 1.1428571428571428]","[0, 0, 4.5, 2.0, 1, 0.6666666666666666]","[0, 0, 0, 0, 0, 0]","[0, 0, 9.0, 2.0, 1.0, 1.0]","[0, 0, 3.0, 1.0, 2.0, 1.0]","[0, 0, 0, 0, 0, 0]","[0, 1, 5.0625, 1.3125, 1.6666666666666667, 0.8888888888888888]","[0, 0, 5.25, 1.3333333333333333, 2.5714285714285716, 5.142857142857143]","[0, 0, 4.339285714285714, 1.7142857142857142, 1.0625, 1.1666666666666667]","[0, 1, 5.4, 1.4727272727272729, 1.625, 0.9649122807017543]","[0, 0, 4.655172413793104, 1.4482758620689655, 2.5, 0.9666666666666666]","[0, 0, 0, 0, 0, 0]","[0, 0, 6.75, 1.875, 4, 1.3333333333333333]","[0, 0, 0, 0, 0, 0]","[0, 0, 3.6346153846153846, 1.4038461538461537, 2.8, 6.5]","[0, 0, 6.0, 1.7619047619047619, 1.0714285714285714, 4.2]","[0, 0, 8.4375, 2.109375, 1.0714285714285714, 4.266666666666667]","[0, 0, 0, 0, 0, 0]","[0, 0, 6.75, 1.7142857142857142, 3.5, 1.0370370370370372]","[0, 0, 5.4, 1.2, 2, 1.6666666666666667]","[0, 0, 0, 0, 0, 0]","[0, 1, 4.5, 1.0833333333333333, 14.0, 1.0909090909090908]","[1, 0, 6.887755102040816, 2.112244897959184, 1.608695652173913, 4.666666666666666]","[0, 0, 7.59375, 1.828125, 4.666666666666667, 4.266666666666667]"
44,2020-06-25,20200625HHSS0,"[0, 0, 0, 0, 0, 0]","[0, 0, 0, 0, 0, 0]","[0, 0, 0, 0, 0, 0]","[0, 0, 0, 0, 0, 0]","[0, 1, 10.451612903225806, 1.9354838709677418, 1.8571428571428572, 0.7380952380952381]","[0, 0, 0, 0, 0, 0]","[0, 0, 9.0, 2.0, 0.0, 1.0]","[0, 0, 4.8, 1.5333333333333334, 1.75, 1.0714285714285714]","[0, 0, 10.125, 2.25, 2.0, 0.8888888888888888]","[0, 0, 2.25, 1.625, 2.0, 1.1428571428571428]","[0, 0, 4.5, 2.0, 1, 0.6666666666666666]","[0, 0, 0, 0, 0, 0]","[0, 0, 9.0, 2.0, 1.0, 1.0]","[0, 0, 3.0, 1.0, 2.0, 1.0]","[0, 0, 0, 0, 0, 0]","[0, 0, 5.0625, 1.3125, 1.6666666666666667, 0.8888888888888888]","[0, 0, 5.25, 1.3333333333333333, 2.5714285714285716, 5.142857142857143]","[1, 0, 4.695652173913043, 1.6956521739130435, 1.1666666666666667, 1.3529411764705883]","[0, 0, 5.4, 1.4727272727272729, 1.625, 0.9649122807017543]","[0, 1, 4.655172413793104, 1.5517241379310345, 2.5, 0.9206349206349206]","[0, 0, 0, 0, 0, 0]","[0, 0, 6.75, 1.875, 4, 1.3333333333333333]","[0, 0, 0, 0, 0, 0]","[0, 0, 3.6346153846153846, 1.4038461538461537, 2.8, 6.5]","[0, 0, 6.0, 1.7619047619047619, 1.0714285714285714, 4.2]","[0, 0, 8.4375, 2.109375, 1.0714285714285714, 4.266666666666667]","[0, 0, 0, 0, 0, 0]","[0, 1, 7.59375, 1.96875, 4.0, 1.0666666666666667]","[0, 0, 5.4, 1.2, 2, 1.6666666666666667]","[0, 0, 0, 0, 0, 0]","[0, 0, 4.5, 1.0833333333333333, 14.0, 1.0909090909090908]","[0, 0, 6.887755102040816, 2.112244897959184, 1.608695652173913, 4.666666666666666]","[0, 0, 7.59375, 1.828125, 4.666666666666667, 4.266666666666667]"
45,2020-06-26,20200626KTHH0,"[0, 0, 0, 0, 0, 0]","[0, 0, 0, 0, 0, 0]","[0, 0, 0, 0, 0, 0]","[0, 0, 0, 0, 0, 0]","[0, 0, 10.451612903225806, 1.9354838709677418, 1.8571428571428572, 0.7380952380952381]","[0, 0, 0, 0, 0, 0]","[0, 0, 9.0, 2.0, 0.0, 1.0]","[0, 0, 4.8, 1.5333333333333334, 1.75, 1.0714285714285714]","[0, 0, 10.125, 2.25, 2.0, 0.8888888888888888]","[0, 0, 2.25, 1.625, 2.0, 1.1428571428571428]","[0, 0, 4.5, 2.0, 1, 0.6666666666666666]","[0, 0, 0, 0, 0, 0]","[0, 0, 9.0, 2.0, 1.0, 1.0]","[0, 0, 3.0, 1.0, 2.0, 1.0]","[0, 0, 0, 0, 0, 0]","[0, 1, 4.263157894736842, 1.2631578947368423, 1.75, 0.9047619047619048]","[0, 0, 5.25, 1.3333333333333333, 2.5714285714285716, 5.142857142857143]","[0, 0, 4.695652173913043, 1.6956521739130435, 1.1666666666666667, 1.3529411764705883]","[0, 1, 5.120689655172414, 1.4482758620689655, 1.75, 0.9666666666666666]","[0, 1, 4.426229508196721, 1.4754098360655739, 2.6, 0.9242424242424242]","[0, 0, 0, 0, 0, 0]","[0, 0, 6.75, 1.875, 4, 1.3333333333333333]","[0, 0, 0, 0, 0, 0]","[1, 0, 3.3942857142857146, 1.3714285714285714, 3.5, 6.481481481481482]","[0, 0, 6.0, 1.7619047619047619, 1.0714285714285714, 4.2]","[0, 0, 8.4375, 2.109375, 1.0714285714285714, 4.266666666666667]","[0, 0, 0, 0, 0, 0]","[0, 0, 7.59375, 1.96875, 4.0, 1.0666666666666667]","[0, 0, 5.4, 1.2, 2, 1.6666666666666667]","[0, 0, 0, 0, 0, 0]","[0, 0, 4.5, 1.0833333333333333, 14.0, 1.0909090909090908]","[0, 0, 6.887755102040816, 2.112244897959184, 1.608695652173913, 4.666666666666666]","[0, 0, 7.59375, 1.828125, 4.666666666666667, 4.266666666666667]"
46,2020-06-27,20200627KTHH0,"[0, 0, 0, 0, 0, 0]","[0, 0, 0, 0, 0, 0]","[0, 0, 0, 0, 0, 0]","[0, 0, 0, 0, 0, 0]","[0, 1, 9.529411764705882, 1.852941176470588, 1.8571428571428572, 0.7555555555555556]","[0, 0, 0, 0, 0, 0]","[0, 0, 9.0, 2.0, 0.0, 1.0]","[0, 1, 4.8, 1.6666666666666667, 1.5555555555555556, 1.0]","[0, 0, 10.125, 2.25, 2.0, 0.8888888888888888]","[0, 1, 2.25, 1.75, 2.0, 1.0]","[0, 0, 4.5, 2.0, 1, 0.6666666666666666]","[0, 0, 0, 0, 0, 0]","[0, 0, 9.0, 2.0, 1.0, 1.0]","[0, 1, 6.136363636363636, 1.2272727272727273, 1.5, 1.0476190476190477]","[0, 0, 0, 0, 0, 0]","[0, 0, 4.263157894736842, 1.2631578947368423, 1.75, 0.9047619047619048]","[1, 0, 5.355371900826446, 1.3884297520661155, 2.6666666666666665, 5.041666666666667]","[0, 0, 4.695652173913043, 1.6956521739130435, 1.1666666666666667, 1.3529411764705883]","[0, 0, 5.120689655172414, 1.4482758620689655, 1.75, 0.9666666666666666]","[0, 0, 4.426229508196721, 1.4754098360655739, 2.6, 0.9242424242424242]","[0, 0, 0, 0, 0, 0]","[0, 0, 6.75, 1.875, 4, 1.3333333333333333]","[0, 0, 0, 0, 0, 0]","[0, 0, 3.3942857142857146, 1.3714285714285714, 3.5, 6.481481481481482]","[0, 0, 6.0, 1.7619047619047619, 1.0714285714285714, 4.2]","[0, 0, 8.4375, 2.109375, 1.0714285714285714, 4.266666666666667]","[0, 0, 0, 0, 0, 0]","[0, 1, 6.942857142857142, 1.8, 4.5, 1.0606060606060606]","[0, 0, 5.4, 1.2, 2, 1.6666666666666667]","[0, 0, 0, 0, 0, 0]","[0, 0, 4.5, 1.0833333333333333, 14.0, 1.0909090909090908]","[0, 0, 6.887755102040816, 2.112244897959184, 1.608695652173913, 4.666666666666666]","[0, 0, 7.59375, 1.828125, 4.666666666666667, 4.266666666666667]"
47,2020-06-28,20200628KTHH0,"[0, 1, 0.0, 0.6, 2.0, 1.6666666666666667]","[0, 0, 0, 0, 0, 0]","[0, 0, 0, 0, 0, 0]","[0, 0, 0, 0, 0, 0]","[0, 0, 9.529411764705882, 1.852941176470588, 1.8571428571428572, 0.7555555555555556]","[0, 0, 0, 0, 0, 0]","[0, 0, 9.0, 2.0, 0.0, 1.0]","[0, 0, 4.8, 1.6666666666666667, 1.5555555555555556, 1.0]","[0, 0, 10.125, 2.25, 2.0, 0.8888888888888888]","[0, 0, 2.25, 1.75, 2.0, 1.0]","[0, 1, 11.25, 2.75, 1.0, 1.0]","[0, 0, 0, 0, 0, 0]","[0, 0, 9.0, 2.0, 1.0, 1.0]","[0, 0, 6.136363636363636, 1.2272727272727273, 1.5, 1.0476190476190477]","[0, 0, 0, 0, 0, 0]","[0, 0, 4.263157894736842, 1.2631578947368423, 1.75, 0.9047619047619048]","[0, 0, 5.355371900826446, 1.3884297520661155, 2.6666666666666665, 5.041666666666667]","[0, 0, 4.695652173913043, 1.6956521739130435, 1.1666666666666667, 1.3529411764705883]","[0, 0, 5.120689655172414, 1.4482758620689655, 1.75, 0.9666666666666666]","[0, 1, 4.21875, 1.453125, 2.6, 0.9275362318840579]","[0, 0, 0, 0, 0, 0]","[0, 0, 6.75, 1.875, 4, 1.3333333333333333]","[0, 0, 0, 0, 0, 0]","[0, 0, 3.3942857142857146, 1.3714285714285714, 3.5, 6.481481481481482]","[0, 0, 6.0, 1.7619047619047619, 1.0714285714285714, 4.2]","[1, 0, 7.666666666666666, 1.9259259259259258, 1.25, 4.5]","[0, 0, 0, 0, 0, 0]","[0, 1, 6.230769230769231, 1.6923076923076923, 3.6666666666666665, 1.0833333333333333]","[0, 0, 5.4, 1.2, 2, 1.6666666666666667]","[0, 0, 0, 0, 0, 0]","[0, 0, 4.5, 1.0833333333333333, 14.0, 1.0909090909090908]","[0, 0, 6.887755102040816, 2.112244897959184, 1.608695652173913, 4.666666666666666]","[0, 0, 7.59375, 1.828125, 4.666666666666667, 4.266666666666667]"
48,2020-07-01,20200701HHHT0,"[0, 0, 0.0, 0.6, 2.0, 1.6666666666666667]","[0, 0, 0, 0, 0, 0]","[0, 0, 0, 0, 0, 0]","[0, 0, 0, 0, 0, 0]","[0, 0, 9.529411764705882, 1.852941176470588, 1.8571428571428572, 0.7555555555555556]","[0, 0, 0, 0, 0, 0]","[0, 0, 9.0, 2.0, 0.0, 1.0]","[0, 0, 4.8, 1.6666666666666667, 1.5555555555555556, 1.0]","[0, 0, 10.125, 2.25, 2.0, 0.8888888888888888]","[0, 0, 2.25, 1.75, 2.0, 1.0]","[0, 0, 11.25, 2.75, 1.0, 1.0]","[0, 0, 0, 0, 0, 0]","[0, 0, 9.0, 2.0, 1.0, 1.0]","[0, 0, 6.136363636363636, 1.2272727272727273, 1.5, 1.0476190476190477]","[0, 0, 0, 0, 0, 0]","[0, 1, 3.6818181818181817, 1.2272727272727273, 1.6, 0.9166666666666666]","[0, 0, 5.355371900826446, 1.3884297520661155, 2.6666666666666665, 5.041666666666667]","[0, 0, 4.695652173913043, 1.6956521739130435, 1.1666666666666667, 1.3529411764705883]","[0, 1, 5.311475409836065, 1.5245901639344264, 1.6666666666666667, 0.9682539682539681]","[0, 1, 4.029850746268656, 1.3880597014925373, 2.8, 0.9305555555555555]","[0, 0, 0, 0, 0, 0]","[0, 0, 6.75, 1.875, 4, 1.3333333333333333]","[0, 0, 0, 0, 0, 0]","[0, 0, 3.3942857142857146, 1.3714285714285714, 3.5, 6.481481481481482]","[0, 0, 6.0, 1.7619047619047619, 1.0714285714285714, 4.2]","[0, 0, 7.666666666666666, 1.9259259259259258, 1.25, 4.5]","[0, 0, 0, 0, 0, 0]","[0, 0, 6.230769230769231, 1.6923076923076923, 3.6666666666666665, 1.0833333333333333]","[0, 0, 5.4, 1.2, 2, 1.6666666666666667]","[0, 0, 0, 0, 0, 0]","[0, 0, 4.5, 1.0833333333333333, 14.0, 1.0909090909090908]","[1, 0, 6.212389380530974, 2.0707964601769913, 1.84, 4.708333333333333]","[0, 0, 7.59375, 1.828125, 4.666666666666667, 4.266666666666667]"
49,2020-07-02,20200702HHHT0,"[0, 1, 0.0, 1.125, 2.0, 1.3333333333333333]","[0, 0, 0, 0, 0, 0]","[0, 0, 0, 0, 0, 0]","[0, 0, 0, 0, 0, 0]","[0, 0, 9.529411764705882, 1.852941176470588, 1.8571428571428572, 0.7555555555555556]","[0, 0, 0, 0, 0, 0]","[0, 0, 9.0, 2.0, 0.0, 1.0]","[0, 0, 4.8, 1.6666666666666667, 1.5555555555555556, 1.0]","[0, 0, 10.125, 2.25, 2.0, 0.8888888888888888]","[0, 1, 2.076923076923077, 1.9615384615384617, 1.4, 0.9629629629629629]","[0, 0, 11.25, 2.75, 1.0, 1.0]","[0, 0, 0, 0, 0, 0]","[0, 0, 9.0, 2.0, 1.0, 1.0]","[0, 1, 5.4, 1.3199999999999998, 1.0, 1.0416666666666667]","[0, 0, 0, 0, 0, 0]","[0, 0, 3.6818181818181817, 1.2272727272727273, 1.6, 0.9166666666666666]","[0, 0, 5.355371900826446, 1.3884297520661155, 2.6666666666666665, 5.041666666666667]","[0, 0, 4.695652173913043, 1.6956521739130435, 1.1666666666666667, 1.3529411764705883]","[0, 0, 5.311475409836065, 1.5245901639344264, 1.6666666666666667, 0.9682539682539681]","[0, 0, 4.029850746268656, 1.3880597014925373, 2.8, 0.9305555555555555]","[0, 0, 0, 0, 0, 0]","[0, 0, 6.75, 1.875, 4, 1.3333333333333333]","[0, 0, 0, 0, 0, 0]","[1, 0, 3.49740932642487, 1.367875647668394, 3.727272727272727, 6.433333333333333]","[0, 0, 6.0, 1.7619047619047619, 1.0714285714285714, 4.2]","[0, 0, 7.666666666666666, 1.9259259259259258, 1.25, 4.5]","[0, 0, 0, 0, 0, 0]","[0, 0, 6.230769230769231, 1.6923076923076923, 3.6666666666666665, 1.0833333333333333]","[0, 0, 5.4, 1.2, 2, 1.6666666666666667]","[0, 0, 0, 0, 0, 0]","[0, 0, 4.5, 1.0833333333333333, 14.0, 1.0909090909090908]","[0, 0, 6.212389380530974, 2.0707964601769913, 1.84, 4.708333333333333]","[0, 0, 7.59375, 1.828125, 4.666666666666667, 4.266666666666667]"
50,2020-07-03,20200703HHOB0,"[0, 0, 0.0, 1.125, 2.0, 1.3333333333333333]","[0, 0, 0, 0, 0, 0]","[0, 0, 0, 0, 0, 0]","[0, 0, 0, 0, 0, 0]","[0, 0, 9.529411764705882, 1.852941176470588, 1.8571428571428572, 0.7555555555555556]","[0, 0, 0, 0, 0, 0]","[0, 0, 9.0, 2.0, 0.0, 1.0]","[0, 0, 4.8, 1.6666666666666667, 1.5555555555555556, 1.0]","[0, 0, 10.125, 2.25, 2.0, 0.8888888888888888]","[0, 0, 2.076923076923077, 1.9615384615384617, 1.4, 0.9629629629629629]","[0, 0, 11.25, 2.75, 1.0, 1.0]","[0, 0, 0, 0, 0, 0]","[0, 0, 9.0, 2.0, 1.0, 1.0]","[0, 0, 5.4, 1.3199999999999998, 1.0, 1.0416666666666667]","[0, 0, 0, 0, 0, 0]","[0, 1, 3.375, 1.25, 1.6, 0.8888888888888888]","[0, 0, 5.355371900826446, 1.3884297520661155, 2.6666666666666665, 5.041666666666667]","[1, 0, 4.344827586206897, 1.6551724137931034, 1.3333333333333333, 1.6111111111111112]","[0, 1, 5.225806451612903, 1.6451612903225805, 1.6, 0.9393939393939394]","[0, 1, 5.086956521739131, 1.5217391304347827, 2.5454545454545454, 0.92]","[0, 0, 0, 0, 0, 0]","[0, 0, 6.75, 1.875, 4, 1.3333333333333333]","[0, 0, 0, 0, 0, 0]","[0, 0, 3.49740932642487, 1.367875647668394, 3.727272727272727, 6.433333333333333]","[0, 0, 6.0, 1.7619047619047619, 1.0714285714285714, 4.2]","[0, 0, 7.666666666666666, 1.9259259259259258, 1.25, 4.5]","[0, 0, 0, 0, 0, 0]","[0, 0, 6.230769230769231, 1.6923076923076923, 3.6666666666666665, 1.0833333333333333]","[0, 0, 5.4, 1.2, 2, 1.6666666666666667]","[0, 0, 0, 0, 0, 0]","[0, 0, 4.5, 1.0833333333333333, 14.0, 1.0909090909090908]","[0, 0, 6.212389380530974, 2.0707964601769913, 1.84, 4.708333333333333]","[0, 0, 7.59375, 1.828125, 4.666666666666667, 4.266666666666667]"
51,2020-07-04,20200704HHOB0,"[0, 0, 0.0, 1.125, 2.0, 1.3333333333333333]","[0, 0, 0, 0, 0, 0]","[0, 0, 0, 0, 0, 0]","[0, 0, 0, 0, 0, 0]","[0, 0, 9.529411764705882, 1.852941176470588, 1.8571428571428572, 0.7555555555555556]","[0, 0, 0, 0, 0, 0]","[0, 0, 9.0, 2.0, 0.0, 1.0]","[0, 0, 4.8, 1.6666666666666667, 1.5555555555555556, 1.0]","[0, 0, 10.125, 2.25, 2.0, 0.8888888888888888]","[0, 0, 2.076923076923077, 1.9615384615384617, 1.4, 0.9629629629629629]","[0, 1, 9.0, 2.2, 1.0, 1.0]","[0, 0, 0, 0, 0, 0]","[0, 0, 9.0, 2.0, 1.0, 1.0]","[0, 1, 4.821428571428571, 1.3928571428571428, 1.0, 1.0370370370370372]","[0, 0, 0, 0, 0, 0]","[0, 0, 3.375, 1.25, 1.6, 0.8888888888888888]","[1, 0, 5.161764705882352, 1.3676470588235294, 2.526315789473684, 5.037037037037037]","[0, 0, 4.344827586206897, 1.6551724137931034, 1.3333333333333333, 1.6111111111111112]","[0, 1, 4.984615384615385, 1.6153846153846152, 1.4545454545454546, 0.9420289855072465]","[0, 0, 5.086956521739131, 1.5217391304347827, 2.5454545454545454, 0.92]","[0, 0, 0, 0, 0, 0]","[0, 0, 6.75, 1.875, 4, 1.3333333333333333]","[0, 0, 0, 0, 0, 0]","[0, 0, 3.49740932642487, 1.367875647668394, 3.727272727272727, 6.433333333333333]","[0, 0, 6.0, 1.7619047619047619, 1.0714285714285714, 4.2]","[0, 0, 7.666666666666666, 1.9259259259259258, 1.25, 4.5]","[0, 0, 0, 0, 0, 0]","[0, 0, 6.230769230769231, 1.6923076923076923, 3.6666666666666665, 1.0833333333333333]","[0, 0, 5.4, 1.2, 2, 1.6666666666666667]","[0, 0, 0, 0, 0, 0]","[0, 0, 4.5, 1.0833333333333333, 14.0, 1.0909090909090908]","[0, 0, 6.212389380530974, 2.0707964601769913, 1.84, 4.708333333333333]","[0, 1, 8.653846153846155, 1.8846153846153846, 4.0, 4.333333333333333]"
52,2020-07-05,20200705HHOB0,"[0, 1, 0.0, 0.75, 2.5, 1.3333333333333333]","[0, 0, 0, 0, 0, 0]","[0, 0, 0, 0, 0, 0]","[0, 0, 0, 0, 0, 0]","[0, 0, 9.529411764705882, 1.852941176470588, 1.8571428571428572, 0.7555555555555556]","[0, 0, 0, 0, 0, 0]","[0, 0, 9.0, 2.0, 0.0, 1.0]","[0, 0, 4.8, 1.6666666666666667, 1.5555555555555556, 1.0]","[0, 0, 10.125, 2.25, 2.0, 0.8888888888888888]","[0, 1, 2.0, 2.111111111111111, 1.4, 0.9]","[0, 1, 7.105263157894736, 1.736842105263158, 1.0, 1.0555555555555556]","[0, 0, 0, 0, 0, 0]","[0, 0, 9.0, 2.0, 1.0, 1.0]","[0, 0, 4.821428571428571, 1.3928571428571428, 1.0, 1.0370370370370372]","[0, 0, 0, 0, 0, 0]","[0, 0, 3.375, 1.25, 1.6, 0.8888888888888888]","[0, 0, 5.161764705882352, 1.3676470588235294, 2.526315789473684, 5.037037037037037]","[0, 0, 4.344827586206897, 1.6551724137931034, 1.3333333333333333, 1.6111111111111112]","[0, 0, 4.984615384615385, 1.6153846153846152, 1.4545454545454546, 0.9420289855072465]","[0, 1, 5.478260869565218, 1.565217391304348, 2.5454545454545454, 0.8846153846153846]","[0, 0, 0, 0, 0, 0]","[0, 0, 6.75, 1.875, 4, 1.3333333333333333]","[0, 0, 0, 0, 0, 0]","[0, 0, 3.49740932642487, 1.367875647668394, 3.727272727272727, 6.433333333333333]","[0, 0, 6.0, 1.7619047619047619, 1.0714285714285714, 4.2]","[1, 0, 7.875000000000001, 1.875, 1.4444444444444444, 4.571428571428571]","[0, 0, 0, 0, 0, 0]","[0, 0, 6.230769230769231, 1.6923076923076923, 3.6666666666666665, 1.0833333333333333]","[0, 0, 5.4, 1.2, 2, 1.6666666666666667]","[0, 0, 0, 0, 0, 0]","[0, 0, 4.5, 1.0833333333333333, 14.0, 1.0909090909090908]","[0, 0, 6.212389380530974, 2.0707964601769913, 1.84, 4.708333333333333]","[0, 1, 8.4375, 1.875, 4.0, 3.8095238095238098]"
53,2020-07-07,20200707LTHH0,"[0, 1, 0.0, 0.8, 4.0, 1.25]","[0, 0, 0, 0, 0, 0]","[0, 0, 0, 0, 0, 0]","[0, 0, 0, 0, 0, 0]","[0, 0, 9.529411764705882, 1.852941176470588, 1.8571428571428572, 0.7555555555555556]","[0, 0, 0, 0, 0, 0]","[0, 0, 9.0, 2.0, 0.0, 1.0]","[0, 0, 4.8, 1.6666666666666667, 1.5555555555555556, 1.0]","[0, 0, 10.125, 2.25, 2.0, 0.8888888888888888]","[0, 1, 1.9285714285714284, 2.0357142857142856, 1.4, 0.8484848484848485]","[0, 1, 8.59090909090909, 1.7727272727272727, 1.0, 1.0476190476190477]","[0, 0, 0, 0, 0, 0]","[0, 0, 9.0, 2.0, 1.0, 1.0]","[0, 1, 4.354838709677419, 1.4516129032258063, 0.8333333333333334, 1.0333333333333334]","[0, 0, 0, 0, 0, 0]","[0, 1, 4.0, 1.4444444444444444, 1.5, 0.9]","[0, 0, 5.161764705882352, 1.3676470588235294, 2.526315789473684, 5.037037037037037]","[0, 0, 4.344827586206897, 1.6551724137931034, 1.3333333333333333, 1.6111111111111112]","[0, 1, 4.764705882352941, 1.6323529411764706, 1.4166666666666667, 0.9444444444444445]","[0, 0, 5.478260869565218, 1.565217391304348, 2.5454545454545454, 0.8846153846153846]","[0, 0, 0, 0, 0, 0]","[0, 0, 6.75, 1.875, 4, 1.3333333333333333]","[0, 0, 0, 0, 0, 0]","[0, 0, 3.49740932642487, 1.367875647668394, 3.727272727272727, 6.433333333333333]","[0, 0, 6.0, 1.7619047619047619, 1.0714285714285714, 4.2]","[0, 0, 7.875000000000001, 1.875, 1.4444444444444444, 4.571428571428571]","[0, 0, 0, 0, 0, 0]","[0, 0, 6.230769230769231, 1.6923076923076923, 3.6666666666666665, 1.0833333333333333]","[0, 0, 5.4, 1.2, 2, 1.6666666666666667]","[0, 0, 0, 0, 0, 0]","[0, 0, 4.5, 1.0833333333333333, 14.0, 1.0909090909090908]","[1, 0, 5.440298507462686, 1.8582089552238807, 2.12, 4.962962962962963]","[0, 1, 8.333333333333332, 1.8888888888888888, 4.0, 3.375]"
54,2020-07-08,20200708LTHH0,"[0, 0, 0.0, 0.8, 4.0, 1.25]","[0, 0, 0, 0, 0, 0]","[0, 0, 0, 0, 0, 0]","[0, 0, 0, 0, 0, 0]","[0, 0, 9.529411764705882, 1.852941176470588, 1.8571428571428572, 0.7555555555555556]","[0, 0, 0, 0, 0, 0]","[0, 1, 10.125, 3.0, 0.0, 0.8888888888888888]","[0, 0, 4.8, 1.6666666666666667, 1.5555555555555556, 1.0]","[0, 0, 10.125, 2.25, 2.0, 0.8888888888888888]","[0, 0, 1.9285714285714284, 2.0357142857142856, 1.4, 0.8484848484848485]","[0, 0, 8.59090909090909, 1.7727272727272727, 1.0, 1.0476190476190477]","[0, 0, 0, 0, 0, 0]","[0, 0, 9.0, 2.0, 1.0, 1.0]","[0, 1, 4.21875, 1.59375, 0.625, 0.9696969696969696]","[0, 0, 0, 0, 0, 0]","[0, 0, 4.0, 1.4444444444444444, 1.5, 0.9]","[0, 0, 5.161764705882352, 1.3676470588235294, 2.526315789473684, 5.037037037037037]","[0, 0, 4.344827586206897, 1.6551724137931034, 1.3333333333333333, 1.6111111111111112]","[0, 0, 4.764705882352941, 1.6323529411764706, 1.4166666666666667, 0.9444444444444445]","[0, 0, 5.478260869565218, 1.565217391304348, 2.5454545454545454, 0.8846153846153846]","[0, 0, 0, 0, 0, 0]","[0, 0, 6.75, 1.875, 4, 1.3333333333333333]","[0, 0, 0, 0, 0, 0]","[1, 0, 4.0047846889952154, 1.4354066985645932, 3.3076923076923075, 6.333333333333334]","[0, 0, 6.0, 1.7619047619047619, 1.0714285714285714, 4.2]","[0, 0, 7.875000000000001, 1.875, 1.4444444444444444, 4.571428571428571]","[0, 0, 0, 0, 0, 0]","[0, 0, 6.230769230769231, 1.6923076923076923, 3.6666666666666665, 1.0833333333333333]","[0, 0, 5.4, 1.2, 2, 1.6666666666666667]","[0, 0, 0, 0, 0, 0]","[0, 0, 4.5, 1.0833333333333333, 14.0, 1.0909090909090908]","[0, 0, 5.440298507462686, 1.8582089552238807, 2.12, 4.962962962962963]","[0, 1, 8.357142857142858, 1.9285714285714286, 3.4, 3.111111111111111]"
55,2020-07-09,20200709LTHH0,"[0, 1, 0.0, 0.6666666666666666, 4.5, 1.2]","[0, 0, 0, 0, 0, 0]","[0, 0, 0, 0, 0, 0]","[0, 0, 0, 0, 0, 0]","[0, 0, 9.529411764705882, 1.852941176470588, 1.8571428571428572, 0.7555555555555556]","[0, 0, 0, 0, 0, 0]","[0, 0, 10.125, 3.0, 0.0, 0.8888888888888888]","[0, 0, 4.8, 1.6666666666666667, 1.5555555555555556, 1.0]","[0, 0, 10.125, 2.25, 2.0, 0.8888888888888888]","[0, 0, 1.9285714285714284, 2.0357142857142856, 1.4, 0.8484848484848485]","[0, 1, 8.64, 1.68, 2.5, 1.0416666666666667]","[0, 0, 0, 0, 0, 0]","[0, 0, 9.0, 2.0, 1.0, 1.0]","[0, 0, 4.21875, 1.59375, 0.625, 0.9696969696969696]","[0, 0, 0, 0, 0, 0]","[0, 0, 4.0, 1.4444444444444444, 1.5, 0.9]","[0, 0, 5.161764705882352, 1.3676470588235294, 2.526315789473684, 5.037037037037037]","[1, 0, 3.6, 1.6, 1.28, 1.8421052631578947]","[0, 0, 4.764705882352941, 1.6323529411764706, 1.4166666666666667, 0.9444444444444445]","[0, 0, 5.478260869565218, 1.565217391304348, 2.5454545454545454, 0.8846153846153846]","[0, 0, 0, 0, 0, 0]","[0, 0, 6.75, 1.875, 4, 1.3333333333333333]","[0, 0, 0, 0, 0, 0]","[0, 0, 4.0047846889952154, 1.4354066985645932, 3.3076923076923075, 6.333333333333334]","[0, 0, 6.0, 1.7619047619047619, 1.0714285714285714, 4.2]","[0, 0, 7.875000000000001, 1.875, 1.4444444444444444, 4.571428571428571]","[0, 0, 0, 0, 0, 0]","[0, 0, 6.230769230769231, 1.6923076923076923, 3.6666666666666665, 1.0833333333333333]","[0, 0, 5.4, 1.2, 2, 1.6666666666666667]","[0, 0, 0, 0, 0, 0]","[0, 1, 4.609756097560976, 1.0975609756097562, 17.0, 1.1388888888888888]","[0, 0, 5.440298507462686, 1.8582089552238807, 2.12, 4.962962962962963]","[0, 0, 8.357142857142858, 1.9285714285714286, 3.4, 3.111111111111111]"
56,2020-07-10,20200710SKHH0,"[0, 0, 0.0, 0.6666666666666666, 4.5, 1.2]","[0, 0, 0, 0, 0, 0]","[0, 0, 0, 0, 0, 0]","[0, 0, 0, 0, 0, 0]","[0, 0, 9.529411764705882, 1.852941176470588, 1.8571428571428572, 0.7555555555555556]","[0, 0, 0, 0, 0, 0]","[0, 0, 10.125, 3.0, 0.0, 0.8888888888888888]","[0, 0, 4.8, 1.6666666666666667, 1.5555555555555556, 1.0]","[0, 0, 10.125, 2.25, 2.0, 0.8888888888888888]","[0, 0, 1.9285714285714284, 2.0357142857142856, 1.4, 0.8484848484848485]","[0, 1, 9.0, 1.6666666666666667, 2.5, 1.0]","[0, 0, 0, 0, 0, 0]","[0, 0, 9.0, 2.0, 1.0, 1.0]","[0, 0, 4.21875, 1.59375, 0.625, 0.9696969696969696]","[0, 0, 0, 0, 0, 0]","[0, 0, 4.0, 1.4444444444444444, 1.5, 0.9]","[1, 0, 4.827814569536423, 1.410596026490066, 2.5714285714285716, 5.033333333333333]","[0, 0, 3.6, 1.6, 1.28, 1.8421052631578947]","[0, 1, 4.875, 1.625, 1.3846153846153846, 0.96]","[0, 0, 5.478260869565218, 1.565217391304348, 2.5454545454545454, 0.8846153846153846]","[0, 0, 0, 0, 0, 0]","[0, 0, 6.75, 1.875, 4, 1.3333333333333333]","[0, 0, 0, 0, 0, 0]","[0, 0, 4.0047846889952154, 1.4354066985645932, 3.3076923076923075, 6.333333333333334]","[0, 0, 6.0, 1.7619047619047619, 1.0714285714285714, 4.2]","[0, 0, 7.875000000000001, 1.875, 1.4444444444444444, 4.571428571428571]","[0, 0, 0, 0, 0, 0]","[0, 0, 6.230769230769231, 1.6923076923076923, 3.6666666666666665, 1.0833333333333333]","[0, 0, 5.4, 1.2, 2, 1.6666666666666667]","[0, 0, 0, 0, 0, 0]","[0, 1, 4.395348837209303, 1.0465116279069766, 17.0, 1.1025641025641026]","[0, 0, 5.440298507462686, 1.8582089552238807, 2.12, 4.962962962962963]","[0, 0, 8.357142857142858, 1.9285714285714286, 3.4, 3.111111111111111]"
57,2020-07-11,20200711SKHH0,"[0, 1, 0.0, 0.5217391304347826, 6.0, 1.277777777777778]","[0, 0, 0, 0, 0, 0]","[0, 0, 0, 0, 0, 0]","[0, 0, 0, 0, 0, 0]","[0, 0, 9.529411764705882, 1.852941176470588, 1.8571428571428572, 0.7555555555555556]","[0, 0, 0, 0, 0, 0]","[0, 1, 6.75, 2.25, 0.2, 1.0]","[0, 0, 4.8, 1.6666666666666667, 1.5555555555555556, 1.0]","[0, 0, 10.125, 2.25, 2.0, 0.8888888888888888]","[0, 1, 2.4545454545454546, 2.0, 1.1666666666666667, 0.9166666666666666]","[0, 0, 9.0, 1.6666666666666667, 2.5, 1.0]","[0, 0, 0, 0, 0, 0]","[0, 0, 9.0, 2.0, 1.0, 1.0]","[0, 1, 3.8571428571428568, 1.542857142857143, 0.75, 0.9722222222222222]","[0, 0, 0, 0, 0, 0]","[0, 1, 4.655172413793104, 1.6551724137931036, 1.2857142857142858, 0.8787878787878788]","[0, 0, 4.827814569536423, 1.410596026490066, 2.5714285714285716, 5.033333333333333]","[0, 0, 3.6, 1.6, 1.28, 1.8421052631578947]","[0, 0, 4.875, 1.625, 1.3846153846153846, 0.96]","[0, 0, 5.478260869565218, 1.565217391304348, 2.5454545454545454, 0.8846153846153846]","[1, 0, 0, 0, 0, 0]","[0, 0, 6.75, 1.875, 4, 1.3333333333333333]","[0, 0, 0, 0, 0, 0]","[0, 0, 4.0047846889952154, 1.4354066985645932, 3.3076923076923075, 6.333333333333334]","[0, 0, 6.0, 1.7619047619047619, 1.0714285714285714, 4.2]","[0, 0, 7.875000000000001, 1.875, 1.4444444444444444, 4.571428571428571]","[0, 0, 0, 0, 0, 0]","[0, 0, 6.230769230769231, 1.6923076923076923, 3.6666666666666665, 1.0833333333333333]","[0, 0, 5.4, 1.2, 2, 1.6666666666666667]","[0, 0, 0, 0, 0, 0]","[0, 0, 4.395348837209303, 1.0465116279069766, 17.0, 1.1025641025641026]","[0, 0, 5.440298507462686, 1.8582089552238807, 2.12, 4.962962962962963]","[0, 0, 8.357142857142858, 1.9285714285714286, 3.4, 3.111111111111111]"
58,2020-07-13,20200713SKHH0,"[0, 1, 0.0, 0.6666666666666666, 4.333333333333333, 1.2857142857142858]","[0, 0, 0, 0, 0, 0]","[0, 0, 0, 0, 0, 0]","[0, 0, 0, 0, 0, 0]","[0, 0, 9.529411764705882, 1.852941176470588, 1.8571428571428572, 0.7555555555555556]","[0, 0, 0, 0, 0, 0]","[0, 0, 6.75, 2.25, 0.2, 1.0]","[0, 0, 4.8, 1.6666666666666667, 1.5555555555555556, 1.0]","[0, 0, 10.125, 2.25, 2.0, 0.8888888888888888]","[0, 0, 2.4545454545454546, 2.0, 1.1666666666666667, 0.9166666666666666]","[0, 1, 7.838709677419355, 1.5483870967741935, 3.5, 1.0333333333333334]","[0, 0, 0, 0, 0, 0]","[0, 0, 9.0, 2.0, 1.0, 1.0]","[0, 0, 3.8571428571428568, 1.542857142857143, 0.75, 0.9722222222222222]","[0, 0, 0, 0, 0, 0]","[0, 0, 4.655172413793104, 1.6551724137931036, 1.2857142857142858, 0.8787878787878788]","[0, 0, 4.827814569536423, 1.410596026490066, 2.5714285714285716, 5.033333333333333]","[0, 0, 3.6, 1.6, 1.28, 1.8421052631578947]","[0, 0, 4.875, 1.625, 1.3846153846153846, 0.96]","[0, 0, 5.478260869565218, 1.565217391304348, 2.5454545454545454, 0.8846153846153846]","[0, 0, 0, 0, 0, 0]","[0, 0, 6.75, 1.875, 4, 1.3333333333333333]","[0, 0, 0, 0, 0, 0]","[0, 0, 4.0047846889952154, 1.4354066985645932, 3.3076923076923075, 6.333333333333334]","[0, 0, 6.0, 1.7619047619047619, 1.0714285714285714, 4.2]","[0, 0, 7.875000000000001, 1.875, 1.4444444444444444, 4.571428571428571]","[0, 0, 0, 0, 0, 0]","[0, 0, 6.230769230769231, 1.6923076923076923, 3.6666666666666665, 1.0833333333333333]","[0, 0, 5.4, 1.2, 2, 1.6666666666666667]","[0, 0, 0, 0, 0, 0]","[0, 1, 5.869565217391304, 1.2391304347826086, 8.5, 1.0952380952380953]","[1, 0, 5.073825503355705, 1.8322147651006713, 2.074074074074074, 4.966666666666667]","[0, 0, 8.357142857142858, 1.9285714285714286, 3.4, 3.111111111111111]"
59,2020-07-14,20200714HHKT0,"[0, 0, 0.0, 0.6666666666666666, 4.333333333333333, 1.2857142857142858]","[0, 0, 0, 0, 0, 0]","[0, 0, 0, 0, 0, 0]","[0, 0, 0, 0, 0, 0]","[0, 0, 9.529411764705882, 1.852941176470588, 1.8571428571428572, 0.7555555555555556]","[0, 0, 0, 0, 0, 0]","[0, 1, 6.230769230769231, 2.076923076923077, 0.2, 0.8666666666666666]","[0, 0, 4.8, 1.6666666666666667, 1.5555555555555556, 1.0]","[0, 0, 10.125, 2.25, 2.0, 0.8888888888888888]","[0, 0, 2.4545454545454546, 2.0, 1.1666666666666667, 0.9166666666666666]","[0, 0, 7.838709677419355, 1.5483870967741935, 3.5, 1.0333333333333334]","[0, 0, 0, 0, 0, 0]","[0, 0, 9.0, 2.0, 1.0, 1.0]","[0, 1, 4.5, 1.6666666666666667, 0.6666666666666666, 0.9230769230769231]","[0, 0, 0, 0, 0, 0]","[0, 0, 4.655172413793104, 1.6551724137931036, 1.2857142857142858, 0.8787878787878788]","[0, 0, 4.827814569536423, 1.410596026490066, 2.5714285714285716, 5.033333333333333]","[0, 0, 3.6, 1.6, 1.28, 1.8421052631578947]","[0, 1, 5.328947368421053, 1.6578947368421053, 1.4615384615384615, 0.9743589743589743]","[0, 0, 5.478260869565218, 1.565217391304348, 2.5454545454545454, 0.8846153846153846]","[0, 0, 0, 0, 0, 0]","[0, 0, 6.75, 1.875, 4, 1.3333333333333333]","[0, 0, 0, 0, 0, 0]","[1, 0, 4.1629955947136565, 1.4405286343612334, 3.3846153846153846, 6.305555555555556]","[0, 0, 6.0, 1.7619047619047619, 1.0714285714285714, 4.2]","[0, 0, 7.875000000000001, 1.875, 1.4444444444444444, 4.571428571428571]","[0, 0, 0, 0, 0, 0]","[0, 0, 6.230769230769231, 1.6923076923076923, 3.6666666666666665, 1.0833333333333333]","[0, 0, 5.4, 1.2, 2, 1.6666666666666667]","[0, 0, 0, 0, 0, 0]","[0, 0, 5.869565217391304, 1.2391304347826086, 8.5, 1.0952380952380953]","[0, 0, 5.073825503355705, 1.8322147651006713, 2.074074074074074, 4.966666666666667]","[0, 0, 8.357142857142858, 1.9285714285714286, 3.4, 3.111111111111111]"
60,2020-07-15,20200715HHKT0,"[0, 1, 0.0, 0.8275862068965518, 3.5, 1.2083333333333333]","[0, 0, 0, 0, 0, 0]","[0, 0, 0, 0, 0, 0]","[0, 0, 0, 0, 0, 0]","[0, 0, 9.529411764705882, 1.852941176470588, 1.8571428571428572, 0.7555555555555556]","[0, 0, 0, 0, 0, 0]","[0, 0, 6.230769230769231, 2.076923076923077, 0.2, 0.8666666666666666]","[0, 0, 4.8, 1.6666666666666667, 1.5555555555555556, 1.0]","[0, 0, 10.125, 2.25, 2.0, 0.8888888888888888]","[0, 1, 2.131578947368421, 1.8947368421052633, 1.0, 0.9743589743589743]","[0, 1, 6.942857142857142, 1.4571428571428573, 2.6666666666666665, 1.0606060606060606]","[0, 0, 0, 0, 0, 0]","[0, 0, 9.0, 2.0, 1.0, 1.0]","[0, 0, 4.5, 1.6666666666666667, 0.6666666666666666, 0.9230769230769231]","[0, 0, 0, 0, 0, 0]","[0, 0, 4.655172413793104, 1.6551724137931036, 1.2857142857142858, 0.8787878787878788]","[0, 0, 4.827814569536423, 1.410596026490066, 2.5714285714285716, 5.033333333333333]","[1, 0, 3.951219512195122, 1.5121951219512195, 1.3333333333333333, 2.05]","[0, 1, 5.25974025974026, 1.6363636363636362, 1.4615384615384615, 0.9506172839506173]","[0, 0, 5.478260869565218, 1.565217391304348, 2.5454545454545454, 0.8846153846153846]","[0, 0, 0, 0, 0, 0]","[0, 0, 6.75, 1.875, 4, 1.3333333333333333]","[0, 0, 0, 0, 0, 0]","[0, 0, 4.1629955947136565, 1.4405286343612334, 3.3846153846153846, 6.305555555555556]","[0, 0, 6.0, 1.7619047619047619, 1.0714285714285714, 4.2]","[0, 0, 7.875000000000001, 1.875, 1.4444444444444444, 4.571428571428571]","[0, 0, 0, 0, 0, 0]","[0, 0, 6.230769230769231, 1.6923076923076923, 3.6666666666666665, 1.0833333333333333]","[0, 0, 5.4, 1.2, 2, 1.6666666666666667]","[0, 0, 0, 0, 0, 0]","[0, 1, 5.510204081632653, 1.1632653061224492, 9.5, 1.0888888888888888]","[0, 0, 5.073825503355705, 1.8322147651006713, 2.074074074074074, 4.966666666666667]","[0, 0, 8.357142857142858, 1.9285714285714286, 3.4, 3.111111111111111]"
61,2020-07-16,20200716HHKT0,"[0, 0, 0.0, 0.8275862068965518, 3.5, 1.2083333333333333]","[0, 0, 0, 0, 0, 0]","[0, 0, 0, 0, 0, 0]","[0, 0, 0, 0, 0, 0]","[0, 0, 9.529411764705882, 1.852941176470588, 1.8571428571428572, 0.7555555555555556]","[0, 0, 0, 0, 0, 0]","[0, 1, 5.0625, 1.875, 0.6, 0.8888888888888888]","[0, 0, 4.8, 1.6666666666666667, 1.5555555555555556, 1.0]","[0, 0, 10.125, 2.25, 2.0, 0.8888888888888888]","[0, 0, 2.131578947368421, 1.8947368421052633, 1.0, 0.9743589743589743]","[0, 0, 6.942857142857142, 1.4571428571428573, 2.6666666666666665, 1.0606060606060606]","[0, 0, 0, 0, 0, 0]","[0, 0, 9.0, 2.0, 1.0, 1.0]","[0, 1, 4.153846153846154, 1.6153846153846154, 0.7, 0.9285714285714286]","[0, 0, 0, 0, 0, 0]","[0, 1, 5.0625, 1.59375, 1.4285714285714286, 0.8888888888888888]","[1, 0, 4.365269461077844, 1.4011976047904193, 2.375, 5.0606060606060606]","[0, 0, 3.951219512195122, 1.5121951219512195, 1.3333333333333333, 2.05]","[0, 0, 5.25974025974026, 1.6363636363636362, 1.4615384615384615, 0.9506172839506173]","[0, 0, 5.478260869565218, 1.565217391304348, 2.5454545454545454, 0.8846153846153846]","[0, 0, 0, 0, 0, 0]","[0, 0, 6.75, 1.875, 4, 1.3333333333333333]","[0, 0, 0, 0, 0, 0]","[0, 0, 4.1629955947136565, 1.4405286343612334, 3.3846153846153846, 6.305555555555556]","[0, 0, 6.0, 1.7619047619047619, 1.0714285714285714, 4.2]","[0, 0, 7.875000000000001, 1.875, 1.4444444444444444, 4.571428571428571]","[0, 0, 0, 0, 0, 0]","[0, 0, 6.230769230769231, 1.6923076923076923, 3.6666666666666665, 1.0833333333333333]","[0, 0, 5.4, 1.2, 2, 1.6666666666666667]","[0, 0, 0, 0, 0, 0]","[0, 0, 5.510204081632653, 1.1632653061224492, 9.5, 1.0888888888888888]","[0, 0, 5.073825503355705, 1.8322147651006713, 2.074074074074074, 4.966666666666667]","[0, 0, 8.357142857142858, 1.9285714285714286, 3.4, 3.111111111111111]"
62,2020-07-17,20200717HHLG0,"[0, 0, 0.0, 0.8275862068965518, 3.5, 1.2083333333333333]","[0, 0, 0, 0, 0, 0]","[0, 0, 0, 0, 0, 0]","[0, 0, 0, 0, 0, 0]","[0, 0, 9.529411764705882, 1.852941176470588, 1.8571428571428572, 0.7555555555555556]","[0, 0, 0, 0, 0, 0]","[0, 0, 5.0625, 1.875, 0.6, 0.8888888888888888]","[0, 0, 4.8, 1.6666666666666667, 1.5555555555555556, 1.0]","[0, 0, 10.125, 2.25, 2.0, 0.8888888888888888]","[0, 1, 2.076923076923077, 1.9230769230769231, 1.0, 0.9285714285714286]","[0, 0, 6.942857142857142, 1.4571428571428573, 2.6666666666666665, 1.0606060606060606]","[0, 0, 0, 0, 0, 0]","[0, 0, 9.0, 2.0, 1.0, 1.0]","[0, 1, 4.05, 1.65, 0.6363636363636364, 0.888888888888889]","[0, 0, 0, 0, 0, 0]","[0, 1, 4.628571428571429, 1.542857142857143, 1.7142857142857142, 0.8974358974358974]","[0, 0, 4.365269461077844, 1.4011976047904193, 2.375, 5.0606060606060606]","[0, 0, 3.951219512195122, 1.5121951219512195, 1.3333333333333333, 2.05]","[0, 0, 5.25974025974026, 1.6363636363636362, 1.4615384615384615, 0.9506172839506173]","[0, 0, 5.478260869565218, 1.565217391304348, 2.5454545454545454, 0.8846153846153846]","[1, 0, 4.153846153846154, 1.6153846153846154, 1.5, 4.333333333333333]","[0, 0, 6.75, 1.875, 4, 1.3333333333333333]","[0, 0, 0, 0, 0, 0]","[0, 0, 4.1629955947136565, 1.4405286343612334, 3.3846153846153846, 6.305555555555556]","[0, 0, 6.0, 1.7619047619047619, 1.0714285714285714, 4.2]","[0, 0, 7.875000000000001, 1.875, 1.4444444444444444, 4.571428571428571]","[0, 0, 0, 0, 0, 0]","[0, 0, 6.230769230769231, 1.6923076923076923, 3.6666666666666665, 1.0833333333333333]","[0, 0, 5.4, 1.2, 2, 1.6666666666666667]","[0, 0, 0, 0, 0, 0]","[0, 0, 5.510204081632653, 1.1632653061224492, 9.5, 1.0888888888888888]","[0, 0, 5.073825503355705, 1.8322147651006713, 2.074074074074074, 4.966666666666667]","[0, 0, 8.357142857142858, 1.9285714285714286, 3.4, 3.111111111111111]"
63,2020-07-18,20200718HHLG0,"[0, 1, 0.0, 1.064516129032258, 2.5, 1.1481481481481481]","[0, 0, 0, 0, 0, 0]","[0, 0, 0, 0, 0, 0]","[0, 0, 0, 0, 0, 0]","[0, 0, 9.529411764705882, 1.852941176470588, 1.8571428571428572, 0.7555555555555556]","[0, 0, 0, 0, 0, 0]","[0, 0, 5.0625, 1.875, 0.6, 0.8888888888888888]","[0, 0, 4.8, 1.6666666666666667, 1.5555555555555556, 1.0]","[0, 0, 10.125, 2.25, 2.0, 0.8888888888888888]","[0, 0, 2.076923076923077, 1.9230769230769231, 1.0, 0.9285714285714286]","[0, 1, 6.5675675675675675, 1.3783783783783783, 3.0, 1.027777777777778]","[0, 0, 0, 0, 0, 0]","[0, 0, 9.0, 2.0, 1.0, 1.0]","[0, 0, 4.05, 1.65, 0.6363636363636364, 0.888888888888889]","[0, 0, 0, 0, 0, 0]","[0, 0, 4.628571428571429, 1.542857142857143, 1.7142857142857142, 0.8974358974358974]","[0, 0, 4.365269461077844, 1.4011976047904193, 2.375, 5.0606060606060606]","[0, 0, 3.951219512195122, 1.5121951219512195, 1.3333333333333333, 2.05]","[0, 0, 5.25974025974026, 1.6363636363636362, 1.4615384615384615, 0.9506172839506173]","[0, 0, 5.478260869565218, 1.565217391304348, 2.5454545454545454, 0.8846153846153846]","[0, 0, 4.153846153846154, 1.6153846153846154, 1.5, 4.333333333333333]","[0, 0, 6.75, 1.875, 4, 1.3333333333333333]","[0, 0, 0, 0, 0, 0]","[0, 0, 4.1629955947136565, 1.4405286343612334, 3.3846153846153846, 6.305555555555556]","[0, 0, 6.0, 1.7619047619047619, 1.0714285714285714, 4.2]","[0, 0, 7.875000000000001, 1.875, 1.4444444444444444, 4.571428571428571]","[0, 0, 0, 0, 0, 0]","[0, 0, 6.230769230769231, 1.6923076923076923, 3.6666666666666665, 1.0833333333333333]","[0, 0, 5.4, 1.2, 2, 1.6666666666666667]","[0, 0, 0, 0, 0, 0]","[0, 0, 5.510204081632653, 1.1632653061224492, 9.5, 1.0888888888888888]","[1, 0, 4.688622754491019, 1.7245508982035929, 2.033333333333333, 5.0606060606060606]","[0, 0, 8.357142857142858, 1.9285714285714286, 3.4, 3.111111111111111]"
64,2020-07-19,20200719HHLG0,"[0, 1, 0.0, 0.9705882352941176, 2.8333333333333335, 1.1333333333333333]","[0, 0, 0, 0, 0, 0]","[0, 0, 0, 0, 0, 0]","[0, 0, 0, 0, 0, 0]","[0, 0, 9.529411764705882, 1.852941176470588, 1.8571428571428572, 0.7555555555555556]","[0, 0, 0, 0, 0, 0]","[0, 0, 5.0625, 1.875, 0.6, 0.8888888888888888]","[0, 0, 4.8, 1.6666666666666667, 1.5555555555555556, 1.0]","[0, 0, 10.125, 2.25, 2.0, 0.8888888888888888]","[0, 0, 2.076923076923077, 1.9230769230769231, 1.0, 0.9285714285714286]","[0, 1, 6.075, 1.425, 3.0, 1.0256410256410258]","[0, 0, 0, 0, 0, 0]","[0, 0, 9.0, 2.0, 1.0, 1.0]","[0, 0, 4.05, 1.65, 0.6363636363636364, 0.888888888888889]","[0, 0, 0, 0, 0, 0]","[0, 0, 4.628571428571429, 1.542857142857143, 1.7142857142857142, 0.8974358974358974]","[0, 0, 4.365269461077844, 1.4011976047904193, 2.375, 5.0606060606060606]","[0, 0, 3.951219512195122, 1.5121951219512195, 1.3333333333333333, 2.05]","[0, 0, 5.25974025974026, 1.6363636363636362, 1.4615384615384615, 0.9506172839506173]","[0, 0, 5.478260869565218, 1.565217391304348, 2.5454545454545454, 0.8846153846153846]","[0, 0, 4.153846153846154, 1.6153846153846154, 1.5, 4.333333333333333]","[0, 0, 6.75, 1.875, 4, 1.3333333333333333]","[0, 0, 0, 0, 0, 0]","[1, 0, 4.536885245901639, 1.4631147540983607, 3.5, 6.256410256410256]","[0, 0, 6.0, 1.7619047619047619, 1.0714285714285714, 4.2]","[0, 0, 7.875000000000001, 1.875, 1.4444444444444444, 4.571428571428571]","[0, 0, 0, 0, 0, 0]","[0, 0, 6.230769230769231, 1.6923076923076923, 3.6666666666666665, 1.0833333333333333]","[0, 0, 5.4, 1.2, 2, 1.6666666666666667]","[0, 0, 0, 0, 0, 0]","[0, 0, 5.510204081632653, 1.1632653061224492, 9.5, 1.0888888888888888]","[0, 0, 4.688622754491019, 1.7245508982035929, 2.033333333333333, 5.0606060606060606]","[0, 0, 8.357142857142858, 1.9285714285714286, 3.4, 3.111111111111111]"
