,date,game_key,이민호,김윤식,김지용,김대유,문광은,임찬규,이우찬,최성훈,류원석,배재준,이상규,김대현,오석주,고우석,윌슨,켈리,한선태,이정용,정우영,이상영,송은범,차우찬,진해수,정찬헌,백청훈,최동환,정용운,여건욱
0,2020-05-05,20200505OBLG0,"[0, 0, 0, 0, 0, 0]","[0, 1, 0, 0, 0, 0]","[0, 0, 0, 0, 0, 0]","[0, 0, 0, 0, 0, 0]","[0, 0, 0, 0, 0, 0]","[0, 0, 0, 0, 0, 0]","[0, 0, 0, 0, 0, 0]","[0, 0, 0, 0, 0, 0]","[0, 0, 0, 0, 0, 0]","[0, 0, 0, 0, 0, 0]","[0, 0, 0, 0, 0, 0]","[0, 0, 0, 0, 0, 0]","[0, 0, 0, 0, 0, 0]","[0, 0, 0, 0, 0, 0]","[0, 0, 0, 0, 0, 0]","[0, 0, 0, 0, 0, 0]","[0, 0, 0, 0, 0, 0]","[0, 0, 0, 0, 0, 0]","[0, 1, 0, 0, 0, 0]","[0, 0, 0, 0, 0, 0]","[0, 0, 0, 0, 0, 0]","[1, 0, 0, 0, 0, 0]","[0, 1, 0, 0, 0, 0]","[0, 0, 0, 0, 0, 0]","[0, 0, 0, 0, 0, 0]","[0, 0, 0, 0, 0, 0]","[0, 0, 0, 0, 0, 0]","[0, 0, 0, 0, 0, 0]"
1,2020-05-06,20200506OBLG0,"[0, 1, 0, 0, 0, 0]","[0, 0, 0, 0, 0, 0]","[0, 0, 0, 0, 0, 0]","[0, 1, 0, 0, 0, 0]","[0, 1, 0, 0, 0, 0]","[0, 0, 0, 0, 0, 0]","[0, 0, 0, 0, 0, 0]","[0, 0, 0, 0, 0, 0]","[0, 0, 0, 0, 0, 0]","[0, 0, 0, 0, 0, 0]","[0, 1, 0, 0, 0, 0]","[0, 0, 0, 0, 0, 0]","[0, 0, 0, 0, 0, 0]","[0, 0, 0, 0, 0, 0]","[0, 0, 0, 0, 0, 0]","[0, 0, 0, 0, 0, 0]","[0, 0, 0, 0, 0, 0]","[0, 0, 0, 0, 0, 0]","[0, 0, 0, 0, 0, 0]","[0, 0, 0, 0, 0, 0]","[1, 0, 0, 0, 0, 0]","[0, 0, 0, 0, 0, 0]","[0, 0, 0, 0, 0, 0]","[0, 0, 0, 0, 0, 0]","[0, 0, 0, 0, 0, 0]","[0, 1, 0, 0, 0, 0]","[0, 0, 0, 0, 0, 0]","[0, 1, 0, 0, 0, 0]"
2,2020-05-07,20200507OBLG0,"[0, 1, 0.0, 1.0, 0, 1.0]","[0, 1, 9.0, 2.0, 1, 1.0]","[0, 0, 0, 0, 0, 0]","[0, 1, 0.0, 0.0, 1, 1.3333333333333333]","[0, 0, 0, 0, 0, 0]","[0, 0, 0, 0, 0, 0]","[0, 0, 0, 0, 0, 0]","[0, 0, 0, 0, 0, 0]","[0, 0, 0, 0, 0, 0]","[0, 0, 0, 0, 0, 0]","[0, 0, 0, 0, 0, 0]","[0, 0, 0, 0, 0, 0]","[0, 0, 0, 0, 0, 0]","[0, 0, 0, 0, 0, 0]","[0, 0, 0, 0, 0, 0]","[0, 0, 0, 0, 0, 0]","[0, 0, 0, 0, 0, 0]","[0, 0, 0, 0, 0, 0]","[0, 0, 0, 0, 0, 0]","[0, 0, 0, 0, 0, 0]","[0, 0, 0, 0, 0, 0]","[0, 0, 0, 0, 0, 0]","[0, 0, 0, 0, 0, 0]","[1, 0, 0, 0, 0, 0]","[0, 0, 0, 0, 0, 0]","[0, 0, 0, 0, 0, 0]","[0, 0, 0, 0, 0, 0]","[0, 0, 0, 0, 0, 0]"
3,2020-05-08,20200508LGNC0,"[0, 0, 0.0, 1.0, 0, 1.0]","[0, 0, 9.0, 2.0, 1, 1.0]","[0, 0, 0, 0, 0, 0]","[0, 0, 0.0, 0.0, 1, 1.3333333333333333]","[0, 1, 0.0, 0.0, 0, 1.0]","[0, 0, 0, 0, 0, 0]","[0, 0, 0, 0, 0, 0]","[0, 0, 0, 0, 0, 0]","[0, 0, 0, 0, 0, 0]","[0, 0, 0, 0, 0, 0]","[0, 1, 0.0, 2.0, 0, 1.0]","[0, 1, 0, 0, 0, 0]","[0, 0, 0, 0, 0, 0]","[0, 1, 0, 0, 0, 0]","[1, 0, 0, 0, 0, 0]","[0, 0, 0, 0, 0, 0]","[0, 0, 0, 0, 0, 0]","[0, 0, 0, 0, 0, 0]","[0, 0, 0, 0, 0, 0]","[0, 0, 0, 0, 0, 0]","[0, 0, 0, 0, 0, 0]","[0, 0, 0, 0, 0, 0]","[0, 0, 0, 0, 0, 0]","[0, 0, 0, 0, 0, 0]","[0, 0, 0, 0, 0, 0]","[0, 1, 0.0, 0.0, 1, 1.3333333333333333]","[0, 0, 0, 0, 0, 0]","[0, 0, 0, 0, 0, 0]"
4,2020-05-10,20200510LGNC0,"[0, 0, 0.0, 1.0, 0, 1.0]","[0, 1, 13.5, 2.5, 2, 1.0]","[0, 0, 0, 0, 0, 0]","[0, 0, 0.0, 0.0, 1, 1.3333333333333333]","[0, 0, 0.0, 0.0, 0, 1.0]","[0, 0, 0, 0, 0, 0]","[0, 0, 0, 0, 0, 0]","[0, 0, 0, 0, 0, 0]","[0, 0, 0, 0, 0, 0]","[0, 0, 0, 0, 0, 0]","[0, 1, 0.0, 1.7999999999999998, 0, 0.8333333333333334]","[0, 0, 0, 0, 0, 0]","[0, 0, 0, 0, 0, 0]","[0, 1, 0.0, 0.0, 1, 0.3333333333333333]","[0, 0, 0, 0, 0, 0]","[1, 0, 0, 0, 0, 0]","[0, 0, 0, 0, 0, 0]","[0, 0, 0, 0, 0, 0]","[0, 1, 0.0, 0.0, 1, 1.0]","[0, 0, 0, 0, 0, 0]","[0, 0, 0, 0, 0, 0]","[0, 0, 0, 0, 0, 0]","[0, 1, 0.0, 2.0, 0.0, 1.0]","[0, 0, 0, 0, 0, 0]","[0, 0, 0, 0, 0, 0]","[0, 0, 0.0, 0.0, 1, 1.3333333333333333]","[0, 0, 0, 0, 0, 0]","[0, 1, 0.0, 0.0, 1, 1.0]"
5,2020-05-12,20200512SKLG0,"[0, 0, 0.0, 1.0, 0, 1.0]","[0, 0, 13.5, 2.5, 2, 1.0]","[0, 0, 0, 0, 0, 0]","[0, 0, 0.0, 0.0, 1, 1.3333333333333333]","[0, 0, 0.0, 0.0, 0, 1.0]","[0, 0, 0, 0, 0, 0]","[0, 0, 0, 0, 0, 0]","[0, 0, 0, 0, 0, 0]","[0, 0, 0, 0, 0, 0]","[0, 0, 0, 0, 0, 0]","[0, 1, 0.0, 2.142857142857143, 2.0, 0.7777777777777778]","[0, 0, 0, 0, 0, 0]","[0, 0, 0, 0, 0, 0]","[0, 0, 0.0, 0.0, 1, 0.3333333333333333]","[0, 0, 0, 0, 0, 0]","[0, 0, 0, 0, 0, 0]","[0, 0, 0, 0, 0, 0]","[0, 0, 0, 0, 0, 0]","[0, 0, 0.0, 0.0, 1, 1.0]","[0, 0, 0, 0, 0, 0]","[0, 0, 0, 0, 0, 0]","[1, 0, 1.5, 0.8333333333333334, 3.5, 6.0]","[0, 1, 0.0, 1.5, 0.0, 0.6666666666666666]","[0, 0, 0, 0, 0, 0]","[0, 0, 0, 0, 0, 0]","[0, 0, 0.0, 0.0, 1, 1.3333333333333333]","[0, 0, 0, 0, 0, 0]","[0, 1, 0.0, 0.0, 1, 1.5]"
6,2020-05-13,20200513SKLG0,"[0, 0, 0.0, 1.0, 0, 1.0]","[0, 0, 13.5, 2.5, 2, 1.0]","[0, 0, 0, 0, 0, 0]","[0, 0, 0.0, 0.0, 1, 1.3333333333333333]","[0, 0, 0.0, 0.0, 0, 1.0]","[1, 0, 0, 0, 0, 0]","[0, 0, 0, 0, 0, 0]","[0, 0, 0, 0, 0, 0]","[0, 0, 0, 0, 0, 0]","[0, 0, 0, 0, 0, 0]","[0, 0, 0.0, 2.142857142857143, 2.0, 0.7777777777777778]","[0, 0, 0, 0, 0, 0]","[0, 0, 0, 0, 0, 0]","[0, 0, 0.0, 0.0, 1, 0.3333333333333333]","[0, 0, 0, 0, 0, 0]","[0, 0, 0, 0, 0, 0]","[0, 0, 0, 0, 0, 0]","[0, 0, 0, 0, 0, 0]","[0, 0, 0.0, 0.0, 1, 1.0]","[0, 0, 0, 0, 0, 0]","[0, 1, 19.285714285714285, 4.285714285714286, 0.0, 2.3333333333333335]","[0, 0, 1.5, 0.8333333333333334, 3.5, 6.0]","[0, 0, 0.0, 1.5, 0.0, 0.6666666666666666]","[0, 0, 0, 0, 0, 0]","[0, 0, 0, 0, 0, 0]","[0, 1, 0.0, 0.0, 1, 1.0]","[0, 0, 0, 0, 0, 0]","[0, 0, 0.0, 0.0, 1, 1.5]"
7,2020-05-14,20200514SKLG0,"[0, 0, 0.0, 1.0, 0, 1.0]","[0, 0, 13.5, 2.5, 2, 1.0]","[0, 0, 0, 0, 0, 0]","[0, 0, 0.0, 0.0, 1, 1.3333333333333333]","[0, 0, 0.0, 0.0, 0, 1.0]","[0, 0, 0, 0, 0, 0]","[0, 0, 0, 0, 0, 0]","[0, 0, 0, 0, 0, 0]","[0, 0, 0, 0, 0, 0]","[0, 0, 0, 0, 0, 0]","[0, 1, 2.7, 2.1, 1.5, 0.8333333333333334]","[0, 0, 0, 0, 0, 0]","[0, 0, 0, 0, 0, 0]","[0, 0, 0.0, 0.0, 1, 0.3333333333333333]","[1, 0, 14.538461538461538, 2.5384615384615388, 0.5, 4.333333333333333]","[0, 0, 0, 0, 0, 0]","[0, 0, 0, 0, 0, 0]","[0, 0, 0, 0, 0, 0]","[0, 1, 0.0, 0.75, 1.0, 1.3333333333333333]","[0, 0, 0, 0, 0, 0]","[0, 0, 19.285714285714285, 4.285714285714286, 0.0, 2.3333333333333335]","[0, 0, 1.5, 0.8333333333333334, 3.5, 6.0]","[0, 1, 0.0, 1.5, 0.0, 0.6666666666666666]","[0, 0, 0, 0, 0, 0]","[0, 0, 0, 0, 0, 0]","[0, 0, 0.0, 0.0, 1, 1.0]","[0, 0, 0, 0, 0, 0]","[0, 0, 0.0, 0.0, 1, 1.5]"
8,2020-05-16,20200516WOLG1,"[0, 0, 0.0, 1.0, 0, 1.0]","[0, 0, 13.5, 2.5, 2, 1.0]","[0, 0, 0, 0, 0, 0]","[0, 0, 0.0, 0.0, 1, 1.3333333333333333]","[0, 0, 0.0, 0.0, 0, 1.0]","[0, 0, 0, 0, 0, 0]","[0, 0, 0, 0, 0, 0]","[0, 0, 0, 0, 0, 0]","[0, 0, 0, 0, 0, 0]","[0, 0, 0, 0, 0, 0]","[0, 1, 1.8, 1.4, 3.0, 1.0]","[0, 0, 0, 0, 0, 0]","[0, 0, 0, 0, 0, 0]","[0, 0, 0.0, 0.0, 1, 0.3333333333333333]","[0, 0, 14.538461538461538, 2.5384615384615388, 0.5, 4.333333333333333]","[1, 0, 22.5, 4.0, 1, 2.0]","[0, 0, 0, 0, 0, 0]","[0, 0, 0, 0, 0, 0]","[0, 1, 0.0, 0.5, 1.5, 1.3333333333333333]","[0, 0, 0, 0, 0, 0]","[0, 0, 19.285714285714285, 4.285714285714286, 0.0, 2.3333333333333335]","[0, 0, 1.5, 0.8333333333333334, 3.5, 6.0]","[0, 1, 0.0, 2.0, 0.0, 0.5]","[0, 0, 0, 0, 0, 0]","[0, 0, 0, 0, 0, 0]","[0, 0, 0.0, 0.0, 1, 1.0]","[0, 0, 0, 0, 0, 0]","[0, 0, 0.0, 0.0, 1, 1.5]"
9,2020-05-16,20200516WOLG2,"[0, 0, 0.0, 1.0, 0, 1.0]","[0, 1, 10.8, 1.7999999999999998, 3, 1.1111111111111112]","[0, 0, 0, 0, 0, 0]","[0, 0, 0.0, 0.0, 1, 1.3333333333333333]","[0, 0, 0.0, 0.0, 0, 1.0]","[0, 0, 0, 0, 0, 0]","[0, 0, 0, 0, 0, 0]","[0, 0, 0, 0, 0, 0]","[0, 0, 0, 0, 0, 0]","[0, 0, 0, 0, 0, 0]","[0, 0, 1.8, 1.4, 3.0, 1.0]","[0, 0, 0, 0, 0, 0]","[0, 0, 0, 0, 0, 0]","[0, 0, 0.0, 0.0, 1, 0.3333333333333333]","[0, 0, 14.538461538461538, 2.5384615384615388, 0.5, 4.333333333333333]","[0, 0, 22.5, 4.0, 1, 2.0]","[0, 0, 0, 0, 0, 0]","[0, 0, 0, 0, 0, 0]","[0, 0, 0.0, 0.5, 1.5, 1.3333333333333333]","[0, 0, 0, 0, 0, 0]","[0, 1, 13.5, 3.9, 0.0, 1.6666666666666667]","[0, 0, 1.5, 0.8333333333333334, 3.5, 6.0]","[0, 0, 0.0, 2.0, 0.0, 0.5]","[1, 0, 6.75, 1.75, 3, 4.0]","[0, 0, 0, 0, 0, 0]","[0, 0, 0.0, 0.0, 1, 1.0]","[0, 0, 0, 0, 0, 0]","[0, 1, 0.0, 0.23076923076923078, 1, 1.4444444444444444]"
10,2020-05-17,20200517WOLG0,"[0, 0, 0.0, 1.0, 0, 1.0]","[0, 0, 10.8, 1.7999999999999998, 3, 1.1111111111111112]","[0, 0, 0, 0, 0, 0]","[0, 0, 0.0, 0.0, 1, 1.3333333333333333]","[0, 0, 0.0, 0.0, 0, 1.0]","[0, 0, 0, 0, 0, 0]","[0, 0, 0, 0, 0, 0]","[0, 0, 0, 0, 0, 0]","[0, 1, 0, 0, 0, 0]","[0, 0, 0, 0, 0, 0]","[0, 0, 1.8, 1.4, 3.0, 1.0]","[0, 0, 0, 0, 0, 0]","[0, 0, 0, 0, 0, 0]","[0, 0, 0.0, 0.0, 1, 0.3333333333333333]","[0, 0, 14.538461538461538, 2.5384615384615388, 0.5, 4.333333333333333]","[0, 0, 22.5, 4.0, 1, 2.0]","[0, 0, 0, 0, 0, 0]","[0, 0, 0, 0, 0, 0]","[0, 0, 0.0, 0.5, 1.5, 1.3333333333333333]","[0, 0, 0, 0, 0, 0]","[0, 0, 13.5, 3.9, 0.0, 1.6666666666666667]","[1, 0, 3.75, 1.0833333333333333, 3.75, 6.0]","[0, 0, 0.0, 2.0, 0.0, 0.5]","[0, 0, 6.75, 1.75, 3, 4.0]","[0, 0, 0, 0, 0, 0]","[0, 1, 2.25, 1.0, 2.0, 1.3333333333333333]","[0, 0, 0, 0, 0, 0]","[0, 1, 0.0, 0.375, 1.0, 1.3333333333333333]"
11,2020-05-19,20200519LGSS0,"[0, 0, 0.0, 1.0, 0, 1.0]","[0, 0, 10.8, 1.7999999999999998, 3, 1.1111111111111112]","[0, 0, 0, 0, 0, 0]","[0, 0, 0.0, 0.0, 1, 1.3333333333333333]","[0, 0, 0.0, 0.0, 0, 1.0]","[1, 0, 1.5, 0.8333333333333334, 7, 6.0]","[0, 0, 0, 0, 0, 0]","[0, 0, 0, 0, 0, 0]","[0, 0, 0, 0, 0, 0]","[0, 0, 0, 0, 0, 0]","[0, 1, 1.35, 1.2, 2.3333333333333335, 1.1111111111111112]","[0, 0, 0, 0, 0, 0]","[0, 0, 0, 0, 0, 0]","[0, 0, 0.0, 0.0, 1, 0.3333333333333333]","[0, 0, 14.538461538461538, 2.5384615384615388, 0.5, 4.333333333333333]","[0, 0, 22.5, 4.0, 1, 2.0]","[0, 0, 0, 0, 0, 0]","[0, 0, 0, 0, 0, 0]","[0, 0, 0.0, 0.5, 1.5, 1.3333333333333333]","[0, 0, 0, 0, 0, 0]","[0, 1, 10.384615384615385, 3.4615384615384617, 0.0, 1.4444444444444444]","[0, 0, 3.75, 1.0833333333333333, 3.75, 6.0]","[0, 0, 0.0, 2.0, 0.0, 0.5]","[0, 0, 6.75, 1.75, 3, 4.0]","[0, 0, 0, 0, 0, 0]","[0, 0, 2.25, 1.0, 2.0, 1.3333333333333333]","[0, 0, 0, 0, 0, 0]","[0, 0, 0.0, 0.375, 1.0, 1.3333333333333333]"
12,2020-05-20,20200520LGSS0,"[0, 0, 0.0, 1.0, 0, 1.0]","[0, 0, 10.8, 1.7999999999999998, 3, 1.1111111111111112]","[0, 0, 0, 0, 0, 0]","[0, 0, 0.0, 0.0, 1, 1.3333333333333333]","[0, 0, 0.0, 0.0, 0, 1.0]","[0, 0, 1.5, 0.8333333333333334, 7, 6.0]","[0, 0, 0, 0, 0, 0]","[0, 0, 0, 0, 0, 0]","[0, 0, 0, 0, 0, 0]","[0, 0, 0, 0, 0, 0]","[0, 0, 1.35, 1.2, 2.3333333333333335, 1.1111111111111112]","[0, 1, 18.0, 3.0, 0.5, 1.0]","[0, 0, 0, 0, 0, 0]","[0, 0, 0.0, 0.0, 1, 0.3333333333333333]","[1, 0, 7.838709677419355, 1.6451612903225805, 1.5, 5.166666666666667]","[0, 0, 22.5, 4.0, 1, 2.0]","[0, 0, 0, 0, 0, 0]","[0, 0, 0, 0, 0, 0]","[0, 0, 0.0, 0.5, 1.5, 1.3333333333333333]","[0, 0, 0, 0, 0, 0]","[0, 0, 10.384615384615385, 3.4615384615384617, 0.0, 1.4444444444444444]","[0, 0, 3.75, 1.0833333333333333, 3.75, 6.0]","[0, 0, 0.0, 2.0, 0.0, 0.5]","[0, 0, 6.75, 1.75, 3, 4.0]","[0, 0, 0, 0, 0, 0]","[0, 0, 2.25, 1.0, 2.0, 1.3333333333333333]","[0, 0, 0, 0, 0, 0]","[0, 0, 0.0, 0.375, 1.0, 1.3333333333333333]"
13,2020-05-21,20200521LGSS0,"[1, 0, 0.0, 0.75, 0, 2.0]","[0, 1, 8.307692307692308, 1.3846153846153848, 3, 1.0833333333333333]","[0, 0, 0, 0, 0, 0]","[0, 0, 0.0, 0.0, 1, 1.3333333333333333]","[0, 0, 0.0, 0.0, 0, 1.0]","[0, 0, 1.5, 0.8333333333333334, 7, 6.0]","[0, 0, 0, 0, 0, 0]","[0, 0, 0, 0, 0, 0]","[0, 0, 0, 0, 0, 0]","[0, 0, 0, 0, 0, 0]","[0, 1, 2.16, 1.2, 2.3333333333333335, 1.1904761904761905]","[0, 0, 18.0, 3.0, 0.5, 1.0]","[0, 0, 0, 0, 0, 0]","[0, 0, 0.0, 0.0, 1, 0.3333333333333333]","[0, 0, 7.838709677419355, 1.6451612903225805, 1.5, 5.166666666666667]","[0, 0, 22.5, 4.0, 1, 2.0]","[0, 0, 0, 0, 0, 0]","[0, 0, 0, 0, 0, 0]","[0, 1, 1.6875, 0.9375, 1.3333333333333333, 1.3333333333333333]","[0, 0, 0, 0, 0, 0]","[0, 0, 10.384615384615385, 3.4615384615384617, 0.0, 1.4444444444444444]","[0, 0, 3.75, 1.0833333333333333, 3.75, 6.0]","[0, 0, 0.0, 2.0, 0.0, 0.5]","[0, 0, 6.75, 1.75, 3, 4.0]","[0, 0, 0, 0, 0, 0]","[0, 0, 2.25, 1.0, 2.0, 1.3333333333333333]","[0, 0, 0, 0, 0, 0]","[0, 0, 0.0, 0.375, 1.0, 1.3333333333333333]"
14,2020-05-22,20200522KTLG0,"[0, 0, 0.0, 0.75, 0, 2.0]","[0, 0, 8.307692307692308, 1.3846153846153848, 3, 1.0833333333333333]","[0, 0, 0, 0, 0, 0]","[0, 0, 0.0, 0.0, 1, 1.3333333333333333]","[0, 0, 0.0, 0.0, 0, 1.0]","[0, 0, 1.5, 0.8333333333333334, 7, 6.0]","[0, 0, 0, 0, 0, 0]","[0, 0, 0, 0, 0, 0]","[0, 0, 0, 0, 0, 0]","[0, 0, 0, 0, 0, 0]","[0, 0, 2.16, 1.2, 2.3333333333333335, 1.1904761904761905]","[0, 1, 9.0, 2.0, 1.0, 1.0]","[0, 0, 0, 0, 0, 0]","[0, 0, 0.0, 0.0, 1, 0.3333333333333333]","[0, 0, 7.838709677419355, 1.6451612903225805, 1.5, 5.166666666666667]","[1, 0, 5.625, 1.625, 3.0, 4.0]","[0, 0, 0, 0, 0, 0]","[0, 0, 0, 0, 0, 0]","[0, 0, 1.6875, 0.9375, 1.3333333333333333, 1.3333333333333333]","[0, 0, 0, 0, 0, 0]","[0, 0, 10.384615384615385, 3.4615384615384617, 0.0, 1.4444444444444444]","[0, 0, 3.75, 1.0833333333333333, 3.75, 6.0]","[0, 1, 0.0, 2.5, 0.0, 0.4]","[0, 0, 6.75, 1.75, 3, 4.0]","[0, 0, 0, 0, 0, 0]","[0, 1, 4.5, 1.3333333333333333, 5.0, 1.5]","[0, 0, 0, 0, 0, 0]","[0, 1, 2.4545454545454546, 0.6818181818181819, 2.0, 1.4666666666666666]"
15,2020-05-23,20200523KTLG0,"[0, 0, 0.0, 0.75, 0, 2.0]","[0, 1, 7.7142857142857135, 1.2857142857142856, 3, 0.9333333333333333]","[0, 0, 0, 0, 0, 0]","[0, 0, 0.0, 0.0, 1, 1.3333333333333333]","[0, 0, 0.0, 0.0, 0, 1.0]","[0, 0, 1.5, 0.8333333333333334, 7, 6.0]","[0, 0, 0, 0, 0, 0]","[0, 0, 0, 0, 0, 0]","[0, 0, 0, 0, 0, 0]","[0, 0, 0, 0, 0, 0]","[0, 0, 2.16, 1.2, 2.3333333333333335, 1.1904761904761905]","[0, 0, 9.0, 2.0, 1.0, 1.0]","[0, 0, 0, 0, 0, 0]","[0, 0, 0.0, 0.0, 1, 0.3333333333333333]","[0, 0, 7.838709677419355, 1.6451612903225805, 1.5, 5.166666666666667]","[0, 0, 5.625, 1.625, 3.0, 4.0]","[0, 0, 0, 0, 0, 0]","[0, 0, 0, 0, 0, 0]","[0, 0, 1.6875, 0.9375, 1.3333333333333333, 1.3333333333333333]","[0, 0, 0, 0, 0, 0]","[0, 1, 9.529411764705882, 3.176470588235294, 0.0, 1.4166666666666667]","[1, 0, 5.625, 1.5, 3.1666666666666665, 5.333333333333333]","[0, 0, 0.0, 2.5, 0.0, 0.4]","[0, 0, 6.75, 1.75, 3, 4.0]","[0, 0, 0, 0, 0, 0]","[0, 0, 4.5, 1.3333333333333333, 5.0, 1.5]","[0, 0, 0, 0, 0, 0]","[0, 0, 2.4545454545454546, 0.6818181818181819, 2.0, 1.4666666666666666]"
16,2020-05-24,20200524KTLG0,"[0, 0, 0.0, 0.75, 0, 2.0]","[0, 1, 6.352941176470588, 1.0588235294117647, 5, 0.9444444444444445]","[0, 0, 0, 0, 0, 0]","[0, 0, 0.0, 0.0, 1, 1.3333333333333333]","[0, 0, 0.0, 0.0, 0, 1.0]","[1, 0, 3.75, 1.0833333333333333, 13.0, 6.0]","[0, 0, 0, 0, 0, 0]","[0, 0, 0, 0, 0, 0]","[0, 0, 0, 0, 0, 0]","[0, 0, 0, 0, 0, 0]","[0, 1, 1.9285714285714284, 1.1785714285714286, 1.75, 1.1666666666666667]","[0, 1, 6.0, 1.6666666666666667, 1.0, 1.0]","[0, 0, 0, 0, 0, 0]","[0, 0, 0.0, 0.0, 1, 0.3333333333333333]","[0, 0, 7.838709677419355, 1.6451612903225805, 1.5, 5.166666666666667]","[0, 0, 5.625, 1.625, 3.0, 4.0]","[0, 0, 0, 0, 0, 0]","[0, 0, 0, 0, 0, 0]","[0, 1, 1.1739130434782608, 0.7826086956521738, 2.0, 1.5333333333333334]","[0, 0, 0, 0, 0, 0]","[0, 0, 9.529411764705882, 3.176470588235294, 0.0, 1.4166666666666667]","[0, 0, 5.625, 1.5, 3.1666666666666665, 5.333333333333333]","[0, 1, 3.0, 2.0, 1.0, 0.5]","[0, 0, 6.75, 1.75, 3, 4.0]","[0, 0, 0, 0, 0, 0]","[0, 0, 4.5, 1.3333333333333333, 5.0, 1.5]","[0, 0, 0, 0, 0, 0]","[0, 0, 2.4545454545454546, 0.6818181818181819, 2.0, 1.4666666666666666]"
17,2020-05-26,20200526LGHH0,"[0, 0, 0.0, 0.75, 0, 2.0]","[0, 0, 6.352941176470588, 1.0588235294117647, 5, 0.9444444444444445]","[0, 0, 0, 0, 0, 0]","[0, 0, 0.0, 0.0, 1, 1.3333333333333333]","[0, 0, 0.0, 0.0, 0, 1.0]","[0, 0, 3.75, 1.0833333333333333, 13.0, 6.0]","[0, 0, 0, 0, 0, 0]","[0, 0, 0, 0, 0, 0]","[0, 0, 0, 0, 0, 0]","[0, 0, 0, 0, 0, 0]","[0, 1, 1.8620689655172413, 1.2413793103448276, 1.6, 1.074074074074074]","[0, 0, 6.0, 1.6666666666666667, 1.0, 1.0]","[0, 0, 0, 0, 0, 0]","[0, 0, 0.0, 0.0, 1, 0.3333333333333333]","[1, 0, 5.711538461538462, 1.2692307692307694, 2.142857142857143, 5.777777777777778]","[0, 0, 5.625, 1.625, 3.0, 4.0]","[0, 0, 0, 0, 0, 0]","[0, 0, 0, 0, 0, 0]","[0, 1, 1.0, 0.8888888888888888, 2.0, 1.5]","[0, 0, 0, 0, 0, 0]","[0, 0, 9.529411764705882, 3.176470588235294, 0.0, 1.4166666666666667]","[0, 0, 5.625, 1.5, 3.1666666666666665, 5.333333333333333]","[0, 1, 5.4, 2.1, 1.5, 0.4761904761904762]","[0, 0, 6.75, 1.75, 3, 4.0]","[0, 0, 0, 0, 0, 0]","[0, 0, 4.5, 1.3333333333333333, 5.0, 1.5]","[0, 0, 0, 0, 0, 0]","[0, 0, 2.4545454545454546, 0.6818181818181819, 2.0, 1.4666666666666666]"
18,2020-05-27,20200527LGHH0,"[0, 0, 0.0, 0.75, 0, 2.0]","[0, 0, 6.352941176470588, 1.0588235294117647, 5, 0.9444444444444445]","[0, 0, 0, 0, 0, 0]","[0, 0, 0.0, 0.0, 1, 1.3333333333333333]","[0, 0, 0.0, 0.0, 0, 1.0]","[0, 0, 3.75, 1.0833333333333333, 13.0, 6.0]","[0, 0, 0, 0, 0, 0]","[0, 0, 0, 0, 0, 0]","[0, 0, 0, 0, 0, 0]","[0, 0, 0, 0, 0, 0]","[0, 0, 1.8620689655172413, 1.2413793103448276, 1.6, 1.074074074074074]","[0, 0, 6.0, 1.6666666666666667, 1.0, 1.0]","[0, 0, 0, 0, 0, 0]","[0, 0, 0.0, 0.0, 1, 0.3333333333333333]","[0, 0, 5.711538461538462, 1.2692307692307694, 2.142857142857143, 5.777777777777778]","[0, 0, 5.625, 1.625, 3.0, 4.0]","[0, 0, 0, 0, 0, 0]","[0, 0, 0, 0, 0, 0]","[0, 0, 1.0, 0.8888888888888888, 2.0, 1.5]","[0, 0, 0, 0, 0, 0]","[0, 0, 9.529411764705882, 3.176470588235294, 0.0, 1.4166666666666667]","[0, 0, 5.625, 1.5, 3.1666666666666665, 5.333333333333333]","[0, 0, 5.4, 2.1, 1.5, 0.4761904761904762]","[1, 0, 5.4, 1.7, 2.6666666666666665, 5.0]","[0, 0, 0, 0, 0, 0]","[0, 0, 4.5, 1.3333333333333333, 5.0, 1.5]","[0, 0, 0, 0, 0, 0]","[0, 1, 2.16, 0.72, 1.5, 1.388888888888889]"
19,2020-05-28,20200528LGHH0,"[0, 0, 0.0, 0.75, 0, 2.0]","[0, 0, 6.352941176470588, 1.0588235294117647, 5, 0.9444444444444445]","[0, 0, 0, 0, 0, 0]","[0, 0, 0.0, 0.0, 1, 1.3333333333333333]","[0, 0, 0.0, 0.0, 0, 1.0]","[0, 0, 3.75, 1.0833333333333333, 13.0, 6.0]","[0, 0, 0, 0, 0, 0]","[0, 0, 0, 0, 0, 0]","[0, 0, 0, 0, 0, 0]","[0, 0, 0, 0, 0, 0]","[0, 1, 1.6875, 1.125, 1.6, 1.0666666666666667]","[0, 0, 6.0, 1.6666666666666667, 1.0, 1.0]","[0, 0, 0, 0, 0, 0]","[0, 0, 0.0, 0.0, 1, 0.3333333333333333]","[0, 0, 5.711538461538462, 1.2692307692307694, 2.142857142857143, 5.777777777777778]","[1, 0, 5.785714285714286, 1.5, 3.3333333333333335, 4.666666666666667]","[0, 0, 0, 0, 0, 0]","[0, 0, 0, 0, 0, 0]","[0, 1, 0.84375, 0.84375, 1.5, 1.5238095238095237]","[0, 0, 0, 0, 0, 0]","[0, 0, 9.529411764705882, 3.176470588235294, 0.0, 1.4166666666666667]","[0, 0, 5.625, 1.5, 3.1666666666666665, 5.333333333333333]","[0, 1, 4.909090909090909, 2.4545454545454546, 1.0, 0.4583333333333333]","[0, 0, 5.4, 1.7, 2.6666666666666665, 5.0]","[0, 0, 0, 0, 0, 0]","[0, 0, 4.5, 1.3333333333333333, 5.0, 1.5]","[0, 0, 0, 0, 0, 0]","[0, 0, 2.16, 0.72, 1.5, 1.388888888888889]"
20,2020-05-29,20200529LGHT0,"[0, 0, 0.0, 0.75, 0, 2.0]","[0, 0, 6.352941176470588, 1.0588235294117647, 5, 0.9444444444444445]","[0, 0, 0, 0, 0, 0]","[0, 0, 0.0, 0.0, 1, 1.3333333333333333]","[0, 0, 0.0, 0.0, 0, 1.0]","[0, 0, 3.75, 1.0833333333333333, 13.0, 6.0]","[0, 0, 0, 0, 0, 0]","[0, 0, 0, 0, 0, 0]","[0, 0, 0, 0, 0, 0]","[0, 0, 0, 0, 0, 0]","[0, 1, 1.5428571428571427, 1.1142857142857143, 1.6, 1.0606060606060606]","[0, 1, 5.4, 1.7999999999999998, 1.0, 0.8333333333333334]","[0, 0, 0, 0, 0, 0]","[0, 0, 0.0, 0.0, 1, 0.3333333333333333]","[0, 0, 5.711538461538462, 1.2692307692307694, 2.142857142857143, 5.777777777777778]","[0, 0, 5.785714285714286, 1.5, 3.3333333333333335, 4.666666666666667]","[0, 0, 0, 0, 0, 0]","[0, 0, 0, 0, 0, 0]","[0, 1, 0.7714285714285714, 0.7714285714285715, 1.75, 1.4583333333333333]","[0, 0, 0, 0, 0, 0]","[0, 1, 8.307692307692308, 2.4230769230769234, 0.3333333333333333, 1.7333333333333332]","[1, 0, 6.0, 1.5238095238095237, 3.0, 5.25]","[0, 0, 4.909090909090909, 2.4545454545454546, 1.0, 0.4583333333333333]","[0, 0, 5.4, 1.7, 2.6666666666666665, 5.0]","[0, 0, 0, 0, 0, 0]","[0, 0, 4.5, 1.3333333333333333, 5.0, 1.5]","[0, 0, 0, 0, 0, 0]","[0, 0, 2.16, 0.72, 1.5, 1.388888888888889]"
21,2020-05-30,20200530LGHT0,"[0, 0, 0.0, 0.75, 0, 2.0]","[0, 1, 5.684210526315789, 1.105263157894737, 5.0, 0.9047619047619048]","[0, 0, 0, 0, 0, 0]","[0, 0, 0.0, 0.0, 1, 1.3333333333333333]","[0, 0, 0.0, 0.0, 0, 1.0]","[1, 0, 4.5, 1.1111111111111112, 10.5, 6.0]","[0, 0, 0, 0, 0, 0]","[0, 0, 0, 0, 0, 0]","[0, 0, 0, 0, 0, 0]","[0, 0, 0, 0, 0, 0]","[0, 0, 1.5428571428571427, 1.1142857142857143, 1.6, 1.0606060606060606]","[0, 0, 5.4, 1.7999999999999998, 1.0, 0.8333333333333334]","[0, 0, 0, 0, 0, 0]","[0, 0, 0.0, 0.0, 1, 0.3333333333333333]","[0, 0, 5.711538461538462, 1.2692307692307694, 2.142857142857143, 5.777777777777778]","[0, 0, 5.785714285714286, 1.5, 3.3333333333333335, 4.666666666666667]","[0, 0, 0, 0, 0, 0]","[0, 0, 0, 0, 0, 0]","[0, 0, 0.7714285714285714, 0.7714285714285715, 1.75, 1.4583333333333333]","[0, 0, 0, 0, 0, 0]","[0, 0, 8.307692307692308, 2.4230769230769234, 0.3333333333333333, 1.7333333333333332]","[0, 0, 6.0, 1.5238095238095237, 3.0, 5.25]","[0, 0, 4.909090909090909, 2.4545454545454546, 1.0, 0.4583333333333333]","[0, 0, 5.4, 1.7, 2.6666666666666665, 5.0]","[0, 0, 0, 0, 0, 0]","[0, 1, 4.5, 1.3333333333333333, 5.0, 1.2]","[0, 0, 0, 0, 0, 0]","[0, 1, 2.3823529411764706, 0.9705882352941176, 3.0, 1.619047619047619]"
22,2020-05-31,20200531LGHT0,"[0, 0, 0.0, 0.75, 0, 2.0]","[0, 0, 5.684210526315789, 1.105263157894737, 5.0, 0.9047619047619048]","[0, 0, 0, 0, 0, 0]","[0, 0, 0.0, 0.0, 1, 1.3333333333333333]","[0, 0, 0.0, 0.0, 0, 1.0]","[0, 0, 4.5, 1.1111111111111112, 10.5, 6.0]","[0, 0, 0, 0, 0, 0]","[0, 0, 0, 0, 0, 0]","[0, 0, 0, 0, 0, 0]","[0, 0, 0, 0, 0, 0]","[0, 0, 1.5428571428571427, 1.1142857142857143, 1.6, 1.0606060606060606]","[0, 1, 7.363636363636363, 2.4545454545454546, 0.5, 0.7333333333333333]","[0, 0, 0, 0, 0, 0]","[0, 0, 0.0, 0.0, 1, 0.3333333333333333]","[1, 0, 4.242857142857143, 1.0285714285714287, 2.5714285714285716, 5.833333333333333]","[0, 0, 5.785714285714286, 1.5, 3.3333333333333335, 4.666666666666667]","[0, 0, 0, 0, 0, 0]","[0, 0, 0, 0, 0, 0]","[0, 0, 0.7714285714285714, 0.7714285714285715, 1.75, 1.4583333333333333]","[0, 0, 0, 0, 0, 0]","[0, 1, 7.448275862068965, 2.1724137931034484, 0.3333333333333333, 1.611111111111111]","[0, 0, 6.0, 1.5238095238095237, 3.0, 5.25]","[0, 1, 3.8571428571428568, 1.9285714285714284, 1.6666666666666667, 0.5185185185185186]","[0, 0, 5.4, 1.7, 2.6666666666666665, 5.0]","[0, 0, 0, 0, 0, 0]","[0, 0, 4.5, 1.3333333333333333, 5.0, 1.2]","[0, 0, 0, 0, 0, 0]","[0, 0, 2.3823529411764706, 0.9705882352941176, 3.0, 1.619047619047619]"
23,2020-06-02,20200602SSLG0,"[1, 0, 0.0, 0.8571428571428571, 0.5, 3.111111111111111]","[0, 0, 5.684210526315789, 1.105263157894737, 5.0, 0.9047619047619048]","[0, 0, 0, 0, 0, 0]","[0, 0, 0.0, 0.0, 1, 1.3333333333333333]","[0, 0, 0.0, 0.0, 0, 1.0]","[0, 0, 4.5, 1.1111111111111112, 10.5, 6.0]","[0, 0, 0, 0, 0, 0]","[0, 0, 0, 0, 0, 0]","[0, 0, 0, 0, 0, 0]","[0, 0, 0, 0, 0, 0]","[0, 0, 1.5428571428571427, 1.1142857142857143, 1.6, 1.0606060606060606]","[0, 0, 7.363636363636363, 2.4545454545454546, 0.5, 0.7333333333333333]","[0, 0, 0, 0, 0, 0]","[0, 0, 0.0, 0.0, 1, 0.3333333333333333]","[0, 0, 4.242857142857143, 1.0285714285714287, 2.5714285714285716, 5.833333333333333]","[0, 0, 5.785714285714286, 1.5, 3.3333333333333335, 4.666666666666667]","[0, 0, 0, 0, 0, 0]","[0, 0, 0, 0, 0, 0]","[0, 0, 0.7714285714285714, 0.7714285714285715, 1.75, 1.4583333333333333]","[0, 0, 0, 0, 0, 0]","[0, 1, 6.75, 1.96875, 0.3333333333333333, 1.5238095238095237]","[0, 0, 6.0, 1.5238095238095237, 3.0, 5.25]","[0, 0, 3.8571428571428568, 1.9285714285714284, 1.6666666666666667, 0.5185185185185186]","[0, 0, 5.4, 1.7, 2.6666666666666665, 5.0]","[0, 0, 0, 0, 0, 0]","[0, 0, 4.5, 1.3333333333333333, 5.0, 1.2]","[0, 0, 0, 0, 0, 0]","[0, 1, 3.0, 1.0, 3.0, 1.5]"
24,2020-06-03,20200603SSLG0,"[0, 0, 0.0, 0.8571428571428571, 0.5, 3.111111111111111]","[0, 0, 5.684210526315789, 1.105263157894737, 5.0, 0.9047619047619048]","[0, 0, 0, 0, 0, 0]","[0, 0, 0.0, 0.0, 1, 1.3333333333333333]","[0, 0, 0.0, 0.0, 0, 1.0]","[0, 0, 4.5, 1.1111111111111112, 10.5, 6.0]","[0, 0, 0, 0, 0, 0]","[0, 0, 0, 0, 0, 0]","[0, 0, 0, 0, 0, 0]","[0, 0, 0, 0, 0, 0]","[0, 0, 1.5428571428571427, 1.1142857142857143, 1.6, 1.0606060606060606]","[0, 1, 7.7142857142857135, 2.357142857142857, 0.6, 0.7777777777777778]","[0, 0, 0, 0, 0, 0]","[0, 0, 0.0, 0.0, 1, 0.3333333333333333]","[0, 0, 4.242857142857143, 1.0285714285714287, 2.5714285714285716, 5.833333333333333]","[1, 0, 4.05, 1.4, 3.3333333333333335, 5.0]","[0, 0, 0, 0, 0, 0]","[0, 0, 0, 0, 0, 0]","[0, 0, 0.7714285714285714, 0.7714285714285715, 1.75, 1.4583333333333333]","[0, 0, 0, 0, 0, 0]","[0, 0, 6.75, 1.96875, 0.3333333333333333, 1.5238095238095237]","[0, 0, 6.0, 1.5238095238095237, 3.0, 5.25]","[0, 0, 3.8571428571428568, 1.9285714285714284, 1.6666666666666667, 0.5185185185185186]","[0, 0, 5.4, 1.7, 2.6666666666666665, 5.0]","[0, 0, 0, 0, 0, 0]","[0, 1, 3.8571428571428568, 1.1428571428571428, 5.0, 1.1666666666666667]","[0, 0, 0, 0, 0, 0]","[0, 0, 3.0, 1.0, 3.0, 1.5]"
25,2020-06-04,20200604SSLG0,"[0, 0, 0.0, 0.8571428571428571, 0.5, 3.111111111111111]","[0, 0, 5.684210526315789, 1.105263157894737, 5.0, 0.9047619047619048]","[0, 0, 0, 0, 0, 0]","[0, 0, 0.0, 0.0, 1, 1.3333333333333333]","[0, 0, 0.0, 0.0, 0, 1.0]","[0, 0, 4.5, 1.1111111111111112, 10.5, 6.0]","[0, 0, 0, 0, 0, 0]","[0, 0, 0, 0, 0, 0]","[0, 0, 0, 0, 0, 0]","[0, 0, 0, 0, 0, 0]","[0, 1, 1.4594594594594597, 1.054054054054054, 1.6, 1.027777777777778]","[0, 0, 7.7142857142857135, 2.357142857142857, 0.6, 0.7777777777777778]","[0, 0, 0, 0, 0, 0]","[0, 0, 0.0, 0.0, 1, 0.3333333333333333]","[0, 0, 4.242857142857143, 1.0285714285714287, 2.5714285714285716, 5.833333333333333]","[0, 0, 4.05, 1.4, 3.3333333333333335, 5.0]","[0, 0, 0, 0, 0, 0]","[0, 0, 0, 0, 0, 0]","[0, 1, 0.7105263157894737, 0.7105263157894737, 1.75, 1.4074074074074074]","[0, 0, 0, 0, 0, 0]","[0, 0, 6.75, 1.96875, 0.3333333333333333, 1.5238095238095237]","[0, 0, 6.0, 1.5238095238095237, 3.0, 5.25]","[0, 1, 3.176470588235294, 1.588235294117647, 2.0, 0.5666666666666667]","[1, 0, 5.0625, 1.4375, 3.5, 5.333333333333333]","[0, 0, 0, 0, 0, 0]","[0, 0, 3.8571428571428568, 1.1428571428571428, 5.0, 1.1666666666666667]","[0, 0, 0, 0, 0, 0]","[0, 0, 3.0, 1.0, 3.0, 1.5]"
26,2020-06-05,20200605LGWO0,"[0, 0, 0.0, 0.8571428571428571, 0.5, 3.111111111111111]","[0, 0, 5.684210526315789, 1.105263157894737, 5.0, 0.9047619047619048]","[0, 0, 0, 0, 0, 0]","[0, 0, 0.0, 0.0, 1, 1.3333333333333333]","[0, 0, 0.0, 0.0, 0, 1.0]","[1, 0, 4.432835820895522, 1.4328358208955225, 3.8333333333333335, 5.583333333333333]","[0, 0, 0, 0, 0, 0]","[0, 1, 0, 0, 0, 0]","[0, 1, 0.0, 2.0, 1.0, 1.0]","[0, 0, 0, 0, 0, 0]","[0, 0, 1.4594594594594597, 1.054054054054054, 1.6, 1.027777777777778]","[0, 1, 8.1, 2.25, 0.5714285714285714, 0.9523809523809524]","[0, 0, 0, 0, 0, 0]","[0, 0, 0.0, 0.0, 1, 0.3333333333333333]","[0, 0, 4.242857142857143, 1.0285714285714287, 2.5714285714285716, 5.833333333333333]","[0, 0, 4.05, 1.4, 3.3333333333333335, 5.0]","[0, 0, 0, 0, 0, 0]","[0, 0, 0, 0, 0, 0]","[0, 0, 0.7105263157894737, 0.7105263157894737, 1.75, 1.4074074074074074]","[0, 0, 0, 0, 0, 0]","[0, 0, 6.75, 1.96875, 0.3333333333333333, 1.5238095238095237]","[0, 0, 6.0, 1.5238095238095237, 3.0, 5.25]","[0, 0, 3.176470588235294, 1.588235294117647, 2.0, 0.5666666666666667]","[0, 0, 5.0625, 1.4375, 3.5, 5.333333333333333]","[0, 0, 0, 0, 0, 0]","[0, 0, 3.8571428571428568, 1.1428571428571428, 5.0, 1.1666666666666667]","[0, 0, 0, 0, 0, 0]","[0, 0, 3.0, 1.0, 3.0, 1.5]"
27,2020-06-06,20200606LGWO0,"[0, 0, 0.0, 0.8571428571428571, 0.5, 3.111111111111111]","[0, 0, 5.684210526315789, 1.105263157894737, 5.0, 0.9047619047619048]","[0, 0, 0, 0, 0, 0]","[0, 0, 0.0, 0.0, 1, 1.3333333333333333]","[0, 0, 0.0, 0.0, 0, 1.0]","[0, 0, 4.432835820895522, 1.4328358208955225, 3.8333333333333335, 5.583333333333333]","[0, 0, 0, 0, 0, 0]","[0, 0, 0, 0, 0, 0]","[0, 0, 0.0, 2.0, 1.0, 1.0]","[0, 0, 0, 0, 0, 0]","[0, 1, 1.35, 1.125, 1.5, 1.0256410256410258]","[0, 0, 8.1, 2.25, 0.5714285714285714, 0.9523809523809524]","[0, 0, 0, 0, 0, 0]","[0, 0, 0.0, 0.0, 1, 0.3333333333333333]","[1, 0, 4.602272727272727, 1.1590909090909092, 3.0, 5.866666666666666]","[0, 0, 4.05, 1.4, 3.3333333333333335, 5.0]","[0, 0, 0, 0, 0, 0]","[0, 0, 0, 0, 0, 0]","[0, 1, 0.675, 0.6749999999999999, 1.75, 1.3333333333333335]","[0, 0, 0, 0, 0, 0]","[0, 0, 6.75, 1.96875, 0.3333333333333333, 1.5238095238095237]","[0, 0, 6.0, 1.5238095238095237, 3.0, 5.25]","[0, 1, 3.0, 1.5, 2.0, 0.5454545454545454]","[0, 0, 5.0625, 1.4375, 3.5, 5.333333333333333]","[0, 0, 0, 0, 0, 0]","[0, 0, 3.8571428571428568, 1.1428571428571428, 5.0, 1.1666666666666667]","[0, 0, 0, 0, 0, 0]","[0, 0, 3.0, 1.0, 3.0, 1.5]"
28,2020-06-07,20200607LGWO0,"[0, 0, 0.0, 0.8571428571428571, 0.5, 3.111111111111111]","[0, 0, 5.684210526315789, 1.105263157894737, 5.0, 0.9047619047619048]","[0, 0, 0, 0, 0, 0]","[0, 0, 0.0, 0.0, 1, 1.3333333333333333]","[0, 0, 0.0, 0.0, 0, 1.0]","[0, 0, 4.432835820895522, 1.4328358208955225, 3.8333333333333335, 5.583333333333333]","[0, 0, 0, 0, 0, 0]","[0, 1, 0.0, 0.0, 1, 0.3333333333333333]","[0, 0, 0.0, 2.0, 1.0, 1.0]","[0, 0, 0, 0, 0, 0]","[0, 0, 1.35, 1.125, 1.5, 1.0256410256410258]","[0, 0, 8.1, 2.25, 0.5714285714285714, 0.9523809523809524]","[0, 0, 0, 0, 0, 0]","[0, 0, 0.0, 0.0, 1, 0.3333333333333333]","[0, 0, 4.602272727272727, 1.1590909090909092, 3.0, 5.866666666666666]","[0, 0, 4.05, 1.4, 3.3333333333333335, 5.0]","[0, 0, 0, 0, 0, 0]","[0, 0, 0, 0, 0, 0]","[0, 1, 1.2272727272727273, 0.8181818181818182, 1.4, 1.3333333333333333]","[0, 0, 0, 0, 0, 0]","[0, 0, 6.75, 1.96875, 0.3333333333333333, 1.5238095238095237]","[1, 0, 5.0, 1.4074074074074074, 3.7142857142857144, 5.4]","[0, 0, 3.0, 1.5, 2.0, 0.5454545454545454]","[0, 0, 5.0625, 1.4375, 3.5, 5.333333333333333]","[0, 0, 0, 0, 0, 0]","[0, 0, 3.8571428571428568, 1.1428571428571428, 5.0, 1.1666666666666667]","[0, 0, 0, 0, 0, 0]","[0, 0, 3.0, 1.0, 3.0, 1.5]"
29,2020-06-09,20200609SKLG0,"[0, 0, 0.0, 0.8571428571428571, 0.5, 3.111111111111111]","[0, 0, 5.684210526315789, 1.105263157894737, 5.0, 0.9047619047619048]","[0, 0, 0, 0, 0, 0]","[0, 0, 0.0, 0.0, 1, 1.3333333333333333]","[0, 0, 0.0, 0.0, 0, 1.0]","[0, 0, 4.432835820895522, 1.4328358208955225, 3.8333333333333335, 5.583333333333333]","[0, 0, 0, 0, 0, 0]","[0, 0, 0.0, 0.0, 1, 0.3333333333333333]","[0, 0, 0.0, 2.0, 1.0, 1.0]","[0, 0, 0, 0, 0, 0]","[0, 1, 2.571428571428571, 1.3571428571428572, 1.25, 1.0]","[0, 0, 8.1, 2.25, 0.5714285714285714, 0.9523809523809524]","[0, 0, 0, 0, 0, 0]","[0, 0, 0.0, 0.0, 1, 0.3333333333333333]","[0, 0, 4.602272727272727, 1.1590909090909092, 3.0, 5.866666666666666]","[1, 0, 6.12, 1.52, 2.5555555555555554, 5.0]","[0, 0, 0, 0, 0, 0]","[0, 0, 0, 0, 0, 0]","[0, 1, 1.1489361702127658, 0.7659574468085106, 1.8, 1.3055555555555556]","[0, 0, 0, 0, 0, 0]","[0, 0, 6.75, 1.96875, 0.3333333333333333, 1.5238095238095237]","[0, 0, 5.0, 1.4074074074074074, 3.7142857142857144, 5.4]","[0, 1, 2.8421052631578947, 1.4210526315789473, 2.3333333333333335, 0.5277777777777778]","[0, 0, 5.0625, 1.4375, 3.5, 5.333333333333333]","[0, 0, 0, 0, 0, 0]","[0, 0, 3.8571428571428568, 1.1428571428571428, 5.0, 1.1666666666666667]","[0, 0, 0, 0, 0, 0]","[0, 1, 2.769230769230769, 0.9230769230769231, 3.5, 1.4444444444444444]"
30,2020-06-11,20200611SKLG1,"[1, 0, 1.1020408163265305, 0.9183673469387755, 1.5, 4.083333333333333]","[0, 0, 5.684210526315789, 1.105263157894737, 5.0, 0.9047619047619048]","[0, 0, 0, 0, 0, 0]","[0, 0, 0.0, 0.0, 1, 1.3333333333333333]","[0, 0, 0.0, 0.0, 0, 1.0]","[0, 0, 4.432835820895522, 1.4328358208955225, 3.8333333333333335, 5.583333333333333]","[0, 0, 0, 0, 0, 0]","[0, 0, 0.0, 0.0, 1, 0.3333333333333333]","[0, 0, 0.0, 2.0, 1.0, 1.0]","[0, 0, 0, 0, 0, 0]","[0, 0, 2.571428571428571, 1.3571428571428572, 1.25, 1.0]","[0, 0, 8.1, 2.25, 0.5714285714285714, 0.9523809523809524]","[0, 0, 0, 0, 0, 0]","[0, 0, 0.0, 0.0, 1, 0.3333333333333333]","[0, 0, 4.602272727272727, 1.1590909090909092, 3.0, 5.866666666666666]","[0, 0, 6.12, 1.52, 2.5555555555555554, 5.0]","[0, 0, 0, 0, 0, 0]","[0, 0, 0, 0, 0, 0]","[0, 1, 1.0588235294117647, 0.8823529411764706, 1.6666666666666667, 1.3076923076923077]","[0, 0, 0, 0, 0, 0]","[0, 0, 6.75, 1.96875, 0.3333333333333333, 1.5238095238095237]","[0, 0, 5.0, 1.4074074074074074, 3.7142857142857144, 5.4]","[0, 1, 3.8571428571428568, 1.4285714285714286, 2.3333333333333335, 0.5384615384615384]","[0, 0, 5.0625, 1.4375, 3.5, 5.333333333333333]","[0, 0, 0, 0, 0, 0]","[0, 0, 3.8571428571428568, 1.1428571428571428, 5.0, 1.1666666666666667]","[0, 0, 0, 0, 0, 0]","[0, 0, 2.769230769230769, 0.9230769230769231, 3.5, 1.4444444444444444]"
31,2020-06-11,20200611SKLG2,"[0, 0, 1.1020408163265305, 0.9183673469387755, 1.5, 4.083333333333333]","[0, 0, 5.684210526315789, 1.105263157894737, 5.0, 0.9047619047619048]","[0, 0, 0, 0, 0, 0]","[0, 0, 0.0, 0.0, 1, 1.3333333333333333]","[0, 0, 0.0, 0.0, 0, 1.0]","[1, 0, 5.4, 1.4823529411764707, 3.625, 5.666666666666666]","[0, 0, 0, 0, 0, 0]","[0, 0, 0.0, 0.0, 1, 0.3333333333333333]","[0, 0, 0.0, 2.0, 1.0, 1.0]","[0, 0, 0, 0, 0, 0]","[0, 1, 4.395348837209303, 1.5348837209302324, 1.1111111111111112, 0.9555555555555556]","[0, 1, 7.043478260869565, 2.0869565217391304, 0.5, 0.9583333333333334]","[0, 0, 0, 0, 0, 0]","[0, 0, 0.0, 0.0, 1, 0.3333333333333333]","[0, 0, 4.602272727272727, 1.1590909090909092, 3.0, 5.866666666666666]","[0, 0, 6.12, 1.52, 2.5555555555555554, 5.0]","[0, 0, 0, 0, 0, 0]","[0, 0, 0, 0, 0, 0]","[0, 0, 1.0588235294117647, 0.8823529411764706, 1.6666666666666667, 1.3076923076923077]","[0, 0, 0, 0, 0, 0]","[0, 1, 6.171428571428571, 1.885714285714286, 0.3333333333333333, 1.4583333333333333]","[0, 0, 5.0, 1.4074074074074074, 3.7142857142857144, 5.4]","[0, 1, 3.6818181818181817, 1.3636363636363638, 2.3333333333333335, 0.5238095238095238]","[0, 0, 5.0625, 1.4375, 3.5, 5.333333333333333]","[0, 0, 0, 0, 0, 0]","[0, 0, 3.8571428571428568, 1.1428571428571428, 5.0, 1.1666666666666667]","[0, 0, 0, 0, 0, 0]","[0, 0, 2.769230769230769, 0.9230769230769231, 3.5, 1.4444444444444444]"
32,2020-06-12,20200612LTLG0,"[0, 0, 1.1020408163265305, 0.9183673469387755, 1.5, 4.083333333333333]","[0, 0, 5.684210526315789, 1.105263157894737, 5.0, 0.9047619047619048]","[0, 0, 0, 0, 0, 0]","[0, 0, 0.0, 0.0, 1, 1.3333333333333333]","[0, 0, 0.0, 0.0, 0, 1.0]","[0, 0, 5.4, 1.4823529411764707, 3.625, 5.666666666666666]","[0, 0, 0, 0, 0, 0]","[0, 0, 0.0, 0.0, 1, 0.3333333333333333]","[0, 0, 0.0, 2.0, 1.0, 1.0]","[0, 0, 0, 0, 0, 0]","[0, 0, 4.395348837209303, 1.5348837209302324, 1.1111111111111112, 0.9555555555555556]","[0, 1, 6.75, 2.0, 0.625, 0.8888888888888888]","[0, 0, 0, 0, 0, 0]","[0, 0, 0.0, 0.0, 1, 0.3333333333333333]","[1, 0, 4.289719626168224, 1.1495327102803738, 3.375, 5.944444444444444]","[0, 0, 6.12, 1.52, 2.5555555555555554, 5.0]","[0, 0, 0, 0, 0, 0]","[0, 0, 0, 0, 0, 0]","[0, 1, 0.9642857142857142, 0.8035714285714285, 1.8333333333333333, 1.3333333333333335]","[0, 0, 0, 0, 0, 0]","[0, 1, 5.684210526315789, 1.8157894736842106, 0.6666666666666666, 1.4074074074074074]","[0, 0, 5.0, 1.4074074074074074, 3.7142857142857144, 5.4]","[0, 0, 3.6818181818181817, 1.3636363636363638, 2.3333333333333335, 0.5238095238095238]","[0, 0, 5.0625, 1.4375, 3.5, 5.333333333333333]","[0, 0, 0, 0, 0, 0]","[0, 1, 4.0, 1.2222222222222223, 7.0, 1.2857142857142858]","[0, 0, 0, 0, 0, 0]","[0, 0, 2.769230769230769, 0.9230769230769231, 3.5, 1.4444444444444444]"
33,2020-06-13,20200613LTLG0,"[0, 0, 1.1020408163265305, 0.9183673469387755, 1.5, 4.083333333333333]","[0, 0, 5.684210526315789, 1.105263157894737, 5.0, 0.9047619047619048]","[0, 0, 0, 0, 0, 0]","[0, 0, 0.0, 0.0, 1, 1.3333333333333333]","[0, 0, 0.0, 0.0, 0, 1.0]","[0, 0, 5.4, 1.4823529411764707, 3.625, 5.666666666666666]","[0, 0, 0, 0, 0, 0]","[0, 1, 6.75, 0.75, 1, 0.6666666666666666]","[0, 0, 0.0, 2.0, 1.0, 1.0]","[0, 0, 0, 0, 0, 0]","[0, 0, 4.395348837209303, 1.5348837209302324, 1.1111111111111112, 0.9555555555555556]","[0, 0, 6.75, 2.0, 0.625, 0.8888888888888888]","[0, 0, 0, 0, 0, 0]","[0, 0, 0.0, 0.0, 1, 0.3333333333333333]","[0, 0, 4.289719626168224, 1.1495327102803738, 3.375, 5.944444444444444]","[0, 0, 6.12, 1.52, 2.5555555555555554, 5.0]","[0, 0, 0, 0, 0, 0]","[0, 0, 0, 0, 0, 0]","[0, 0, 0.9642857142857142, 0.8035714285714285, 1.8333333333333333, 1.3333333333333335]","[0, 0, 0, 0, 0, 0]","[0, 0, 5.684210526315789, 1.8157894736842106, 0.6666666666666666, 1.4074074074074074]","[1, 0, 3.9705882352941178, 1.4411764705882353, 2.5833333333333335, 5.666666666666667]","[0, 0, 3.6818181818181817, 1.3636363636363638, 2.3333333333333335, 0.5238095238095238]","[0, 0, 5.0625, 1.4375, 3.5, 5.333333333333333]","[0, 0, 0, 0, 0, 0]","[0, 1, 3.272727272727273, 1.2727272727272727, 3.5, 1.375]","[0, 0, 0, 0, 0, 0]","[0, 1, 2.6341463414634148, 0.951219512195122, 3.5, 1.3666666666666667]"
34,2020-06-14,20200614LTLG0,"[0, 0, 1.1020408163265305, 0.9183673469387755, 1.5, 4.083333333333333]","[0, 0, 5.684210526315789, 1.105263157894737, 5.0, 0.9047619047619048]","[0, 0, 0, 0, 0, 0]","[0, 0, 0.0, 0.0, 1, 1.3333333333333333]","[0, 0, 0.0, 0.0, 0, 1.0]","[0, 0, 5.4, 1.4823529411764707, 3.625, 5.666666666666666]","[0, 0, 0, 0, 0, 0]","[0, 0, 6.75, 0.75, 1, 0.6666666666666666]","[0, 0, 0.0, 2.0, 1.0, 1.0]","[0, 0, 0, 0, 0, 0]","[0, 0, 4.395348837209303, 1.5348837209302324, 1.1111111111111112, 0.9555555555555556]","[0, 1, 6.0, 1.7777777777777777, 0.875, 0.9]","[0, 0, 0, 0, 0, 0]","[0, 0, 0.0, 0.0, 1, 0.3333333333333333]","[0, 0, 4.289719626168224, 1.1495327102803738, 3.375, 5.944444444444444]","[1, 0, 5.0625, 1.375, 2.4545454545454546, 5.333333333333333]","[0, 0, 0, 0, 0, 0]","[0, 0, 0, 0, 0, 0]","[0, 1, 0.9152542372881356, 0.8135593220338982, 2.0, 1.3111111111111111]","[0, 0, 0, 0, 0, 0]","[0, 1, 5.2682926829268295, 1.7560975609756098, 1.0, 1.3666666666666667]","[0, 0, 3.9705882352941178, 1.4411764705882353, 2.5833333333333335, 5.666666666666667]","[0, 1, 3.2399999999999998, 1.2, 3.0, 0.5555555555555556]","[0, 0, 5.0625, 1.4375, 3.5, 5.333333333333333]","[0, 0, 0, 0, 0, 0]","[0, 0, 3.272727272727273, 1.2727272727272727, 3.5, 1.375]","[0, 0, 0, 0, 0, 0]","[0, 0, 2.6341463414634148, 0.951219512195122, 3.5, 1.3666666666666667]"
35,2020-06-16,20200616LGHH0,"[0, 0, 1.1020408163265305, 0.9183673469387755, 1.5, 4.083333333333333]","[0, 0, 5.684210526315789, 1.105263157894737, 5.0, 0.9047619047619048]","[0, 0, 0, 0, 0, 0]","[0, 0, 0.0, 0.0, 1, 1.3333333333333333]","[0, 0, 0.0, 0.0, 0, 1.0]","[0, 0, 5.4, 1.4823529411764707, 3.625, 5.666666666666666]","[0, 1, 0, 0, 0, 0]","[0, 1, 3.375, 0.75, 3, 0.8888888888888888]","[0, 0, 0.0, 2.0, 1.0, 1.0]","[0, 0, 0, 0, 0, 0]","[0, 0, 4.395348837209303, 1.5348837209302324, 1.1111111111111112, 0.9555555555555556]","[0, 0, 6.0, 1.7777777777777777, 0.875, 0.9]","[0, 0, 0, 0, 0, 0]","[0, 0, 0.0, 0.0, 1, 0.3333333333333333]","[0, 0, 4.289719626168224, 1.1495327102803738, 3.375, 5.944444444444444]","[0, 0, 5.0625, 1.375, 2.4545454545454546, 5.333333333333333]","[0, 0, 0, 0, 0, 0]","[0, 0, 0, 0, 0, 0]","[0, 1, 0.8709677419354839, 0.8225806451612903, 2.1666666666666665, 1.2916666666666667]","[0, 0, 0, 0, 0, 0]","[0, 1, 4.909090909090909, 1.7045454545454546, 0.75, 1.3333333333333333]","[0, 0, 3.9705882352941178, 1.4411764705882353, 2.5833333333333335, 5.666666666666667]","[0, 1, 2.892857142857143, 1.2857142857142856, 3.3333333333333335, 0.5833333333333334]","[1, 0, 3.5217391304347827, 1.2173913043478262, 4.166666666666667, 5.75]","[0, 0, 0, 0, 0, 0]","[0, 0, 3.272727272727273, 1.2727272727272727, 3.5, 1.375]","[0, 0, 0, 0, 0, 0]","[0, 1, 4.395348837209303, 1.1860465116279069, 1.75, 1.303030303030303]"
36,2020-06-17,20200617LGHH0,"[0, 0, 1.1020408163265305, 0.9183673469387755, 1.5, 4.083333333333333]","[0, 0, 5.684210526315789, 1.105263157894737, 5.0, 0.9047619047619048]","[0, 0, 0, 0, 0, 0]","[0, 0, 0.0, 0.0, 1, 1.3333333333333333]","[0, 0, 0.0, 0.0, 0, 1.0]","[1, 0, 5.242718446601942, 1.4271844660194173, 3.7777777777777777, 5.722222222222222]","[0, 0, 0, 0, 0, 0]","[0, 1, 6.75, 1.875, 1.5, 0.6666666666666666]","[0, 0, 0.0, 2.0, 1.0, 1.0]","[0, 0, 0, 0, 0, 0]","[0, 0, 4.395348837209303, 1.5348837209302324, 1.1111111111111112, 0.9555555555555556]","[0, 1, 8.0, 2.0, 0.875, 0.8181818181818182]","[0, 0, 0, 0, 0, 0]","[0, 0, 0.0, 0.0, 1, 0.3333333333333333]","[0, 0, 4.289719626168224, 1.1495327102803738, 3.375, 5.944444444444444]","[0, 0, 5.0625, 1.375, 2.4545454545454546, 5.333333333333333]","[0, 0, 0, 0, 0, 0]","[0, 0, 0, 0, 0, 0]","[0, 0, 0.8709677419354839, 0.8225806451612903, 2.1666666666666665, 1.2916666666666667]","[0, 0, 0, 0, 0, 0]","[0, 0, 4.909090909090909, 1.7045454545454546, 0.75, 1.3333333333333333]","[0, 0, 3.9705882352941178, 1.4411764705882353, 2.5833333333333335, 5.666666666666667]","[0, 0, 2.892857142857143, 1.2857142857142856, 3.3333333333333335, 0.5833333333333334]","[0, 0, 3.5217391304347827, 1.2173913043478262, 4.166666666666667, 5.75]","[0, 0, 0, 0, 0, 0]","[0, 0, 3.272727272727273, 1.2727272727272727, 3.5, 1.375]","[0, 0, 0, 0, 0, 0]","[0, 0, 4.395348837209303, 1.1860465116279069, 1.75, 1.303030303030303]"
37,2020-06-18,20200618LGHH0,"[0, 0, 1.1020408163265305, 0.9183673469387755, 1.5, 4.083333333333333]","[0, 0, 5.684210526315789, 1.105263157894737, 5.0, 0.9047619047619048]","[0, 0, 0, 0, 0, 0]","[0, 0, 0.0, 0.0, 1, 1.3333333333333333]","[0, 0, 0.0, 0.0, 0, 1.0]","[0, 0, 5.242718446601942, 1.4271844660194173, 3.7777777777777777, 5.722222222222222]","[0, 0, 0, 0, 0, 0]","[0, 0, 6.75, 1.875, 1.5, 0.6666666666666666]","[0, 0, 0.0, 2.0, 1.0, 1.0]","[0, 0, 0, 0, 0, 0]","[0, 0, 4.395348837209303, 1.5348837209302324, 1.1111111111111112, 0.9555555555555556]","[0, 0, 8.0, 2.0, 0.875, 0.8181818181818182]","[0, 0, 0, 0, 0, 0]","[0, 0, 0.0, 0.0, 1, 0.3333333333333333]","[1, 0, 4.204918032786885, 1.2540983606557379, 2.3846153846153846, 5.809523809523809]","[0, 0, 5.0625, 1.375, 2.4545454545454546, 5.333333333333333]","[0, 0, 0, 0, 0, 0]","[0, 0, 0, 0, 0, 0]","[0, 1, 0.8571428571428571, 0.8095238095238095, 2.3333333333333335, 1.2352941176470589]","[0, 0, 0, 0, 0, 0]","[0, 1, 4.8, 1.7333333333333334, 0.75, 1.25]","[0, 0, 3.9705882352941178, 1.4411764705882353, 2.5833333333333335, 5.666666666666667]","[0, 1, 2.6129032258064515, 1.2580645161290323, 4.0, 0.607843137254902]","[0, 0, 3.5217391304347827, 1.2173913043478262, 4.166666666666667, 5.75]","[0, 0, 0, 0, 0, 0]","[0, 0, 3.272727272727273, 1.2727272727272727, 3.5, 1.375]","[0, 0, 0, 0, 0, 0]","[0, 0, 4.395348837209303, 1.1860465116279069, 1.75, 1.303030303030303]"
38,2020-06-19,20200619OBLG0,"[0, 0, 1.1020408163265305, 0.9183673469387755, 1.5, 4.083333333333333]","[0, 0, 5.684210526315789, 1.105263157894737, 5.0, 0.9047619047619048]","[0, 0, 0, 0, 0, 0]","[0, 1, 3.8571428571428568, 0.8571428571428571, 1, 1.1666666666666667]","[0, 0, 0.0, 0.0, 0, 1.0]","[0, 0, 5.242718446601942, 1.4271844660194173, 3.7777777777777777, 5.722222222222222]","[0, 1, 54.0, 9.0, 1.0, 0.3333333333333333]","[0, 1, 5.4, 1.5, 1.5, 0.6666666666666667]","[0, 0, 0.0, 2.0, 1.0, 1.0]","[0, 0, 0, 0, 0, 0]","[0, 0, 4.395348837209303, 1.5348837209302324, 1.1111111111111112, 0.9555555555555556]","[0, 1, 6.352941176470588, 1.7647058823529411, 1.0, 0.9444444444444445]","[0, 0, 0, 0, 0, 0]","[0, 0, 0.0, 0.0, 1, 0.3333333333333333]","[0, 0, 4.204918032786885, 1.2540983606557379, 2.3846153846153846, 5.809523809523809]","[0, 0, 5.0625, 1.375, 2.4545454545454546, 5.333333333333333]","[0, 0, 0, 0, 0, 0]","[0, 0, 0, 0, 0, 0]","[0, 0, 0.8571428571428571, 0.8095238095238095, 2.3333333333333335, 1.2352941176470589]","[0, 0, 0, 0, 0, 0]","[0, 0, 4.8, 1.7333333333333334, 0.75, 1.25]","[1, 0, 4.05, 1.425, 2.1176470588235294, 5.714285714285714]","[0, 0, 2.6129032258064515, 1.2580645161290323, 4.0, 0.607843137254902]","[0, 0, 3.5217391304347827, 1.2173913043478262, 4.166666666666667, 5.75]","[0, 0, 0, 0, 0, 0]","[0, 1, 3.0, 1.4166666666666667, 2.6666666666666665, 1.3333333333333333]","[0, 0, 0, 0, 0, 0]","[0, 1, 4.295454545454545, 1.1590909090909092, 2.0, 1.222222222222222]"
39,2020-06-20,20200620OBLG0,"[0, 0, 1.1020408163265305, 0.9183673469387755, 1.5, 4.083333333333333]","[0, 0, 5.684210526315789, 1.105263157894737, 5.0, 0.9047619047619048]","[0, 0, 0, 0, 0, 0]","[0, 0, 3.8571428571428568, 0.8571428571428571, 1, 1.1666666666666667]","[0, 1, 18.0, 2.5, 0.0, 1.0]","[0, 0, 5.242718446601942, 1.4271844660194173, 3.7777777777777777, 5.722222222222222]","[0, 0, 54.0, 9.0, 1.0, 0.3333333333333333]","[0, 1, 3.8571428571428568, 1.2857142857142856, 1.5, 0.7777777777777778]","[0, 0, 0.0, 2.0, 1.0, 1.0]","[0, 0, 0, 0, 0, 0]","[0, 0, 4.395348837209303, 1.5348837209302324, 1.1111111111111112, 0.9555555555555556]","[0, 0, 6.352941176470588, 1.7647058823529411, 1.0, 0.9444444444444445]","[0, 0, 0, 0, 0, 0]","[0, 0, 0.0, 0.0, 1, 0.3333333333333333]","[0, 0, 4.204918032786885, 1.2540983606557379, 2.3846153846153846, 5.809523809523809]","[1, 0, 5.2105263157894735, 1.4473684210526316, 2.5454545454545454, 5.428571428571429]","[0, 0, 0, 0, 0, 0]","[0, 0, 0, 0, 0, 0]","[0, 0, 0.8571428571428571, 0.8095238095238095, 2.3333333333333335, 1.2352941176470589]","[0, 0, 0, 0, 0, 0]","[0, 1, 4.695652173913043, 1.826086956521739, 0.8, 1.1794871794871795]","[0, 0, 4.05, 1.425, 2.1176470588235294, 5.714285714285714]","[0, 1, 2.4545454545454546, 1.2727272727272727, 3.5, 0.6111111111111112]","[0, 0, 3.5217391304347827, 1.2173913043478262, 4.166666666666667, 5.75]","[0, 0, 0, 0, 0, 0]","[0, 0, 3.0, 1.4166666666666667, 2.6666666666666665, 1.3333333333333333]","[0, 0, 0, 0, 0, 0]","[0, 0, 4.295454545454545, 1.1590909090909092, 2.0, 1.222222222222222]"
40,2020-06-21,20200621OBLG0,"[1, 0, 1.1571428571428573, 0.9, 2.6666666666666665, 4.666666666666666]","[0, 0, 5.684210526315789, 1.105263157894737, 5.0, 0.9047619047619048]","[0, 0, 0, 0, 0, 0]","[0, 0, 3.8571428571428568, 0.8571428571428571, 1, 1.1666666666666667]","[0, 0, 18.0, 2.5, 0.0, 1.0]","[0, 0, 5.242718446601942, 1.4271844660194173, 3.7777777777777777, 5.722222222222222]","[0, 0, 54.0, 9.0, 1.0, 0.3333333333333333]","[0, 1, 7.7142857142857135, 1.7142857142857142, 1.0, 0.6666666666666667]","[0, 0, 0.0, 2.0, 1.0, 1.0]","[0, 0, 0, 0, 0, 0]","[0, 0, 4.395348837209303, 1.5348837209302324, 1.1111111111111112, 0.9555555555555556]","[0, 1, 5.837837837837839, 1.7027027027027026, 1.1, 0.9487179487179488]","[0, 0, 0, 0, 0, 0]","[0, 0, 0.0, 0.0, 1, 0.3333333333333333]","[0, 0, 4.204918032786885, 1.2540983606557379, 2.3846153846153846, 5.809523809523809]","[0, 0, 5.2105263157894735, 1.4473684210526316, 2.5454545454545454, 5.428571428571429]","[0, 0, 0, 0, 0, 0]","[0, 0, 0, 0, 0, 0]","[0, 0, 0.8571428571428571, 0.8095238095238095, 2.3333333333333335, 1.2352941176470589]","[0, 0, 0, 0, 0, 0]","[0, 1, 5.869565217391304, 1.9565217391304348, 0.6666666666666666, 1.0952380952380953]","[0, 0, 4.05, 1.425, 2.1176470588235294, 5.714285714285714]","[0, 1, 2.25, 1.1666666666666667, 3.5, 0.631578947368421]","[0, 0, 3.5217391304347827, 1.2173913043478262, 4.166666666666667, 5.75]","[0, 0, 0, 0, 0, 0]","[0, 0, 3.0, 1.4166666666666667, 2.6666666666666665, 1.3333333333333333]","[0, 0, 0, 0, 0, 0]","[0, 1, 4.5, 1.1875, 2.25, 1.2307692307692308]"
41,2020-06-23,20200623WOLG0,"[0, 0, 1.1571428571428573, 0.9, 2.6666666666666665, 4.666666666666666]","[1, 0, 7.5600000000000005, 1.44, 7.0, 1.0416666666666667]","[0, 0, 0, 0, 0, 0]","[0, 0, 3.8571428571428568, 0.8571428571428571, 1, 1.1666666666666667]","[0, 1, 15.0, 2.6666666666666665, 2.0, 1.0]","[0, 0, 5.242718446601942, 1.4271844660194173, 3.7777777777777777, 5.722222222222222]","[0, 0, 54.0, 9.0, 1.0, 0.3333333333333333]","[0, 0, 7.7142857142857135, 1.7142857142857142, 1.0, 0.6666666666666667]","[0, 0, 0.0, 2.0, 1.0, 1.0]","[0, 0, 0, 0, 0, 0]","[0, 0, 4.395348837209303, 1.5348837209302324, 1.1111111111111112, 0.9555555555555556]","[0, 0, 5.837837837837839, 1.7027027027027026, 1.1, 0.9487179487179488]","[0, 0, 0, 0, 0, 0]","[0, 0, 0.0, 0.0, 1, 0.3333333333333333]","[0, 0, 4.204918032786885, 1.2540983606557379, 2.3846153846153846, 5.809523809523809]","[0, 0, 5.2105263157894735, 1.4473684210526316, 2.5454545454545454, 5.428571428571429]","[0, 0, 0, 0, 0, 0]","[0, 0, 0, 0, 0, 0]","[0, 0, 0.8571428571428571, 0.8095238095238095, 2.3333333333333335, 1.2352941176470589]","[0, 0, 0, 0, 0, 0]","[0, 0, 5.869565217391304, 1.9565217391304348, 0.6666666666666666, 1.0952380952380953]","[0, 0, 4.05, 1.425, 2.1176470588235294, 5.714285714285714]","[0, 0, 2.25, 1.1666666666666667, 3.5, 0.631578947368421]","[0, 0, 3.5217391304347827, 1.2173913043478262, 4.166666666666667, 5.75]","[0, 0, 0, 0, 0, 0]","[0, 1, 3.4468085106382977, 1.5957446808510638, 2.5, 1.5666666666666667]","[0, 0, 0, 0, 0, 0]","[0, 0, 4.5, 1.1875, 2.25, 1.2307692307692308]"
42,2020-06-25,20200625WOLG1,"[0, 0, 1.1571428571428573, 0.9, 2.6666666666666665, 4.666666666666666]","[0, 0, 7.5600000000000005, 1.44, 7.0, 1.0416666666666667]","[0, 0, 0, 0, 0, 0]","[0, 0, 3.8571428571428568, 0.8571428571428571, 1, 1.1666666666666667]","[0, 0, 15.0, 2.6666666666666665, 2.0, 1.0]","[0, 0, 5.242718446601942, 1.4271844660194173, 3.7777777777777777, 5.722222222222222]","[0, 0, 54.0, 9.0, 1.0, 0.3333333333333333]","[0, 1, 7.2, 1.6, 1.0, 0.625]","[0, 0, 0.0, 2.0, 1.0, 1.0]","[0, 0, 0, 0, 0, 0]","[0, 1, 4.2, 1.6, 1.2222222222222223, 0.9375]","[0, 0, 5.837837837837839, 1.7027027027027026, 1.1, 0.9487179487179488]","[0, 0, 0, 0, 0, 0]","[0, 0, 0.0, 0.0, 1, 0.3333333333333333]","[1, 0, 4.183098591549295, 1.2464788732394365, 2.3333333333333335, 5.916666666666667]","[0, 0, 5.2105263157894735, 1.4473684210526316, 2.5454545454545454, 5.428571428571429]","[0, 0, 0, 0, 0, 0]","[0, 0, 0, 0, 0, 0]","[0, 0, 0.8571428571428571, 0.8095238095238095, 2.3333333333333335, 1.2352941176470589]","[0, 0, 0, 0, 0, 0]","[0, 0, 5.869565217391304, 1.9565217391304348, 0.6666666666666666, 1.0952380952380953]","[0, 0, 4.05, 1.425, 2.1176470588235294, 5.714285714285714]","[0, 0, 2.25, 1.1666666666666667, 3.5, 0.631578947368421]","[0, 0, 3.5217391304347827, 1.2173913043478262, 4.166666666666667, 5.75]","[0, 0, 0, 0, 0, 0]","[0, 0, 3.4468085106382977, 1.5957446808510638, 2.5, 1.5666666666666667]","[0, 0, 0, 0, 0, 0]","[0, 1, 4.959183673469388, 1.2244897959183674, 2.25, 1.1666666666666665]"
43,2020-06-25,20200625WOLG2,"[0, 0, 1.1571428571428573, 0.9, 2.6666666666666665, 4.666666666666666]","[0, 0, 7.5600000000000005, 1.44, 7.0, 1.0416666666666667]","[0, 0, 0, 0, 0, 0]","[0, 0, 3.8571428571428568, 0.8571428571428571, 1, 1.1666666666666667]","[0, 0, 15.0, 2.6666666666666665, 2.0, 1.0]","[0, 0, 5.242718446601942, 1.4271844660194173, 3.7777777777777777, 5.722222222222222]","[0, 0, 54.0, 9.0, 1.0, 0.3333333333333333]","[0, 0, 7.2, 1.6, 1.0, 0.625]","[0, 0, 0.0, 2.0, 1.0, 1.0]","[0, 0, 0, 0, 0, 0]","[0, 0, 4.2, 1.6, 1.2222222222222223, 0.9375]","[0, 1, 5.2682926829268295, 1.6829268292682928, 1.0, 0.9761904761904762]","[0, 0, 0, 0, 0, 0]","[0, 0, 0.0, 0.0, 1, 0.3333333333333333]","[0, 0, 4.183098591549295, 1.2464788732394365, 2.3333333333333335, 5.916666666666667]","[0, 0, 5.2105263157894735, 1.4473684210526316, 2.5454545454545454, 5.428571428571429]","[0, 0, 0, 0, 0, 0]","[0, 0, 0, 0, 0, 0]","[0, 1, 2.014925373134328, 0.8507462686567164, 2.3333333333333335, 1.2407407407407407]","[0, 0, 0, 0, 0, 0]","[0, 1, 5.510204081632653, 1.836734693877551, 0.8333333333333334, 1.0888888888888888]","[1, 0, 5.707317073170732, 1.6097560975609757, 1.85, 5.125]","[0, 1, 2.076923076923077, 1.3076923076923077, 3.0, 0.65]","[0, 0, 3.5217391304347827, 1.2173913043478262, 4.166666666666667, 5.75]","[0, 0, 0, 0, 0, 0]","[0, 1, 4.339285714285714, 1.6607142857142856, 2.8, 1.696969696969697]","[0, 0, 0, 0, 0, 0]","[0, 0, 4.959183673469388, 1.2244897959183674, 2.25, 1.1666666666666665]"
44,2020-06-26,20200626LGSK0,"[0, 0, 1.1571428571428573, 0.9, 2.6666666666666665, 4.666666666666666]","[0, 0, 7.5600000000000005, 1.44, 7.0, 1.0416666666666667]","[0, 0, 0, 0, 0, 0]","[0, 0, 3.8571428571428568, 0.8571428571428571, 1, 1.1666666666666667]","[0, 0, 15.0, 2.6666666666666665, 2.0, 1.0]","[0, 0, 5.242718446601942, 1.4271844660194173, 3.7777777777777777, 5.722222222222222]","[0, 0, 54.0, 9.0, 1.0, 0.3333333333333333]","[0, 1, 5.142857142857142, 1.1428571428571428, 1.6666666666666667, 0.7777777777777778]","[0, 0, 0.0, 2.0, 1.0, 1.0]","[0, 0, 0, 0, 0, 0]","[0, 0, 4.2, 1.6, 1.2222222222222223, 0.9375]","[0, 0, 5.2682926829268295, 1.6829268292682928, 1.0, 0.9761904761904762]","[0, 0, 0, 0, 0, 0]","[0, 0, 0.0, 0.0, 1, 0.3333333333333333]","[0, 0, 4.183098591549295, 1.2464788732394365, 2.3333333333333335, 5.916666666666667]","[1, 0, 5.0, 1.3777777777777778, 2.9166666666666665, 5.625]","[0, 1, 0, 0, 0, 0]","[0, 0, 0, 0, 0, 0]","[0, 0, 2.014925373134328, 0.8507462686567164, 2.3333333333333335, 1.2407407407407407]","[0, 0, 0, 0, 0, 0]","[0, 0, 5.510204081632653, 1.836734693877551, 0.8333333333333334, 1.0888888888888888]","[0, 0, 5.707317073170732, 1.6097560975609757, 1.85, 5.125]","[0, 0, 2.076923076923077, 1.3076923076923077, 3.0, 0.65]","[0, 0, 3.5217391304347827, 1.2173913043478262, 4.166666666666667, 5.75]","[0, 0, 0, 0, 0, 0]","[0, 0, 4.339285714285714, 1.6607142857142856, 2.8, 1.696969696969697]","[0, 0, 0, 0, 0, 0]","[0, 0, 4.959183673469388, 1.2244897959183674, 2.25, 1.1666666666666665]"
45,2020-06-27,20200627LGSK0,"[0, 0, 1.1571428571428573, 0.9, 2.6666666666666665, 4.666666666666666]","[0, 0, 7.5600000000000005, 1.44, 7.0, 1.0416666666666667]","[0, 0, 0, 0, 0, 0]","[0, 0, 3.8571428571428568, 0.8571428571428571, 1, 1.1666666666666667]","[0, 0, 15.0, 2.6666666666666665, 2.0, 1.0]","[0, 0, 5.242718446601942, 1.4271844660194173, 3.7777777777777777, 5.722222222222222]","[0, 0, 54.0, 9.0, 1.0, 0.3333333333333333]","[0, 0, 5.142857142857142, 1.1428571428571428, 1.6666666666666667, 0.7777777777777778]","[0, 0, 0.0, 2.0, 1.0, 1.0]","[0, 0, 0, 0, 0, 0]","[0, 0, 4.2, 1.6, 1.2222222222222223, 0.9375]","[0, 0, 5.2682926829268295, 1.6829268292682928, 1.0, 0.9761904761904762]","[0, 0, 0, 0, 0, 0]","[0, 0, 0.0, 0.0, 1, 0.3333333333333333]","[0, 0, 4.183098591549295, 1.2464788732394365, 2.3333333333333335, 5.916666666666667]","[0, 0, 5.0, 1.3777777777777778, 2.9166666666666665, 5.625]","[0, 0, 0, 0, 0, 0]","[0, 0, 0, 0, 0, 0]","[0, 0, 2.014925373134328, 0.8507462686567164, 2.3333333333333335, 1.2407407407407407]","[0, 0, 0, 0, 0, 0]","[0, 0, 5.510204081632653, 1.836734693877551, 0.8333333333333334, 1.0888888888888888]","[0, 0, 5.707317073170732, 1.6097560975609757, 1.85, 5.125]","[0, 0, 2.076923076923077, 1.3076923076923077, 3.0, 0.65]","[1, 0, 3.337078651685393, 1.1797752808988764, 4.142857142857143, 5.933333333333334]","[0, 0, 0, 0, 0, 0]","[0, 0, 4.339285714285714, 1.6607142857142856, 2.8, 1.696969696969697]","[0, 0, 0, 0, 0, 0]","[0, 0, 4.959183673469388, 1.2244897959183674, 2.25, 1.1666666666666665]"
46,2020-06-28,20200628LGSK0,"[0, 0, 1.1571428571428573, 0.9, 2.6666666666666665, 4.666666666666666]","[0, 0, 7.5600000000000005, 1.44, 7.0, 1.0416666666666667]","[0, 0, 0, 0, 0, 0]","[0, 0, 3.8571428571428568, 0.8571428571428571, 1, 1.1666666666666667]","[0, 0, 15.0, 2.6666666666666665, 2.0, 1.0]","[1, 0, 4.68595041322314, 1.3884297520661155, 3.8181818181818183, 5.761904761904762]","[0, 0, 54.0, 9.0, 1.0, 0.3333333333333333]","[0, 0, 5.142857142857142, 1.1428571428571428, 1.6666666666666667, 0.7777777777777778]","[0, 0, 0.0, 2.0, 1.0, 1.0]","[0, 0, 0, 0, 0, 0]","[0, 0, 4.2, 1.6, 1.2222222222222223, 0.9375]","[0, 1, 4.8, 1.6, 1.0833333333333333, 1.0]","[0, 0, 0, 0, 0, 0]","[0, 0, 0.0, 0.0, 1, 0.3333333333333333]","[0, 0, 4.183098591549295, 1.2464788732394365, 2.3333333333333335, 5.916666666666667]","[0, 0, 5.0, 1.3777777777777778, 2.9166666666666665, 5.625]","[0, 0, 0, 0, 0, 0]","[0, 0, 0, 0, 0, 0]","[0, 1, 3.573529411764706, 1.0147058823529411, 1.5555555555555556, 1.192982456140351]","[0, 0, 0, 0, 0, 0]","[0, 0, 5.510204081632653, 1.836734693877551, 0.8333333333333334, 1.0888888888888888]","[0, 0, 5.707317073170732, 1.6097560975609757, 1.85, 5.125]","[0, 1, 1.975609756097561, 1.3170731707317074, 3.2, 0.6507936507936508]","[0, 0, 3.337078651685393, 1.1797752808988764, 4.142857142857143, 5.933333333333334]","[0, 0, 0, 0, 0, 0]","[0, 0, 4.339285714285714, 1.6607142857142856, 2.8, 1.696969696969697]","[0, 0, 0, 0, 0, 0]","[0, 0, 4.959183673469388, 1.2244897959183674, 2.25, 1.1666666666666665]"
47,2020-06-30,20200630KTLG0,"[1, 0, 1.588235294117647, 1.023529411764706, 2.1, 4.722222222222222]","[0, 0, 7.5600000000000005, 1.44, 7.0, 1.0416666666666667]","[0, 0, 0, 0, 0, 0]","[0, 0, 3.8571428571428568, 0.8571428571428571, 1, 1.1666666666666667]","[0, 0, 15.0, 2.6666666666666665, 2.0, 1.0]","[0, 0, 4.68595041322314, 1.3884297520661155, 3.8181818181818183, 5.761904761904762]","[0, 0, 54.0, 9.0, 1.0, 0.3333333333333333]","[0, 1, 4.5, 1.125, 2.3333333333333335, 0.8]","[0, 0, 0.0, 2.0, 1.0, 1.0]","[0, 0, 0, 0, 0, 0]","[0, 0, 4.2, 1.6, 1.2222222222222223, 0.9375]","[0, 1, 4.695652173913043, 1.5652173913043477, 1.0833333333333333, 0.9583333333333334]","[0, 0, 0, 0, 0, 0]","[0, 0, 0.0, 0.0, 1, 0.3333333333333333]","[0, 0, 4.183098591549295, 1.2464788732394365, 2.3333333333333335, 5.916666666666667]","[0, 0, 5.0, 1.3777777777777778, 2.9166666666666665, 5.625]","[0, 0, 0, 0, 0, 0]","[0, 0, 0, 0, 0, 0]","[0, 1, 3.4225352112676055, 1.0140845070422535, 1.6666666666666667, 1.1833333333333333]","[0, 0, 0, 0, 0, 0]","[0, 0, 5.510204081632653, 1.836734693877551, 0.8333333333333334, 1.0888888888888888]","[0, 0, 5.707317073170732, 1.6097560975609757, 1.85, 5.125]","[0, 1, 1.8837209302325582, 1.3255813953488371, 3.2, 0.6515151515151515]","[0, 0, 3.337078651685393, 1.1797752808988764, 4.142857142857143, 5.933333333333334]","[0, 0, 0, 0, 0, 0]","[0, 1, 4.189655172413794, 1.6034482758620692, 2.8, 1.611111111111111]","[0, 0, 0, 0, 0, 0]","[0, 1, 4.584905660377358, 1.1886792452830188, 2.25, 1.1777777777777778]"
48,2020-07-01,20200701KTLG0,"[0, 0, 1.588235294117647, 1.023529411764706, 2.1, 4.722222222222222]","[0, 0, 7.5600000000000005, 1.44, 7.0, 1.0416666666666667]","[0, 0, 0, 0, 0, 0]","[0, 0, 3.8571428571428568, 0.8571428571428571, 1, 1.1666666666666667]","[0, 0, 15.0, 2.6666666666666665, 2.0, 1.0]","[0, 0, 4.68595041322314, 1.3884297520661155, 3.8181818181818183, 5.761904761904762]","[0, 0, 54.0, 9.0, 1.0, 0.3333333333333333]","[0, 0, 4.5, 1.125, 2.3333333333333335, 0.8]","[0, 0, 0.0, 2.0, 1.0, 1.0]","[0, 0, 0, 0, 0, 0]","[0, 1, 4.595744680851063, 1.7872340425531916, 0.9166666666666666, 0.9215686274509803]","[0, 0, 4.695652173913043, 1.5652173913043477, 1.0833333333333333, 0.9583333333333334]","[0, 0, 0, 0, 0, 0]","[0, 0, 0.0, 0.0, 1, 0.3333333333333333]","[0, 0, 4.183098591549295, 1.2464788732394365, 2.3333333333333335, 5.916666666666667]","[0, 0, 5.0, 1.3777777777777778, 2.9166666666666665, 5.625]","[0, 0, 0, 0, 0, 0]","[0, 0, 0, 0, 0, 0]","[0, 0, 3.4225352112676055, 1.0140845070422535, 1.6666666666666667, 1.1833333333333333]","[0, 0, 0, 0, 0, 0]","[0, 1, 7.7142857142857135, 2.0816326530612246, 0.8333333333333334, 1.0208333333333333]","[1, 0, 4.978723404255319, 1.4680851063829787, 2.0, 5.222222222222222]","[0, 0, 1.8837209302325582, 1.3255813953488371, 3.2, 0.6515151515151515]","[0, 0, 3.337078651685393, 1.1797752808988764, 4.142857142857143, 5.933333333333334]","[0, 0, 0, 0, 0, 0]","[0, 0, 4.189655172413794, 1.6034482758620692, 2.8, 1.611111111111111]","[0, 0, 0, 0, 0, 0]","[0, 1, 4.339285714285714, 1.1785714285714286, 2.5, 1.1666666666666667]"
49,2020-07-02,20200702KTLG0,"[0, 0, 1.588235294117647, 1.023529411764706, 2.1, 4.722222222222222]","[0, 0, 7.5600000000000005, 1.44, 7.0, 1.0416666666666667]","[0, 0, 0, 0, 0, 0]","[0, 0, 3.8571428571428568, 0.8571428571428571, 1, 1.1666666666666667]","[0, 0, 15.0, 2.6666666666666665, 2.0, 1.0]","[0, 0, 4.68595041322314, 1.3884297520661155, 3.8181818181818183, 5.761904761904762]","[0, 0, 54.0, 9.0, 1.0, 0.3333333333333333]","[0, 1, 4.32, 1.2, 1.75, 0.7575757575757577]","[0, 0, 0.0, 2.0, 1.0, 1.0]","[0, 0, 0, 0, 0, 0]","[0, 0, 4.595744680851063, 1.7872340425531916, 0.9166666666666666, 0.9215686274509803]","[0, 1, 5.0625, 1.625, 1.0769230769230769, 0.9411764705882353]","[0, 0, 0, 0, 0, 0]","[0, 0, 0.0, 0.0, 1, 0.3333333333333333]","[0, 0, 4.183098591549295, 1.2464788732394365, 2.3333333333333335, 5.916666666666667]","[1, 0, 5.117647058823529, 1.3725490196078431, 2.466666666666667, 5.666666666666667]","[0, 0, 0, 0, 0, 0]","[0, 0, 0, 0, 0, 0]","[0, 1, 3.2399999999999998, 1.0, 1.6666666666666667, 1.1904761904761905]","[0, 0, 0, 0, 0, 0]","[0, 1, 7.269230769230769, 2.019230769230769, 1.0, 1.0196078431372548]","[0, 0, 4.978723404255319, 1.4680851063829787, 2.0, 5.222222222222222]","[0, 1, 2.4, 1.4666666666666666, 2.8333333333333335, 0.6521739130434783]","[0, 0, 3.337078651685393, 1.1797752808988764, 4.142857142857143, 5.933333333333334]","[0, 0, 0, 0, 0, 0]","[0, 0, 4.189655172413794, 1.6034482758620692, 2.8, 1.611111111111111]","[0, 0, 0, 0, 0, 0]","[0, 0, 4.339285714285714, 1.1785714285714286, 2.5, 1.1666666666666667]"
50,2020-07-03,20200703LGSS0,"[0, 0, 1.588235294117647, 1.023529411764706, 2.1, 4.722222222222222]","[0, 0, 7.5600000000000005, 1.44, 7.0, 1.0416666666666667]","[0, 0, 0, 0, 0, 0]","[0, 0, 3.8571428571428568, 0.8571428571428571, 1, 1.1666666666666667]","[0, 0, 15.0, 2.6666666666666665, 2.0, 1.0]","[0, 0, 4.68595041322314, 1.3884297520661155, 3.8181818181818183, 5.761904761904762]","[0, 0, 54.0, 9.0, 1.0, 0.3333333333333333]","[0, 1, 4.153846153846154, 1.2692307692307694, 2.0, 0.7222222222222222]","[0, 0, 0.0, 2.0, 1.0, 1.0]","[0, 0, 0, 0, 0, 0]","[0, 0, 4.595744680851063, 1.7872340425531916, 0.9166666666666666, 0.9215686274509803]","[0, 0, 5.0625, 1.625, 1.0769230769230769, 0.9411764705882353]","[0, 0, 0, 0, 0, 0]","[0, 0, 0.0, 0.0, 1, 0.3333333333333333]","[1, 0, 4.471337579617834, 1.3184713375796178, 2.0555555555555554, 5.814814814814815]","[0, 0, 5.117647058823529, 1.3725490196078431, 2.466666666666667, 5.666666666666667]","[0, 0, 0, 0, 0, 0]","[0, 0, 0, 0, 0, 0]","[0, 0, 3.2399999999999998, 1.0, 1.6666666666666667, 1.1904761904761905]","[0, 0, 0, 0, 0, 0]","[0, 0, 7.269230769230769, 2.019230769230769, 1.0, 1.0196078431372548]","[0, 0, 4.978723404255319, 1.4680851063829787, 2.0, 5.222222222222222]","[0, 0, 2.4, 1.4666666666666666, 2.8333333333333335, 0.6521739130434783]","[0, 0, 3.337078651685393, 1.1797752808988764, 4.142857142857143, 5.933333333333334]","[0, 0, 0, 0, 0, 0]","[0, 1, 3.796875, 1.453125, 3.0, 1.641025641025641]","[0, 0, 0, 0, 0, 0]","[0, 0, 4.339285714285714, 1.1785714285714286, 2.5, 1.1666666666666667]"
51,2020-07-04,20200704LGSS0,"[0, 0, 1.588235294117647, 1.023529411764706, 2.1, 4.722222222222222]","[0, 0, 7.5600000000000005, 1.44, 7.0, 1.0416666666666667]","[0, 0, 0, 0, 0, 0]","[0, 0, 3.8571428571428568, 0.8571428571428571, 1, 1.1666666666666667]","[0, 0, 15.0, 2.6666666666666665, 2.0, 1.0]","[1, 0, 3.992957746478873, 1.2676056338028168, 4.166666666666667, 5.916666666666667]","[0, 0, 54.0, 9.0, 1.0, 0.3333333333333333]","[0, 1, 5.0, 1.3333333333333333, 2.25, 0.6923076923076923]","[0, 0, 0.0, 2.0, 1.0, 1.0]","[0, 0, 0, 0, 0, 0]","[0, 1, 4.584905660377358, 1.811320754716981, 0.9166666666666666, 0.9814814814814815]","[0, 1, 4.764705882352941, 1.588235294117647, 1.1538461538461537, 0.9444444444444444]","[0, 0, 0, 0, 0, 0]","[0, 0, 0.0, 0.0, 1, 0.3333333333333333]","[0, 0, 4.471337579617834, 1.3184713375796178, 2.0555555555555554, 5.814814814814815]","[0, 0, 5.117647058823529, 1.3725490196078431, 2.466666666666667, 5.666666666666667]","[0, 0, 0, 0, 0, 0]","[0, 0, 0, 0, 0, 0]","[0, 1, 3.1153846153846154, 1.0, 1.8888888888888888, 1.1818181818181819]","[0, 0, 0, 0, 0, 0]","[0, 1, 7.5, 2.111111111111111, 1.0, 1.0]","[0, 0, 4.978723404255319, 1.4680851063829787, 2.0, 5.222222222222222]","[0, 1, 2.8125, 1.5, 3.0, 0.6666666666666666]","[0, 0, 3.337078651685393, 1.1797752808988764, 4.142857142857143, 5.933333333333334]","[0, 0, 0, 0, 0, 0]","[0, 0, 3.796875, 1.453125, 3.0, 1.641025641025641]","[0, 0, 0, 0, 0, 0]","[0, 0, 4.339285714285714, 1.1785714285714286, 2.5, 1.1666666666666667]"
52,2020-07-05,20200705LGSS0,"[0, 0, 1.588235294117647, 1.023529411764706, 2.1, 4.722222222222222]","[0, 0, 7.5600000000000005, 1.44, 7.0, 1.0416666666666667]","[0, 0, 0, 0, 0, 0]","[0, 0, 3.8571428571428568, 0.8571428571428571, 1, 1.1666666666666667]","[0, 0, 15.0, 2.6666666666666665, 2.0, 1.0]","[0, 0, 3.992957746478873, 1.2676056338028168, 4.166666666666667, 5.916666666666667]","[0, 0, 54.0, 9.0, 1.0, 0.3333333333333333]","[0, 0, 5.0, 1.3333333333333333, 2.25, 0.6923076923076923]","[0, 0, 0.0, 2.0, 1.0, 1.0]","[0, 0, 0, 0, 0, 0]","[0, 0, 4.584905660377358, 1.811320754716981, 0.9166666666666666, 0.9814814814814815]","[0, 1, 4.7368421052631575, 1.4736842105263157, 1.3846153846153846, 1.0]","[0, 0, 0, 0, 0, 0]","[0, 0, 0.0, 0.0, 1, 0.3333333333333333]","[0, 0, 4.471337579617834, 1.3184713375796178, 2.0555555555555554, 5.814814814814815]","[0, 0, 5.117647058823529, 1.3725490196078431, 2.466666666666667, 5.666666666666667]","[0, 0, 0, 0, 0, 0]","[0, 0, 0, 0, 0, 0]","[0, 1, 2.927710843373494, 0.9759036144578312, 2.0, 1.2028985507246377]","[0, 0, 0, 0, 0, 0]","[0, 0, 7.5, 2.111111111111111, 1.0, 1.0]","[0, 0, 4.978723404255319, 1.4680851063829787, 2.0, 5.222222222222222]","[0, 1, 3.8571428571428568, 1.5918367346938778, 2.5714285714285716, 0.6533333333333333]","[1, 0, 2.560344827586207, 1.0344827586206897, 3.888888888888889, 6.444444444444444]","[0, 0, 0, 0, 0, 0]","[0, 0, 3.796875, 1.453125, 3.0, 1.641025641025641]","[0, 0, 0, 0, 0, 0]","[0, 0, 4.339285714285714, 1.1785714285714286, 2.5, 1.1666666666666667]"
53,2020-07-07,20200707LGOB0,"[0, 0, 1.588235294117647, 1.023529411764706, 2.1, 4.722222222222222]","[0, 1, 7.425000000000001, 1.7249999999999999, 2.6666666666666665, 1.4814814814814816]","[0, 0, 0, 0, 0, 0]","[0, 0, 3.8571428571428568, 0.8571428571428571, 1, 1.1666666666666667]","[0, 0, 15.0, 2.6666666666666665, 2.0, 1.0]","[0, 0, 3.992957746478873, 1.2676056338028168, 4.166666666666667, 5.916666666666667]","[0, 0, 54.0, 9.0, 1.0, 0.3333333333333333]","[0, 1, 4.821428571428571, 1.2857142857142856, 2.5, 0.6666666666666667]","[0, 0, 0.0, 2.0, 1.0, 1.0]","[0, 0, 0, 0, 0, 0]","[0, 1, 4.5, 1.8888888888888888, 0.9230769230769231, 0.9473684210526315]","[0, 0, 4.7368421052631575, 1.4736842105263157, 1.3846153846153846, 1.0]","[0, 0, 0, 0, 0, 0]","[0, 0, 0.0, 0.0, 1, 0.3333333333333333]","[0, 0, 4.471337579617834, 1.3184713375796178, 2.0555555555555554, 5.814814814814815]","[0, 0, 5.117647058823529, 1.3725490196078431, 2.466666666666667, 5.666666666666667]","[0, 0, 0, 0, 0, 0]","[0, 0, 0, 0, 0, 0]","[0, 0, 2.927710843373494, 0.9759036144578312, 2.0, 1.2028985507246377]","[0, 0, 0, 0, 0, 0]","[0, 0, 7.5, 2.111111111111111, 1.0, 1.0]","[1, 0, 5.538461538461538, 1.5192307692307692, 2.130434782608696, 5.2]","[0, 0, 3.8571428571428568, 1.5918367346938778, 2.5714285714285716, 0.6533333333333333]","[0, 0, 2.560344827586207, 1.0344827586206897, 3.888888888888889, 6.444444444444444]","[0, 0, 0, 0, 0, 0]","[0, 1, 3.6818181818181817, 1.4090909090909092, 3.0, 1.5714285714285714]","[0, 0, 0, 0, 0, 0]","[0, 0, 4.339285714285714, 1.1785714285714286, 2.5, 1.1666666666666667]"
54,2020-07-08,20200708LGOB0,"[0, 0, 1.588235294117647, 1.023529411764706, 2.1, 4.722222222222222]","[0, 0, 7.425000000000001, 1.7249999999999999, 2.6666666666666665, 1.4814814814814816]","[0, 0, 0, 0, 0, 0]","[0, 0, 3.8571428571428568, 0.8571428571428571, 1, 1.1666666666666667]","[0, 0, 15.0, 2.6666666666666665, 2.0, 1.0]","[0, 0, 3.992957746478873, 1.2676056338028168, 4.166666666666667, 5.916666666666667]","[0, 0, 54.0, 9.0, 1.0, 0.3333333333333333]","[0, 0, 4.821428571428571, 1.2857142857142856, 2.5, 0.6666666666666667]","[0, 0, 0.0, 2.0, 1.0, 1.0]","[0, 0, 0, 0, 0, 0]","[0, 0, 4.5, 1.8888888888888888, 0.9230769230769231, 0.9473684210526315]","[0, 1, 4.949999999999999, 1.5, 1.3846153846153846, 1.0]","[0, 0, 0, 0, 0, 0]","[0, 0, 0.0, 0.0, 1, 0.3333333333333333]","[0, 0, 4.471337579617834, 1.3184713375796178, 2.0555555555555554, 5.814814814814815]","[1, 0, 4.894736842105263, 1.3859649122807018, 2.5625, 5.7]","[0, 0, 0, 0, 0, 0]","[0, 0, 0, 0, 0, 0]","[0, 1, 2.8255813953488373, 0.9767441860465116, 2.0, 1.1944444444444444]","[0, 0, 0, 0, 0, 0]","[0, 0, 7.5, 2.111111111111111, 1.0, 1.0]","[0, 0, 5.538461538461538, 1.5192307692307692, 2.130434782608696, 5.2]","[0, 1, 3.6346153846153846, 1.5576923076923077, 2.5714285714285716, 0.6666666666666666]","[0, 0, 2.560344827586207, 1.0344827586206897, 3.888888888888889, 6.444444444444444]","[0, 0, 0, 0, 0, 0]","[0, 0, 3.6818181818181817, 1.4090909090909092, 3.0, 1.5714285714285714]","[0, 0, 0, 0, 0, 0]","[0, 0, 4.339285714285714, 1.1785714285714286, 2.5, 1.1666666666666667]"
55,2020-07-09,20200709LGOB0,"[0, 0, 1.588235294117647, 1.023529411764706, 2.1, 4.722222222222222]","[0, 0, 7.425000000000001, 1.7249999999999999, 2.6666666666666665, 1.4814814814814816]","[0, 0, 0, 0, 0, 0]","[0, 0, 3.8571428571428568, 0.8571428571428571, 1, 1.1666666666666667]","[0, 0, 15.0, 2.6666666666666665, 2.0, 1.0]","[0, 0, 3.992957746478873, 1.2676056338028168, 4.166666666666667, 5.916666666666667]","[0, 0, 54.0, 9.0, 1.0, 0.3333333333333333]","[0, 1, 4.090909090909091, 1.0909090909090908, 2.5, 0.7333333333333333]","[0, 0, 0.0, 2.0, 1.0, 1.0]","[0, 0, 0, 0, 0, 0]","[0, 0, 4.5, 1.8888888888888888, 0.9230769230769231, 0.9473684210526315]","[0, 0, 4.949999999999999, 1.5, 1.3846153846153846, 1.0]","[0, 0, 0, 0, 0, 0]","[0, 0, 0.0, 0.0, 1, 0.3333333333333333]","[1, 0, 4.474285714285714, 1.3714285714285714, 2.263157894736842, 5.833333333333334]","[0, 0, 4.894736842105263, 1.3859649122807018, 2.5625, 5.7]","[0, 0, 0, 0, 0, 0]","[0, 0, 0, 0, 0, 0]","[0, 0, 2.8255813953488373, 0.9767441860465116, 2.0, 1.1944444444444444]","[0, 0, 0, 0, 0, 0]","[0, 0, 7.5, 2.111111111111111, 1.0, 1.0]","[0, 0, 5.538461538461538, 1.5192307692307692, 2.130434782608696, 5.2]","[0, 0, 3.6346153846153846, 1.5576923076923077, 2.5714285714285716, 0.6666666666666666]","[0, 0, 2.560344827586207, 1.0344827586206897, 3.888888888888889, 6.444444444444444]","[0, 1, 0, 0, 0, 0]","[0, 0, 3.6818181818181817, 1.4090909090909092, 3.0, 1.5714285714285714]","[0, 0, 0, 0, 0, 0]","[0, 1, 5.491525423728814, 1.3728813559322033, 2.5, 1.1568627450980393]"
56,2020-07-10,20200710NCLG0,"[0, 0, 1.588235294117647, 1.023529411764706, 2.1, 4.722222222222222]","[0, 0, 7.425000000000001, 1.7249999999999999, 2.6666666666666665, 1.4814814814814816]","[0, 0, 0, 0, 0, 0]","[0, 0, 3.8571428571428568, 0.8571428571428571, 1, 1.1666666666666667]","[0, 0, 15.0, 2.6666666666666665, 2.0, 1.0]","[1, 0, 4.141104294478527, 1.3067484662576687, 3.857142857142857, 6.037037037037037]","[0, 0, 54.0, 9.0, 1.0, 0.3333333333333333]","[0, 0, 4.090909090909091, 1.0909090909090908, 2.5, 0.7333333333333333]","[0, 0, 0.0, 2.0, 1.0, 1.0]","[0, 0, 0, 0, 0, 0]","[0, 1, 4.821428571428571, 1.9285714285714284, 0.9230769230769231, 0.9333333333333333]","[0, 0, 4.949999999999999, 1.5, 1.3846153846153846, 1.0]","[0, 0, 0, 0, 0, 0]","[0, 0, 0.0, 0.0, 1, 0.3333333333333333]","[0, 0, 4.474285714285714, 1.3714285714285714, 2.263157894736842, 5.833333333333334]","[0, 0, 4.894736842105263, 1.3859649122807018, 2.5625, 5.7]","[0, 0, 0, 0, 0, 0]","[0, 0, 0, 0, 0, 0]","[0, 0, 2.8255813953488373, 0.9767441860465116, 2.0, 1.1944444444444444]","[0, 0, 0, 0, 0, 0]","[0, 0, 7.5, 2.111111111111111, 1.0, 1.0]","[0, 0, 5.538461538461538, 1.5192307692307692, 2.130434782608696, 5.2]","[0, 0, 3.6346153846153846, 1.5576923076923077, 2.5714285714285716, 0.6666666666666666]","[0, 0, 2.560344827586207, 1.0344827586206897, 3.888888888888889, 6.444444444444444]","[0, 1, 27.0, 3.0, 0, 0.3333333333333333]","[0, 0, 3.6818181818181817, 1.4090909090909092, 3.0, 1.5714285714285714]","[0, 0, 0, 0, 0, 0]","[0, 1, 6.19672131147541, 1.4262295081967213, 2.5, 1.1296296296296295]"
57,2020-07-11,20200711NCLG0,"[1, 0, 1.6199999999999999, 1.17, 1.6666666666666667, 4.761904761904762]","[0, 0, 7.425000000000001, 1.7249999999999999, 2.6666666666666665, 1.4814814814814816]","[0, 0, 0, 0, 0, 0]","[0, 0, 3.8571428571428568, 0.8571428571428571, 1, 1.1666666666666667]","[0, 0, 15.0, 2.6666666666666665, 2.0, 1.0]","[0, 0, 4.141104294478527, 1.3067484662576687, 3.857142857142857, 6.037037037037037]","[0, 0, 54.0, 9.0, 1.0, 0.3333333333333333]","[0, 0, 4.090909090909091, 1.0909090909090908, 2.5, 0.7333333333333333]","[0, 0, 0.0, 2.0, 1.0, 1.0]","[0, 0, 0, 0, 0, 0]","[0, 0, 4.821428571428571, 1.9285714285714284, 0.9230769230769231, 0.9333333333333333]","[0, 1, 4.868852459016393, 1.5737704918032789, 1.2857142857142858, 0.9682539682539681]","[0, 0, 0, 0, 0, 0]","[0, 1, 6.75, 1.5, 2, 0.6666666666666666]","[0, 0, 4.474285714285714, 1.3714285714285714, 2.263157894736842, 5.833333333333334]","[0, 0, 4.894736842105263, 1.3859649122807018, 2.5625, 5.7]","[0, 0, 0, 0, 0, 0]","[0, 0, 0, 0, 0, 0]","[0, 1, 3.337078651685393, 1.0786516853932584, 1.9, 1.1866666666666668]","[0, 0, 0, 0, 0, 0]","[0, 0, 7.5, 2.111111111111111, 1.0, 1.0]","[0, 0, 5.538461538461538, 1.5192307692307692, 2.130434782608696, 5.2]","[0, 1, 3.31578947368421, 1.5263157894736843, 2.7142857142857144, 0.7037037037037037]","[0, 0, 2.560344827586207, 1.0344827586206897, 3.888888888888889, 6.444444444444444]","[0, 0, 27.0, 3.0, 0, 0.3333333333333333]","[0, 1, 3.9705882352941178, 1.4558823529411764, 3.0, 1.5111111111111113]","[0, 0, 0, 0, 0, 0]","[0, 0, 6.19672131147541, 1.4262295081967213, 2.5, 1.1296296296296295]"
58,2020-07-14,20200714LGLT0,"[0, 0, 1.6199999999999999, 1.17, 1.6666666666666667, 4.761904761904762]","[0, 0, 7.425000000000001, 1.7249999999999999, 2.6666666666666665, 1.4814814814814816]","[0, 0, 0, 0, 0, 0]","[0, 0, 3.8571428571428568, 0.8571428571428571, 1, 1.1666666666666667]","[0, 0, 15.0, 2.6666666666666665, 2.0, 1.0]","[0, 0, 4.141104294478527, 1.3067484662576687, 3.857142857142857, 6.037037037037037]","[0, 0, 54.0, 9.0, 1.0, 0.3333333333333333]","[0, 0, 4.090909090909091, 1.0909090909090908, 2.5, 0.7333333333333333]","[0, 0, 0.0, 2.0, 1.0, 1.0]","[0, 0, 0, 0, 0, 0]","[0, 0, 4.821428571428571, 1.9285714285714284, 0.9230769230769231, 0.9333333333333333]","[0, 0, 4.868852459016393, 1.5737704918032789, 1.2857142857142858, 0.9682539682539681]","[0, 0, 0, 0, 0, 0]","[0, 1, 5.4, 1.7999999999999998, 2, 0.5555555555555556]","[0, 0, 4.474285714285714, 1.3714285714285714, 2.263157894736842, 5.833333333333334]","[1, 0, 4.857142857142857, 1.3968253968253967, 3.0, 5.7272727272727275]","[0, 0, 0, 0, 0, 0]","[0, 0, 0, 0, 0, 0]","[0, 0, 3.337078651685393, 1.0786516853932584, 1.9, 1.1866666666666668]","[0, 0, 0, 0, 0, 0]","[0, 0, 7.5, 2.111111111111111, 1.0, 1.0]","[0, 0, 5.538461538461538, 1.5192307692307692, 2.130434782608696, 5.2]","[0, 0, 3.31578947368421, 1.5263157894736843, 2.7142857142857144, 0.7037037037037037]","[0, 0, 2.560344827586207, 1.0344827586206897, 3.888888888888889, 6.444444444444444]","[0, 0, 27.0, 3.0, 0, 0.3333333333333333]","[0, 0, 3.9705882352941178, 1.4558823529411764, 3.0, 1.5111111111111113]","[0, 0, 0, 0, 0, 0]","[0, 1, 6.136363636363636, 1.3636363636363635, 2.75, 1.1578947368421053]"
59,2020-07-15,20200715LGLT0,"[0, 0, 1.6199999999999999, 1.17, 1.6666666666666667, 4.761904761904762]","[0, 0, 7.425000000000001, 1.7249999999999999, 2.6666666666666665, 1.4814814814814816]","[0, 0, 0, 0, 0, 0]","[0, 0, 3.8571428571428568, 0.8571428571428571, 1, 1.1666666666666667]","[0, 0, 15.0, 2.6666666666666665, 2.0, 1.0]","[0, 0, 4.141104294478527, 1.3067484662576687, 3.857142857142857, 6.037037037037037]","[0, 0, 54.0, 9.0, 1.0, 0.3333333333333333]","[0, 0, 4.090909090909091, 1.0909090909090908, 2.5, 0.7333333333333333]","[0, 0, 0.0, 2.0, 1.0, 1.0]","[0, 0, 0, 0, 0, 0]","[0, 0, 4.821428571428571, 1.9285714285714284, 0.9230769230769231, 0.9333333333333333]","[0, 1, 5.90625, 1.640625, 1.3571428571428572, 0.9696969696969696]","[0, 0, 0, 0, 0, 0]","[0, 0, 5.4, 1.7999999999999998, 2, 0.5555555555555556]","[1, 0, 4.476683937823834, 1.383419689119171, 2.25, 5.848484848484848]","[0, 0, 4.857142857142857, 1.3968253968253967, 3.0, 5.7272727272727275]","[0, 0, 0, 0, 0, 0]","[0, 0, 0, 0, 0, 0]","[0, 0, 3.337078651685393, 1.0786516853932584, 1.9, 1.1866666666666668]","[0, 0, 0, 0, 0, 0]","[0, 0, 7.5, 2.111111111111111, 1.0, 1.0]","[0, 0, 5.538461538461538, 1.5192307692307692, 2.130434782608696, 5.2]","[0, 0, 3.31578947368421, 1.5263157894736843, 2.7142857142857144, 0.7037037037037037]","[0, 0, 2.560344827586207, 1.0344827586206897, 3.888888888888889, 6.444444444444444]","[0, 0, 27.0, 3.0, 0, 0.3333333333333333]","[0, 1, 3.802816901408451, 1.3943661971830985, 3.2, 1.4791666666666667]","[0, 0, 0, 0, 0, 0]","[0, 0, 6.136363636363636, 1.3636363636363635, 2.75, 1.1578947368421053]"
60,2020-07-16,20200716LGLT0,"[0, 0, 1.6199999999999999, 1.17, 1.6666666666666667, 4.761904761904762]","[0, 0, 7.425000000000001, 1.7249999999999999, 2.6666666666666665, 1.4814814814814816]","[0, 0, 0, 0, 0, 0]","[0, 0, 3.8571428571428568, 0.8571428571428571, 1, 1.1666666666666667]","[0, 0, 15.0, 2.6666666666666665, 2.0, 1.0]","[0, 0, 4.141104294478527, 1.3067484662576687, 3.857142857142857, 6.037037037037037]","[0, 0, 54.0, 9.0, 1.0, 0.3333333333333333]","[0, 1, 3.75, 1.1666666666666667, 2.2, 0.75]","[0, 0, 0.0, 2.0, 1.0, 1.0]","[0, 0, 0, 0, 0, 0]","[0, 0, 4.821428571428571, 1.9285714285714284, 0.9230769230769231, 0.9333333333333333]","[0, 0, 5.90625, 1.640625, 1.3571428571428572, 0.9696969696969696]","[0, 0, 0, 0, 0, 0]","[0, 1, 16.2, 4.8, 1.0, 0.4166666666666667]","[0, 0, 4.476683937823834, 1.383419689119171, 2.25, 5.848484848484848]","[0, 0, 4.857142857142857, 1.3968253968253967, 3.0, 5.7272727272727275]","[0, 0, 0, 0, 0, 0]","[0, 0, 0, 0, 0, 0]","[0, 0, 3.337078651685393, 1.0786516853932584, 1.9, 1.1866666666666668]","[0, 0, 0, 0, 0, 0]","[0, 0, 7.5, 2.111111111111111, 1.0, 1.0]","[0, 0, 5.538461538461538, 1.5192307692307692, 2.130434782608696, 5.2]","[0, 0, 3.31578947368421, 1.5263157894736843, 2.7142857142857144, 0.7037037037037037]","[1, 0, 2.6194029850746268, 1.0746268656716418, 4.2, 6.3809523809523805]","[0, 0, 27.0, 3.0, 0, 0.3333333333333333]","[0, 0, 3.802816901408451, 1.3943661971830985, 3.2, 1.4791666666666667]","[0, 0, 0, 0, 0, 0]","[0, 1, 5.869565217391304, 1.3043478260869565, 3.0, 1.15]"
61,2020-07-17,20200717HHLG0,"[0, 0, 1.6199999999999999, 1.17, 1.6666666666666667, 4.761904761904762]","[0, 0, 7.425000000000001, 1.7249999999999999, 2.6666666666666665, 1.4814814814814816]","[0, 0, 0, 0, 0, 0]","[0, 0, 3.8571428571428568, 0.8571428571428571, 1, 1.1666666666666667]","[0, 0, 15.0, 2.6666666666666665, 2.0, 1.0]","[1, 0, 4.474285714285714, 1.3371428571428572, 3.8, 5.833333333333334]","[0, 1, 36.0, 5.0, 0.3333333333333333, 0.5]","[0, 1, 3.6486486486486487, 1.135135135135135, 2.4, 0.7254901960784315]","[0, 0, 0.0, 2.0, 1.0, 1.0]","[0, 0, 0, 0, 0, 0]","[0, 0, 4.821428571428571, 1.9285714285714284, 0.9230769230769231, 0.9333333333333333]","[0, 0, 5.90625, 1.640625, 1.3571428571428572, 0.9696969696969696]","[0, 0, 0, 0, 0, 0]","[0, 0, 16.2, 4.8, 1.0, 0.4166666666666667]","[0, 0, 4.476683937823834, 1.383419689119171, 2.25, 5.848484848484848]","[0, 0, 4.857142857142857, 1.3968253968253967, 3.0, 5.7272727272727275]","[0, 0, 0, 0, 0, 0]","[0, 0, 0, 0, 0, 0]","[0, 0, 3.337078651685393, 1.0786516853932584, 1.9, 1.1866666666666668]","[0, 0, 0, 0, 0, 0]","[0, 0, 7.5, 2.111111111111111, 1.0, 1.0]","[0, 0, 5.538461538461538, 1.5192307692307692, 2.130434782608696, 5.2]","[0, 1, 3.098360655737705, 1.4754098360655739, 2.857142857142857, 0.7261904761904762]","[0, 0, 2.6194029850746268, 1.0746268656716418, 4.2, 6.3809523809523805]","[0, 0, 27.0, 3.0, 0, 0.3333333333333333]","[0, 1, 3.9078947368421053, 1.4210526315789473, 2.8333333333333335, 1.4901960784313726]","[0, 0, 0, 0, 0, 0]","[0, 0, 5.869565217391304, 1.3043478260869565, 3.0, 1.15]"
62,2020-07-18,20200718HHLG0,"[0, 0, 1.6199999999999999, 1.17, 1.6666666666666667, 4.761904761904762]","[0, 0, 7.425000000000001, 1.7249999999999999, 2.6666666666666665, 1.4814814814814816]","[0, 0, 0, 0, 0, 0]","[0, 0, 3.8571428571428568, 0.8571428571428571, 1, 1.1666666666666667]","[0, 0, 15.0, 2.6666666666666665, 2.0, 1.0]","[0, 0, 4.474285714285714, 1.3371428571428572, 3.8, 5.833333333333334]","[0, 0, 36.0, 5.0, 0.3333333333333333, 0.5]","[0, 0, 3.6486486486486487, 1.135135135135135, 2.4, 0.7254901960784315]","[0, 0, 0.0, 2.0, 1.0, 1.0]","[0, 0, 0, 0, 0, 0]","[0, 0, 4.821428571428571, 1.9285714285714284, 0.9230769230769231, 0.9333333333333333]","[0, 0, 5.90625, 1.640625, 1.3571428571428572, 0.9696969696969696]","[0, 0, 0, 0, 0, 0]","[0, 0, 16.2, 4.8, 1.0, 0.4166666666666667]","[0, 0, 4.476683937823834, 1.383419689119171, 2.25, 5.848484848484848]","[0, 0, 4.857142857142857, 1.3968253968253967, 3.0, 5.7272727272727275]","[0, 0, 0, 0, 0, 0]","[0, 0, 0, 0, 0, 0]","[0, 1, 3.1595744680851063, 1.021276595744681, 2.1, 1.205128205128205]","[0, 0, 0, 0, 0, 0]","[0, 0, 7.5, 2.111111111111111, 1.0, 1.0]","[1, 0, 6.035294117647059, 1.6058823529411765, 2.0, 5.151515151515151]","[0, 1, 2.953125, 1.40625, 3.2857142857142856, 0.735632183908046]","[0, 0, 2.6194029850746268, 1.0746268656716418, 4.2, 6.3809523809523805]","[0, 0, 27.0, 3.0, 0, 0.3333333333333333]","[0, 0, 3.9078947368421053, 1.4210526315789473, 2.8333333333333335, 1.4901960784313726]","[0, 0, 0, 0, 0, 0]","[0, 0, 5.869565217391304, 1.3043478260869565, 3.0, 1.15]"
63,2020-07-19,20200719HHLG0,"[0, 0, 1.6199999999999999, 1.17, 1.6666666666666667, 4.761904761904762]","[0, 0, 7.425000000000001, 1.7249999999999999, 2.6666666666666665, 1.4814814814814816]","[0, 0, 0, 0, 0, 0]","[0, 0, 3.8571428571428568, 0.8571428571428571, 1, 1.1666666666666667]","[0, 0, 15.0, 2.6666666666666665, 2.0, 1.0]","[0, 0, 4.474285714285714, 1.3371428571428572, 3.8, 5.833333333333334]","[0, 0, 36.0, 5.0, 0.3333333333333333, 0.5]","[0, 0, 3.6486486486486487, 1.135135135135135, 2.4, 0.7254901960784315]","[0, 0, 0.0, 2.0, 1.0, 1.0]","[0, 0, 0, 0, 0, 0]","[0, 0, 4.821428571428571, 1.9285714285714284, 0.9230769230769231, 0.9333333333333333]","[0, 1, 5.5588235294117645, 1.6323529411764706, 1.5714285714285714, 0.9855072463768116]","[0, 0, 0, 0, 0, 0]","[0, 1, 16.875, 4.125, 1.0, 0.5333333333333333]","[0, 0, 4.476683937823834, 1.383419689119171, 2.25, 5.848484848484848]","[1, 0, 4.628571428571429, 1.4, 2.789473684210526, 5.833333333333333]","[0, 0, 0, 0, 0, 0]","[0, 0, 0, 0, 0, 0]","[0, 0, 3.1595744680851063, 1.021276595744681, 2.1, 1.205128205128205]","[0, 0, 0, 0, 0, 0]","[0, 0, 7.5, 2.111111111111111, 1.0, 1.0]","[0, 0, 6.035294117647059, 1.6058823529411765, 2.0, 5.151515151515151]","[0, 1, 2.907692307692308, 1.4307692307692308, 3.0, 0.7222222222222222]","[0, 0, 2.6194029850746268, 1.0746268656716418, 4.2, 6.3809523809523805]","[0, 0, 27.0, 3.0, 0, 0.3333333333333333]","[0, 0, 3.9078947368421053, 1.4210526315789473, 2.8333333333333335, 1.4901960784313726]","[0, 0, 0, 0, 0, 0]","[0, 0, 5.869565217391304, 1.3043478260869565, 3.0, 1.15]"
