게임키,일자,팀코드,상대팀코드,더블헤더코드,초말,완투,결과,홀드,이닝*3,투구 수,타자,타수,안타,2루타,3루타,홈런,도루,도루실패,희타,희비,4구,고4,사구,삼진,병살타,폭투,보크,실책,실점,자책점,득점권WHIP,2점차이하WHIP,345번타자WHIP
20200505HHSK0,2020-05-05,SK,HH,0,B,0,L,0,27,115,35,31,8,3,0,0,0,1,2,0,2,0,0,5,1,0,0,0,3,3,1.5,1.2,1.333333333
20200505HHSK0,2020-05-05,HH,SK,0,T,1,W,0,27,101,30,29,2,0,0,0,0,0,0,0,1,0,0,2,0,0,0,0,0,0,0.0,0.0,0.75
20200505LTKT0,2020-05-05,KT,LT,0,B,0,L,0,27,154,37,32,7,1,0,2,0,0,0,1,4,0,0,9,1,0,0,0,7,7,3.0,1.285714286,1.875
20200505LTKT0,2020-05-05,LT,KT,0,T,0,W,0,27,155,35,30,5,1,0,1,0,1,0,0,5,0,0,8,1,0,0,0,2,2,0.0,1.0,2.571428571
20200505NCSS0,2020-05-05,SS,NC,0,B,0,L,0,27,144,35,33,7,2,0,3,0,0,0,0,2,0,0,9,0,0,0,0,4,4,1.5,1.058823529,2.142857143
20200505NCSS0,2020-05-05,NC,SS,0,T,0,W,0,27,134,36,30,3,0,0,0,0,1,0,0,6,0,0,8,0,1,0,0,0,0,0.6,1.0,3.0
20200505OBLG0,2020-05-05,LG,OB,0,B,0,W,2,27,148,34,30,6,1,0,1,0,0,0,1,3,0,0,9,1,0,0,0,2,2,0.0,0.75,1.5
20200505OBLG0,2020-05-05,OB,LG,0,T,0,L,0,24,146,36,30,10,6,1,1,1,1,0,0,5,0,1,6,1,2,0,0,8,8,3.5,1.285714286,3.0
20200505WOHT0,2020-05-05,HT,WO,0,B,0,L,0,27,186,44,38,12,3,0,2,0,0,0,0,6,0,0,5,1,0,0,0,11,11,7.0,2.142857143,3.428571429
20200505WOHT0,2020-05-05,WO,HT,0,T,0,W,0,27,154,37,32,6,1,0,0,0,0,0,0,4,0,1,7,2,0,0,0,2,0,1.0,1.5,1.875
20200506HHSK0,2020-05-06,SK,HH,0,B,0,W,1,27,138,35,31,5,1,0,1,0,0,0,0,4,0,0,5,1,1,0,0,2,2,1.2,0.333333333,1.875
20200506HHSK0,2020-05-06,HH,SK,0,T,0,L,0,24,144,37,33,9,3,0,2,3,0,1,0,3,0,0,8,0,2,0,0,5,5,1.2,2.625,1.5
20200506LTKT0,2020-05-06,KT,LT,0,B,0,L,0,27,153,41,36,12,2,0,1,1,1,0,3,1,0,1,6,0,2,0,0,9,9,0.75,1.5,0.461538462
20200506LTKT0,2020-05-06,LT,KT,0,T,0,W,0,27,122,38,35,8,2,0,1,1,0,0,1,2,0,0,3,0,0,0,0,4,3,0.333333333,0.5,0.666666667
20200506NCSS0,2020-05-06,SS,NC,0,B,0,L,0,27,155,40,33,8,1,0,2,2,2,0,0,6,0,1,8,0,0,0,0,4,4,1.0,1.5,1.333333333
20200506NCSS0,2020-05-06,NC,SS,0,T,0,W,4,27,145,34,32,5,1,0,3,0,0,0,0,1,0,1,11,0,0,0,0,3,3,0.0,0.375,0.3
20200506OBLG0,2020-05-06,LG,OB,0,B,0,L,0,27,144,37,35,12,1,0,1,0,0,0,1,1,0,0,3,2,0,0,0,5,5,1.5,3.0,1.875
20200506OBLG0,2020-05-06,OB,LG,0,T,0,W,1,27,136,36,33,6,0,0,0,1,0,0,0,2,0,1,6,1,0,0,0,2,1,0.375,1.0,1.714285714
20200506WOHT0,2020-05-06,HT,WO,0,B,0,L,0,27,142,35,31,7,1,1,0,1,0,1,2,1,0,0,11,0,0,0,0,3,2,0.428571429,0.8888888890000001,1.0
20200506WOHT0,2020-05-06,WO,HT,0,T,0,W,1,27,118,37,35,9,2,0,1,0,0,1,0,1,0,0,9,0,0,0,0,2,2,1.2,1.111111111,1.0
20200507HHSK0,2020-05-07,SK,HH,0,B,0,L,0,27,165,42,37,13,1,0,0,4,0,0,0,5,0,0,7,3,1,0,0,8,8,3.857142857,2.823529412,2.333333333
20200507HHSK0,2020-05-07,HH,SK,0,T,0,W,0,27,164,45,39,15,2,2,0,0,0,0,0,4,0,2,8,3,1,0,0,4,4,1.2,2.0,7.5
20200507LTKT0,2020-05-07,KT,LT,0,B,0,L,0,27,157,45,40,14,2,0,1,0,0,1,0,4,0,0,3,1,1,0,0,7,6,1.363636364,2.076923077,1.090909091
20200507LTKT0,2020-05-07,LT,KT,0,T,0,W,2,27,139,35,33,7,2,0,0,0,1,0,0,2,0,0,4,0,2,0,0,3,3,0.333333333,1.125,2.142857143
20200507NCSS0,2020-05-07,SS,NC,0,B,0,L,0,27,170,44,35,9,2,0,1,0,0,1,1,5,0,2,6,0,0,0,0,8,7,1.636363636,1.714285714,0.9
20200507NCSS0,2020-05-07,NC,SS,0,T,0,W,0,27,151,38,32,5,1,0,0,0,0,0,0,5,0,1,8,0,1,0,0,2,2,0.666666667,1.0,1.0
20200507OBLG0,2020-05-07,LG,OB,0,B,0,L,0,27,152,42,40,14,2,0,1,0,1,0,1,0,0,1,4,0,0,0,0,9,6,1.125,2.307692308,2.142857143
20200507OBLG0,2020-05-07,OB,LG,0,T,0,W,0,27,136,34,30,7,2,0,0,0,0,1,1,2,0,0,7,1,0,0,0,3,3,0.6,1.5,1.2
20200507WOHT0,2020-05-07,HT,WO,0,B,0,W,0,27,141,38,34,9,4,0,1,1,0,0,1,3,0,0,6,0,0,0,0,5,5,1.25,1.173913043,1.5
20200507WOHT0,2020-05-07,WO,HT,0,T,0,L,2,24,162,43,38,16,2,0,2,0,0,0,0,4,0,1,7,2,0,0,0,8,8,1.8,2.285714286,5.0
20200508HHWO0,2020-05-08,WO,HH,0,B,0,W,1,27,130,33,31,6,0,0,1,0,1,0,0,2,0,0,7,1,0,0,0,3,3,1.5,0.409090909,0.230769231
20200508HHWO0,2020-05-08,HH,WO,0,T,0,L,0,24,141,38,34,10,0,1,2,0,0,0,0,3,0,1,6,0,1,0,1,5,5,2.4,1.736842105,6.0
20200508HTSS0,2020-05-08,SS,HT,0,B,0,W,0,27,142,36,30,5,1,0,0,0,1,0,0,6,0,0,9,1,1,0,0,0,0,0.428571429,1.0,1.333333333
20200508HTSS0,2020-05-08,HT,SS,0,T,0,L,0,24,149,37,30,6,3,0,1,1,2,0,0,7,0,0,6,0,0,0,0,5,4,1.5,1.333333333,2.571428571
20200508KTOB0,2020-05-08,OB,KT,0,B,0,L,0,27,194,51,47,22,4,1,1,0,0,0,1,2,0,1,7,0,0,0,0,12,12,1.75,3.0,4.714285714
20200508KTOB0,2020-05-08,KT,OB,0,T,0,W,0,27,142,38,34,8,3,0,0,0,0,0,1,3,0,0,3,0,0,0,0,3,3,1.0,1.25,3.0
20200508LGNC0,2020-05-08,NC,LG,0,B,0,W,0,27,139,41,34,9,3,0,0,0,0,0,1,4,0,2,9,0,0,0,0,5,5,1.0,1.0,2.333333333
20200508LGNC0,2020-05-08,LG,NC,0,T,0,L,0,24,189,44,37,13,3,1,2,1,0,0,0,7,0,0,4,0,0,0,0,13,13,3.375,2.538461538,2.625
20200508SKLT0,2020-05-08,LT,SK,0,B,0,W,0,30,157,45,40,13,3,1,2,4,0,1,2,2,0,0,7,0,0,0,0,8,8,2.0,1.578947368,1.090909091
20200508SKLT0,2020-05-08,SK,LT,0,T,0,L,1,28,174,43,39,13,4,0,4,1,1,0,1,2,0,1,10,0,2,0,0,9,9,1.285714286,0.833333333,2.625
20200509HHWO0,2020-05-09,WO,HH,0,B,0,W,2,27,135,36,33,10,2,0,1,0,1,1,0,1,0,1,4,1,1,0,0,3,3,0.857142857,1.222222222,0.6
20200509HHWO0,2020-05-09,HH,WO,0,T,0,L,0,24,158,36,28,4,0,0,1,2,0,0,0,7,0,1,8,0,1,0,0,5,4,3.75,1.375,0.666666667
20200509HTSS0,2020-05-09,SS,HT,0,B,0,W,3,27,158,35,29,7,2,0,1,0,0,0,0,4,0,2,4,4,0,0,1,2,2,1.5,1.428571429,2.142857143
20200509HTSS0,2020-05-09,HT,SS,0,T,0,L,0,24,190,46,36,13,3,1,0,1,1,0,1,7,1,2,9,0,1,1,0,14,13,5.1428571430000005,1.263157895,2.0
20200510HHWO0,2020-05-10,WO,HH,0,B,0,W,1,27,136,36,35,12,1,0,1,1,0,0,0,1,0,0,7,1,1,0,0,3,3,0.375,1.714285714,2.25
20200510HHWO0,2020-05-10,HH,WO,0,T,0,L,0,24,146,35,31,8,2,1,0,0,0,0,1,3,1,0,6,0,0,0,0,6,5,1.875,2.076923077,0.9
20200510HTSS0,2020-05-10,SS,HT,0,B,0,L,0,27,183,49,42,15,4,0,2,0,0,0,1,5,0,1,7,1,0,0,1,12,8,3.0,2.181818182,3.375
20200510HTSS0,2020-05-10,HT,SS,0,T,0,W,0,27,132,35,31,6,2,0,2,0,0,0,1,3,0,0,6,1,0,0,0,3,3,0.0,1.333333333,1.0
20200510KTOB0,2020-05-10,OB,KT,0,B,0,W,1,33,198,52,48,16,2,0,3,0,0,0,1,3,0,0,8,0,0,0,0,12,12,3.857142857,1.333333333,0.857142857
20200510KTOB0,2020-05-10,KT,OB,0,T,0,L,0,31,209,55,49,18,1,0,3,0,1,0,0,6,0,0,4,0,1,0,1,13,12,3.5,2.2,0.857142857
20200510LGNC0,2020-05-10,NC,LG,0,B,0,L,1,27,202,46,40,15,4,0,4,3,0,0,1,5,0,0,6,1,2,0,0,10,10,2.0,2.25,2.333333333
20200510LGNC0,2020-05-10,LG,NC,0,T,0,W,1,27,162,43,38,12,2,0,1,0,0,0,1,3,0,1,6,1,0,0,0,8,7,1.875,12.0,2.25
20200510SKLT0,2020-05-10,LT,SK,0,B,0,W,0,27,108,29,29,3,1,0,0,0,0,0,0,0,0,0,12,1,0,0,0,0,0,0.0,0.428571429,0.0
20200510SKLT0,2020-05-10,SK,LT,0,T,0,L,0,24,125,33,29,6,0,0,1,0,1,0,0,4,0,0,4,1,1,0,1,4,4,1.0,1.105263158,1.0
20200512HTHH0,2020-05-12,HH,HT,0,B,0,L,0,27,124,34,30,4,1,0,1,1,0,0,1,3,0,0,8,0,0,0,0,2,2,0.0,0.7777777779999999,1.5
20200512HTHH0,2020-05-12,HT,HH,0,T,0,W,0,27,129,35,33,8,1,0,0,0,1,0,0,2,0,0,8,1,0,1,1,1,1,0.6,1.111111111,0.818181818
20200512KTNC0,2020-05-12,NC,KT,0,B,0,W,0,30,174,46,43,14,1,0,2,0,1,0,0,3,0,0,11,0,2,0,0,6,6,2.0,1.68,2.333333333
20200512KTNC0,2020-05-12,KT,NC,0,T,0,L,3,27,175,41,39,12,1,0,3,0,0,0,0,1,0,1,10,0,2,0,0,7,7,1.2,0.954545455,2.0
20200512OBLT0,2020-05-12,LT,OB,0,B,0,L,0,27,166,44,41,20,5,0,2,0,2,0,0,3,0,0,3,2,0,0,0,11,11,1.909090909,7.5,5.5
20200512OBLT0,2020-05-12,OB,LT,0,T,0,W,1,27,174,44,42,15,3,0,1,1,0,0,0,2,0,0,7,0,0,0,0,6,6,1.071428571,1.2,4.5
20200512SKLG0,2020-05-12,LG,SK,0,B,0,W,0,27,165,39,34,9,3,0,1,0,0,0,1,3,0,1,9,1,0,0,0,5,5,0.0,1.0,2.142857143
20200512SKLG0,2020-05-12,SK,LG,0,T,0,L,0,24,150,39,37,12,1,1,1,1,0,0,0,2,0,0,7,0,1,0,0,9,6,1.714285714,3.0,1.5
20200512SSWO0,2020-05-12,WO,SS,0,B,0,W,2,27,126,31,31,6,0,0,0,2,1,0,0,0,0,0,9,2,0,0,0,2,0,1.5,0.666666667,0.6
20200512SSWO0,2020-05-12,SS,WO,0,T,0,L,0,24,123,34,30,7,2,0,1,1,1,0,0,2,1,2,4,0,0,0,1,3,2,1.8,1.125,1.0
20200513HTHH0,2020-05-13,HH,HT,0,B,0,L,0,27,159,40,33,8,2,0,0,1,1,0,0,7,0,0,12,2,1,0,0,4,3,1.125,1.666666667,1.5
20200513HTHH0,2020-05-13,HT,HH,0,T,0,W,3,27,145,38,35,9,2,0,0,2,0,0,0,2,0,1,6,1,0,0,1,3,3,3.0,1.222222222,0.545454545
20200513KTNC0,2020-05-13,NC,KT,0,B,0,W,0,30,165,39,35,8,0,1,2,0,1,2,0,2,0,0,7,0,1,0,0,4,3,0.428571429,1.0,1.875
20200513KTNC0,2020-05-13,KT,NC,0,T,0,L,0,29,175,44,37,11,1,0,2,1,0,1,1,3,1,2,5,0,0,0,0,5,4,1.714285714,1.4482758619999998,1.2
20200513OBLT0,2020-05-13,LT,OB,0,B,0,W,0,27,163,42,35,9,1,0,3,0,1,0,0,7,0,0,5,0,0,0,0,9,9,1.2,2.25,3.428571429
20200513OBLT0,2020-05-13,OB,LT,0,T,0,L,0,24,163,44,35,12,4,0,1,1,0,0,0,9,0,0,5,1,1,0,0,10,7,3.375,3.0,5.0
20200513SKLG0,2020-05-13,LG,SK,0,B,0,W,0,27,132,36,34,10,1,0,0,1,0,0,0,2,0,0,8,2,0,0,0,2,2,2.25,0.0,1.333333333
20200513SKLG0,2020-05-13,SK,LG,0,T,0,L,0,24,160,44,36,12,6,0,0,0,0,0,1,6,0,1,5,0,0,0,0,14,7,2.7,2.4,2.625
20200513SSWO0,2020-05-13,WO,SS,0,B,0,L,0,27,100,33,32,5,1,0,1,1,0,1,0,0,0,0,7,0,0,0,0,5,3,2.0,0.545454545,1.0
20200513SSWO0,2020-05-13,SS,WO,0,T,0,W,0,27,134,32,30,2,0,0,0,0,0,0,0,2,0,0,12,0,0,0,0,0,0,1.0,0.428571429,0.3
20200514HTHH0,2020-05-14,HH,HT,0,B,0,W,1,27,126,32,32,5,3,0,0,0,0,0,0,0,0,0,9,0,0,0,0,1,1,0.6,1.0,1.0
20200514HTHH0,2020-05-14,HT,HH,0,T,0,L,0,24,136,34,32,8,3,0,0,1,0,0,0,2,0,0,13,0,0,0,0,4,4,1.8,15.0,1.0
20200514KTNC0,2020-05-14,NC,KT,0,B,0,W,1,27,122,32,31,6,1,0,0,0,1,0,0,1,0,0,11,1,1,0,0,0,0,1.5,0.7777777779999999,0.9
20200514KTNC0,2020-05-14,KT,NC,0,T,0,L,0,24,135,33,31,9,3,0,0,2,0,0,0,2,1,0,10,1,3,0,0,1,1,1.5,1.375,0.9
20200514OBLT0,2020-05-14,LT,OB,0,B,0,L,0,27,166,44,39,13,5,0,2,2,0,0,1,3,0,1,8,0,2,0,0,7,5,1.5,1.833333333,3.428571429
20200514OBLT0,2020-05-14,OB,LT,0,T,0,W,0,27,165,38,34,9,3,0,1,0,0,0,1,2,0,1,8,0,0,0,0,4,4,0.75,1.166666667,6.75
20200514SKLG0,2020-05-14,LG,SK,0,B,0,W,0,27,119,34,31,4,0,0,1,0,0,0,0,3,0,0,11,2,2,0,0,2,2,0.0,0.7777777779999999,1.333333333
20200514SKLG0,2020-05-14,SK,LG,0,T,0,L,0,25,145,36,32,11,2,0,1,2,1,1,0,3,1,0,12,2,0,0,0,3,3,1.090909091,1.68,1.666666667
20200514SSWO0,2020-05-14,WO,SS,0,B,0,L,0,27,152,41,34,14,4,0,1,0,1,1,0,4,0,2,4,1,0,0,0,8,8,2.0,2.1176470590000003,1.636363636
20200514SSWO0,2020-05-14,SS,WO,0,T,0,W,2,27,150,37,35,8,3,0,1,0,0,0,0,2,0,0,8,0,0,0,0,5,5,4.0,0.642857143,1.5
20200515LTHH0,2020-05-15,HH,LT,0,B,0,W,1,27,158,36,33,8,1,0,0,0,1,0,0,3,0,0,3,1,0,0,0,1,1,1.2,1.222222222,1.333333333
20200515LTHH0,2020-05-15,LT,HH,0,T,0,L,0,24,154,33,30,8,2,1,0,0,1,0,0,3,0,0,12,0,0,0,0,2,2,0.75,1.375,1.2
20200515NCSK0,2020-05-15,SK,NC,0,B,0,L,0,30,184,47,40,11,2,0,0,0,0,0,0,5,0,2,11,1,1,0,0,6,6,2.0,1.4482758619999998,0.818181818
20200515NCSK0,2020-05-15,NC,SK,0,T,0,W,3,30,175,38,30,2,1,0,1,0,2,1,0,7,0,0,6,0,1,0,0,2,2,1.5,1.0,1.333333333
20200515OBHT0,2020-05-15,HT,OB,0,B,0,L,0,27,176,47,43,18,3,0,3,0,0,0,0,2,0,2,5,4,0,0,0,13,7,1.909090909,1.909090909,2.0
20200515OBHT0,2020-05-15,OB,HT,0,T,0,W,0,27,168,40,36,8,1,0,0,0,0,0,0,4,0,0,3,0,0,0,1,4,0,1.5,1.666666667,1.2
20200515SSKT0,2020-05-15,KT,SS,0,B,0,W,1,27,137,41,39,12,2,0,0,0,0,0,1,1,0,0,5,0,0,0,0,6,3,1.0,1.285714286,1.2
20200515SSKT0,2020-05-15,SS,KT,0,T,0,L,0,24,171,44,41,16,5,2,3,1,0,0,0,3,1,0,3,0,1,0,0,14,10,2.4,2.368421053,1.5
20200516LTHH0,2020-05-16,HH,LT,0,B,0,L,0,27,159,42,36,11,4,0,0,1,0,0,0,2,0,4,6,2,0,0,0,5,5,0.857142857,1.5,1.090909091
20200516LTHH0,2020-05-16,LT,HH,0,T,0,W,3,27,139,37,36,10,2,0,0,1,1,0,0,1,0,0,6,0,0,0,0,1,1,0.3,1.375,1.333333333
20200516NCSK0,2020-05-16,SK,NC,0,B,0,L,0,27,139,34,29,5,1,0,0,1,0,1,0,4,0,0,8,2,0,0,0,2,2,1.8,1.0,0.6
20200516NCSK0,2020-05-16,NC,SK,0,T,0,W,3,27,140,33,31,6,1,0,1,0,0,0,0,1,0,1,7,2,0,0,0,1,1,0.0,0.7777777779999999,1.333333333
20200516OBHT0,2020-05-16,HT,OB,0,B,0,W,0,27,142,38,35,9,2,1,1,0,0,0,0,2,0,1,10,1,0,0,0,4,4,1.5,2.0,1.5
20200516OBHT0,2020-05-16,OB,HT,0,T,0,L,0,24,176,44,38,16,6,0,2,0,0,1,0,5,0,0,3,1,1,0,0,13,13,3.75,12.0,6.0
20200516SSKT0,2020-05-16,KT,SS,0,B,0,W,0,27,150,37,34,8,1,0,0,1,0,0,0,3,0,0,7,2,0,0,0,4,3,2.142857143,0.0,1.5
20200516SSKT0,2020-05-16,SS,KT,0,T,0,L,0,24,152,43,35,16,3,1,0,3,0,1,1,6,0,0,2,2,0,0,0,10,9,1.846153846,0.0,5.0
20200516WOLG1,2020-05-16,LG,WO,1,B,0,W,1,27,129,37,33,6,1,0,0,1,0,0,0,4,0,0,7,0,0,0,0,1,1,0.75,0.7894736840000001,1.0
20200516WOLG1,2020-05-16,WO,LG,1,T,0,L,0,24,109,30,25,4,1,0,1,0,0,1,0,3,1,1,5,1,0,0,0,3,3,2.25,1.235294118,2.0
20200516WOLG2,2020-05-16,LG,WO,2,B,0,W,0,27,151,37,32,9,1,0,0,0,1,0,0,4,0,1,5,3,2,0,0,3,3,2.25,1.363636364,1.666666667
20200516WOLG2,2020-05-16,WO,LG,2,T,0,L,2,24,143,38,32,10,1,0,1,1,1,1,0,4,0,1,9,0,0,1,0,5,5,2.4,1.35,3.6
20200517LTHH0,2020-05-17,HH,LT,0,B,0,W,1,33,162,43,39,7,0,0,3,2,0,0,0,4,0,0,12,1,0,0,0,4,4,0.5,0.75,1.5
20200517LTHH0,2020-05-17,LT,HH,0,T,0,L,0,32,162,45,35,6,0,0,0,0,0,2,1,5,0,2,3,1,0,1,0,5,2,1.125,1.105263158,0.5
20200517NCSK0,2020-05-17,SK,NC,0,B,0,L,0,27,174,47,36,12,3,0,4,0,0,1,1,9,0,0,6,1,0,0,0,11,11,1.909090909,2.357142857,4.5
20200517NCSK0,2020-05-17,NC,SK,0,T,0,W,0,27,160,43,39,12,1,0,0,0,0,0,0,4,0,0,8,1,0,0,0,5,5,1.666666667,1.75,4.0
20200517OBHT0,2020-05-17,HT,OB,0,B,0,L,0,27,155,41,40,15,4,0,0,2,0,0,0,1,0,0,11,2,0,0,0,6,5,1.090909091,2.307692308,1.0
20200517OBHT0,2020-05-17,OB,HT,0,T,0,W,0,27,156,39,35,8,2,0,1,0,0,1,0,3,0,0,10,1,0,0,0,4,2,0.6,0.692307692,1.333333333
20200517SSKT0,2020-05-17,KT,SS,0,B,0,W,0,27,134,34,33,7,1,0,0,1,1,0,0,1,0,0,5,1,1,0,0,2,1,3.0,1.285714286,1.875
20200517SSKT0,2020-05-17,SS,KT,0,T,0,L,0,24,171,40,31,9,2,0,1,0,0,0,2,7,0,0,4,0,1,0,0,9,7,3.0,5.0,1.333333333
20200517WOLG0,2020-05-17,LG,WO,0,B,0,L,0,27,173,47,43,17,6,0,3,0,0,1,0,3,0,0,9,0,0,0,0,9,9,1.363636364,3.0,1.5
20200517WOLG0,2020-05-17,WO,LG,0,T,0,W,0,27,134,35,32,8,2,0,0,0,0,0,1,2,0,0,5,2,1,0,0,4,4,1.5,0.666666667,0.6
20200519HHKT0,2020-05-19,KT,HH,0,B,0,W,1,27,158,44,38,11,2,0,2,0,0,0,0,2,0,4,10,0,0,0,0,11,11,3.5,1.0,0.818181818
20200519HHKT0,2020-05-19,HH,KT,0,T,0,L,0,24,170,46,40,18,4,1,2,0,1,0,0,6,0,0,7,1,1,0,0,13,13,2.076923077,5.25,3.857142857
20200519LGSS0,2020-05-19,SS,LG,0,B,0,L,0,27,164,42,37,12,1,0,3,0,0,0,0,5,0,0,5,2,0,0,0,10,10,3.75,0.0,3.428571429
20200519LGSS0,2020-05-19,LG,SS,0,T,0,W,0,27,145,38,35,11,2,0,2,0,0,0,1,2,0,0,6,2,0,0,0,6,6,1.285714286,0.0,1.5
20200519LTHT0,2020-05-19,HT,LT,0,B,0,W,0,27,123,37,32,6,1,0,0,0,0,0,1,4,0,0,12,0,0,0,0,2,2,1.8,0.0,1.5
20200519LTHT0,2020-05-19,LT,HT,0,T,0,L,0,24,161,44,37,16,0,0,3,2,0,0,1,4,0,2,6,1,1,0,0,9,9,1.5,3.0,2.625
20200519NCOB0,2020-05-19,OB,NC,0,B,0,L,0,27,188,47,39,12,1,0,0,1,0,1,1,4,1,2,7,0,1,1,0,5,5,1.2,4.8,1.333333333
20200519NCOB0,2020-05-19,NC,OB,0,T,0,W,2,27,200,46,36,10,2,0,0,0,0,0,1,8,0,1,8,0,0,1,0,4,4,1.636363636,1.2,2.625
20200519SKWO0,2020-05-19,WO,SK,0,B,0,W,0,27,162,38,33,6,1,0,1,0,0,0,0,4,0,1,9,1,0,0,0,6,5,3.0,0.642857143,0.666666667
20200519SKWO0,2020-05-19,SK,WO,0,T,0,L,0,24,162,45,38,14,3,0,1,1,0,0,0,5,0,2,7,2,1,0,0,11,10,2.7,3.0,2.0
20200520HHKT0,2020-05-20,KT,HH,0,B,0,W,0,27,143,37,32,7,1,0,0,0,0,0,0,4,0,1,5,2,0,0,0,1,1,0.375,1.5,1.5
20200520HHKT0,2020-05-20,HH,KT,0,T,0,L,0,24,161,43,38,17,4,1,0,2,0,0,3,2,0,0,6,0,1,0,0,8,8,1.090909091,4.5,2.625
20200520LGSS0,2020-05-20,SS,LG,0,B,0,W,2,27,153,36,32,6,0,0,1,0,0,0,0,3,0,1,6,1,2,0,0,1,1,0.75,1.0,1.5
20200520LGSS0,2020-05-20,LG,SS,0,T,0,L,0,24,110,29,26,5,1,0,0,3,0,0,2,1,0,0,7,1,0,0,0,3,2,0.6,0.75,1.8
20200520LTHT0,2020-05-20,HT,LT,0,B,0,W,0,27,133,32,28,3,0,0,0,1,0,0,0,3,0,1,10,1,0,0,0,0,0,0.0,0.5,1.666666667
20200520LTHT0,2020-05-20,LT,HT,0,T,0,L,0,24,152,37,33,9,3,0,2,0,0,0,0,4,0,0,8,0,0,0,0,6,6,1.0,3.0,6.0
20200520NCOB0,2020-05-20,OB,NC,0,B,0,W,0,33,145,39,36,5,1,0,1,1,1,1,0,2,1,0,14,0,0,0,0,1,1,0.5,0.636363636,1.0
20200520NCOB0,2020-05-20,NC,OB,0,T,0,L,0,31,135,38,33,3,1,0,0,0,0,1,0,4,1,0,9,0,0,0,0,2,2,3.0,0.677419355,0.272727273
20200520SKWO0,2020-05-20,WO,SK,0,B,0,L,0,27,163,40,38,10,0,0,1,0,0,0,0,2,0,0,9,0,0,1,0,5,4,3.0,1.333333333,1.333333333
20200520SKWO0,2020-05-20,SK,WO,0,T,0,W,2,27,140,38,34,7,1,0,1,5,0,0,0,4,0,0,8,0,1,0,0,3,3,0.818181818,1.222222222,0.6
20200521HHKT0,2020-05-21,KT,HH,0,B,0,L,0,27,147,41,37,12,1,0,1,2,0,0,0,4,0,0,9,2,0,0,0,9,9,6.0,2.625,0.692307692
20200521HHKT0,2020-05-21,HH,KT,0,T,0,W,0,27,175,42,34,10,4,0,1,1,0,1,1,5,0,1,7,1,0,0,0,4,4,1.25,1.5,3.0
20200521LGSS0,2020-05-21,SS,LG,0,B,0,L,0,27,123,35,33,6,1,0,1,1,0,0,0,2,0,0,8,0,0,0,0,2,2,1.5,0.8888888890000001,1.0
20200521LGSS0,2020-05-21,LG,SS,0,T,0,W,2,27,129,32,27,2,0,0,0,0,0,0,0,5,0,0,4,2,0,0,0,0,0,0.0,0.7777777779999999,1.333333333
20200521LTHT0,2020-05-21,HT,LT,0,B,0,W,0,27,104,31,31,7,1,0,0,0,0,0,0,0,0,0,5,3,0,0,0,1,1,1.5,1.0,1.333333333
20200521LTHT0,2020-05-21,LT,HT,0,T,0,L,0,24,136,37,32,9,1,0,0,1,1,0,0,5,0,0,5,0,2,0,0,6,6,3.0,3.0,1.875
20200521NCOB0,2020-05-21,OB,NC,0,B,0,L,3,27,169,48,44,19,3,0,2,1,0,0,0,3,0,1,4,1,0,0,0,12,12,3.0,1.909090909,1.25
20200521NCOB0,2020-05-21,NC,OB,0,T,0,W,0,27,156,40,35,11,0,1,0,0,1,0,1,3,0,1,2,1,1,0,1,6,6,0.9,1.65,1.5
20200521SKWO0,2020-05-21,WO,SK,0,B,0,W,1,30,152,44,37,12,1,1,1,0,1,2,1,4,0,0,7,1,1,0,1,8,8,1.5,2.1,1.25
20200521SKWO0,2020-05-21,SK,WO,0,T,0,L,1,27,192,44,40,13,5,0,0,2,0,0,0,4,0,0,11,1,0,0,1,9,7,4.0,2.0,3.428571429
20200522HHNC0,2020-05-22,NC,HH,0,B,0,L,0,27,143,35,34,8,2,0,3,1,1,0,0,1,0,0,6,0,0,0,0,5,3,0.0,1.090909091,0.6
20200522HHNC0,2020-05-22,HH,NC,0,T,0,W,2,27,145,33,29,6,0,0,1,0,0,0,1,3,0,0,10,2,0,0,0,3,3,1.0,0.913043478,1.333333333
20200522HTSK0,2020-05-22,SK,HT,0,B,0,L,0,27,149,39,33,8,1,0,0,1,0,0,1,4,0,1,6,0,1,0,0,2,2,0.666666667,1.333333333,0.9
20200522HTSK0,2020-05-22,HT,SK,0,T,0,W,3,27,137,33,32,6,1,0,0,1,2,0,0,1,0,0,8,1,0,0,0,1,0,0.6,0.7777777779999999,1.333333333
20200522KTLG0,2020-05-22,LG,KT,0,B,0,W,0,27,139,41,35,9,1,0,0,2,0,1,0,2,0,3,7,1,0,0,0,5,5,1.333333333,3.75,3.0
20200522KTLG0,2020-05-22,KT,LG,0,T,0,L,1,25,141,38,35,10,2,0,1,0,0,0,0,3,1,0,5,0,0,0,0,6,5,2.0,5.0,2.142857143
20200522OBSS0,2020-05-22,SS,OB,0,B,0,L,0,27,216,50,37,15,2,0,1,0,0,1,2,9,0,1,6,2,0,0,1,12,11,1.8,3.6,1.071428571
20200522OBSS0,2020-05-22,OB,SS,0,T,0,W,0,27,162,42,35,12,1,0,1,0,0,2,1,4,0,0,4,1,0,0,0,7,7,1.636363636,2.4,1.090909091
20200522WOLT0,2020-05-22,LT,WO,0,B,0,W,2,27,159,39,29,6,2,0,1,0,1,0,2,8,0,0,10,1,0,0,0,7,7,1.5,1.111111111,1.2
20200522WOLT0,2020-05-22,WO,LT,0,T,0,L,0,24,172,44,36,12,4,0,0,1,0,0,1,7,0,0,6,0,0,0,1,9,8,1.75,2.571428571,2.625
20200523HHNC0,2020-05-23,NC,HH,0,B,0,W,0,27,122,31,30,6,2,0,0,1,1,0,0,1,0,0,9,1,0,0,0,0,0,0.6,0.625,1.125
20200523HHNC0,2020-05-23,HH,NC,0,T,0,L,0,24,144,36,32,10,1,0,0,3,1,0,0,3,0,1,9,0,1,0,0,3,3,1.5,1.772727273,3.0
20200523HTSK0,2020-05-23,SK,HT,0,B,0,L,0,27,155,42,34,9,2,0,1,0,0,1,1,6,0,0,9,0,3,0,0,8,8,2.0,2.0,1.090909091
20200523HTSK0,2020-05-23,HT,SK,0,T,0,W,1,27,151,36,32,9,1,0,1,0,0,0,0,3,0,1,8,2,1,0,0,3,3,1.0,1.0,1.333333333
20200523KTLG0,2020-05-23,LG,KT,0,B,0,L,0,27,155,38,36,10,0,1,2,0,1,0,1,1,0,0,5,0,0,0,0,6,6,1.2,2.076923077,2.5
20200523KTLG0,2020-05-23,KT,LG,0,T,0,W,0,27,171,40,32,7,0,0,0,1,0,0,0,8,0,0,3,2,0,0,0,2,2,1.0,1.8,0.214285714
20200523OBSS0,2020-05-23,SS,OB,0,B,0,L,0,27,153,45,37,13,3,0,3,0,1,0,2,5,0,1,9,0,0,0,0,10,10,2.571428571,2.307692308,2.625
20200523OBSS0,2020-05-23,OB,SS,0,T,0,W,0,27,168,41,37,10,4,0,4,0,0,0,1,2,0,1,5,0,0,0,0,6,5,0.5,1.0,2.25
20200523WOLT0,2020-05-23,LT,WO,0,B,0,L,0,27,185,46,43,15,4,0,4,0,0,0,0,3,0,0,12,0,2,0,0,12,12,3.428571429,3.0,2.625
20200523WOLT0,2020-05-23,WO,LT,0,T,0,W,0,27,151,40,35,8,4,0,0,0,0,0,1,4,0,0,6,0,1,0,0,4,3,0.9,1.285714286,1.2
20200524HHNC0,2020-05-24,NC,HH,0,B,0,W,2,27,158,39,33,7,2,0,1,0,0,0,1,4,0,1,6,0,1,0,0,5,5,1.285714286,0.947368421,0.9
20200524HHNC0,2020-05-24,HH,NC,0,T,0,L,0,24,159,44,35,13,2,0,1,1,0,2,1,5,0,1,10,0,0,0,1,10,8,2.25,2.823529412,2.625
20200524HTSK0,2020-05-24,SK,HT,0,B,0,W,1,36,194,53,50,15,2,0,0,0,1,0,0,3,0,0,6,1,1,0,0,3,1,2.0,1.5,3.375
20200524HTSK0,2020-05-24,HT,SK,0,T,0,L,0,35,164,46,41,8,0,1,0,0,0,1,0,3,0,1,4,2,0,0,0,4,2,0.857142857,0.942857143,1.090909091
20200524KTLG0,2020-05-24,LG,KT,0,B,0,W,0,27,155,42,37,10,2,0,0,1,0,2,0,3,0,0,10,0,0,0,1,7,4,2.4,1.263157895,1.2
20200524KTLG0,2020-05-24,KT,LG,0,T,0,L,1,25,139,40,33,10,1,0,1,2,0,0,0,6,0,1,5,1,0,0,0,9,9,2.0,2.0625,1.875
20200524OBSS0,2020-05-24,SS,OB,0,B,0,W,0,27,134,36,35,11,1,0,0,0,0,0,0,0,0,1,8,3,0,0,0,0,0,0.0,1.4,1.0
20200524OBSS0,2020-05-24,OB,SS,0,T,0,L,0,24,172,45,34,15,6,0,0,1,1,2,1,7,0,1,8,0,1,0,0,13,13,3.0,2.307692308,2.0
20200524WOLT0,2020-05-24,LT,WO,0,B,0,W,2,27,149,34,29,4,0,0,0,1,0,0,0,5,0,0,5,2,0,0,0,0,0,2.0,1.0,0.545454545
20200524WOLT0,2020-05-24,WO,LT,0,T,0,L,0,24,116,34,33,9,3,0,0,2,0,0,0,0,0,1,3,0,0,0,0,2,2,0.75,1.125,1.5
20200526HTKT0,2020-05-26,KT,HT,0,B,0,L,0,27,165,44,35,12,1,0,0,0,0,1,1,6,0,1,5,1,0,0,0,4,4,1.615384615,2.333333333,3.0
20200526HTKT0,2020-05-26,HT,KT,0,T,0,W,1,27,134,33,31,4,0,0,0,1,0,0,0,1,0,1,14,1,0,0,0,1,0,0.0,0.5,1.125
20200526LGHH0,2020-05-26,HH,LG,0,B,0,L,0,27,154,38,35,9,0,1,2,0,0,0,0,3,0,0,10,2,0,0,0,3,3,2.0,1.44,1.333333333
20200526LGHH0,2020-05-26,LG,HH,0,T,0,W,2,27,126,30,28,3,0,0,0,0,0,0,0,2,0,0,3,2,1,0,0,0,0,0.0,0.625,1.285714286
20200526SKOB0,2020-05-26,OB,SK,0,B,0,W,0,27,132,37,32,7,0,0,0,0,0,1,0,4,1,0,7,1,1,0,0,4,4,1.0,1.08,2.142857143
20200526SKOB0,2020-05-26,SK,OB,0,T,0,L,0,24,133,32,26,4,1,1,0,0,0,1,2,3,0,0,9,0,0,0,0,6,1,1.5,0.913043478,0.6
20200526SSLT0,2020-05-26,LT,SS,0,B,0,W,0,27,122,33,29,4,1,0,0,3,0,0,0,4,0,0,9,1,0,0,0,0,0,0.375,0.8888888890000001,1.0
20200526SSLT0,2020-05-26,SS,LT,0,T,0,L,0,24,122,33,30,6,2,0,0,0,0,0,0,3,0,0,6,0,0,0,1,1,1,0.9,1.125,2.142857143
20200526WONC0,2020-05-26,NC,WO,0,B,0,W,1,27,151,38,32,5,0,0,0,0,0,0,0,6,0,0,8,0,0,0,0,2,2,1.5,1.125,1.5
20200526WONC0,2020-05-26,WO,NC,0,T,0,L,0,24,131,35,28,8,4,0,1,1,0,2,1,3,0,1,4,1,1,0,0,7,7,2.0,3.857142857,1.714285714
20200527HTKT0,2020-05-27,KT,HT,0,B,0,W,0,27,132,35,31,5,0,0,0,0,0,0,0,3,0,1,8,1,0,0,0,0,0,0.0,0.75,1.125
20200527HTKT0,2020-05-27,HT,KT,0,T,0,L,0,24,146,34,30,9,3,1,0,0,1,1,1,2,0,0,6,1,1,0,0,5,5,0.857142857,1.909090909,2.571428571
20200527LGHH0,2020-05-27,HH,LG,0,B,0,L,0,27,183,50,46,19,4,1,5,1,0,0,0,3,0,1,6,0,0,0,1,15,15,3.0,3.0,2.1
20200527LGHH0,2020-05-27,LG,HH,0,T,0,W,0,27,123,36,34,10,2,0,2,1,1,0,1,1,0,0,9,2,0,0,0,4,4,0.0,1.0,0.230769231
20200527SKOB0,2020-05-27,OB,SK,0,B,0,W,0,27,138,37,31,6,1,1,0,0,0,0,1,5,0,0,6,0,0,0,0,2,2,2.4,1.263157895,4.2
20200527SKOB0,2020-05-27,SK,OB,0,T,0,L,0,24,137,34,31,7,1,0,0,1,1,0,1,1,0,1,3,0,0,0,0,4,4,1.0,1.411764706,1.714285714
20200527SSLT0,2020-05-27,LT,SS,0,B,0,L,0,27,201,51,34,11,4,0,2,0,1,0,3,11,0,3,5,0,2,0,0,11,11,2.076923077,1.846153846,2.1
20200527SSLT0,2020-05-27,SS,LT,0,T,0,W,0,27,126,34,33,5,0,0,0,0,0,0,0,1,0,0,7,0,1,0,0,1,0,1.0,0.75,1.5
20200527WONC0,2020-05-27,NC,WO,0,B,0,W,0,27,151,40,36,11,1,0,1,0,0,0,0,4,0,0,9,2,1,0,0,3,3,1.2,1.6,1.5
20200527WONC0,2020-05-27,WO,NC,0,T,0,L,0,24,151,40,35,13,0,0,3,0,0,0,0,4,0,1,5,2,1,1,0,10,9,2.0,2.571428571,3.5
20200528HTKT0,2020-05-28,KT,HT,0,B,0,W,2,27,151,38,33,9,1,0,2,1,0,1,0,4,0,0,6,2,0,0,0,5,5,1.0,1.32,2.25
20200528HTKT0,2020-05-28,HT,KT,0,T,0,L,0,24,135,39,36,12,1,0,0,0,1,0,0,3,0,0,6,0,0,0,0,6,6,3.0,2.045454545,2.142857143
20200528LGHH0,2020-05-28,HH,LG,0,B,0,L,0,27,144,38,37,13,3,0,0,0,2,1,0,0,0,0,4,1,0,0,0,3,3,0.9,2.454545455,3.0
20200528LGHH0,2020-05-28,LG,HH,0,T,0,W,2,27,134,34,31,5,1,0,0,0,0,0,0,3,0,0,13,2,1,0,0,0,0,0.333333333,1.666666667,0.9
20200528SKOB0,2020-05-28,OB,SK,0,B,0,L,0,27,161,41,38,11,3,0,1,1,1,0,0,3,1,0,4,0,1,0,0,6,6,1.666666667,2.2,1.5
20200528SKOB0,2020-05-28,SK,OB,0,T,0,W,1,27,108,30,27,3,1,1,0,0,0,0,0,3,0,0,5,3,0,0,0,1,1,6.0,0.0,0.3
20200528SSLT0,2020-05-28,LT,SS,0,B,0,L,0,27,152,37,34,7,4,0,0,2,0,0,0,3,0,0,9,0,1,0,0,3,3,0.75,1.35,1.0
20200528SSLT0,2020-05-28,SS,LT,0,T,0,W,2,27,163,39,32,5,2,0,0,1,0,0,0,6,0,1,6,0,0,0,0,1,1,1.2,1.263157895,2.571428571
20200528WONC0,2020-05-28,NC,WO,0,B,0,W,1,27,171,43,40,15,1,0,2,0,0,0,0,2,0,1,4,2,0,1,0,6,6,0.9,2.142857143,2.625
20200528WONC0,2020-05-28,WO,NC,0,T,0,L,1,24,157,38,37,13,1,1,4,0,0,0,0,1,0,0,6,0,1,0,0,9,9,3.0,1.65,2.142857143
20200529HHSK0,2020-05-29,SK,HH,0,B,0,W,0,27,172,41,37,13,3,0,1,1,0,0,0,3,0,1,6,1,1,0,0,6,6,2.333333333,1.5,1.0
20200529HHSK0,2020-05-29,HH,SK,0,T,0,L,0,24,167,38,34,11,0,0,3,1,0,0,1,3,0,0,8,0,0,0,0,8,7,2.25,2.25,3.0
20200529KTWO0,2020-05-29,WO,KT,0,B,0,W,0,27,134,36,35,8,1,0,0,0,0,0,0,1,0,0,12,1,1,0,1,1,0,0.333333333,0.857142857,1.0
20200529KTWO0,2020-05-29,KT,WO,0,T,0,L,0,24,152,40,31,7,1,0,0,0,0,0,1,5,0,3,4,0,1,0,0,5,4,1.153846154,1.736842105,4.2
20200529LGHT0,2020-05-29,HT,LG,0,B,0,L,0,27,168,37,33,10,1,0,2,0,2,1,0,3,1,0,5,1,1,1,0,6,6,2.25,1.173913043,3.0
20200529LGHT0,2020-05-29,LG,HT,0,T,0,W,1,27,143,36,34,7,1,0,2,0,0,0,0,2,0,0,5,0,0,0,0,2,2,0.0,0.857142857,1.0
20200529LTOB0,2020-05-29,OB,LT,0,B,0,W,2,27,148,38,34,10,1,0,0,1,0,0,0,3,0,1,7,3,0,0,0,2,2,0.75,1.4444444440000002,1.5
20200529LTOB0,2020-05-29,LT,OB,0,T,0,L,0,24,122,32,28,5,1,0,1,1,0,0,1,3,0,0,6,0,1,0,0,4,4,2.25,1.0,0.272727273
20200529NCSS0,2020-05-29,SS,NC,0,B,0,W,0,27,155,35,33,8,0,0,1,0,1,0,0,2,0,0,3,0,0,0,0,4,4,4.5,1.285714286,1.333333333
20200529NCSS0,2020-05-29,NC,SS,0,T,0,L,1,26,126,36,35,9,0,0,0,0,0,1,0,0,0,0,7,0,0,0,0,5,4,2.4,1.285714286,1.714285714
20200530HHSK0,2020-05-30,SK,HH,0,B,0,W,2,27,146,36,28,2,0,0,1,0,0,1,0,7,0,0,9,2,0,0,0,3,3,0.857142857,1.5,0.9
20200530HHSK0,2020-05-30,HH,SK,0,T,0,L,0,24,196,43,31,8,2,0,1,1,1,0,0,11,1,1,10,1,0,0,0,9,8,2.181818182,2.1176470590000003,2.571428571
20200530KTWO0,2020-05-30,WO,KT,0,B,0,W,0,27,129,33,31,7,0,0,2,0,0,1,0,1,0,0,6,2,1,0,0,3,3,0.0,1.0,0.6
20200530KTWO0,2020-05-30,KT,WO,0,T,0,L,0,24,182,48,39,16,2,1,2,0,0,0,1,7,0,1,5,0,1,0,0,14,14,2.454545455,2.769230769,3.0
20200530LGHT0,2020-05-30,HT,LG,0,B,0,W,0,27,141,38,32,6,2,0,1,0,0,0,0,6,0,0,10,1,1,0,0,6,5,1.2,0.4,1.0
20200530LGHT0,2020-05-30,LG,HT,0,T,0,L,0,24,154,43,37,14,2,0,1,1,0,0,2,4,0,0,4,0,0,0,0,10,5,4.285714286,2.769230769,2.0
20200530LTOB0,2020-05-30,OB,LT,0,B,0,W,0,33,151,46,42,11,2,0,0,0,0,0,0,4,0,0,3,2,0,0,0,4,4,1.0,1.666666667,1.5
20200530LTOB0,2020-05-30,LT,OB,0,T,0,L,0,32,171,44,37,11,1,0,1,1,1,1,1,5,1,0,4,3,0,0,1,5,4,3.75,1.4444444440000002,1.25
20200530NCSS0,2020-05-30,SS,NC,0,B,0,W,0,27,132,34,30,4,1,0,0,0,0,0,0,2,0,2,4,1,0,0,0,1,1,0.0,0.7142857140000001,0.666666667
20200530NCSS0,2020-05-30,NC,SS,0,T,0,L,0,24,161,40,33,12,2,0,3,0,0,1,0,6,1,0,5,1,1,0,0,9,9,1.5,1.666666667,4.0
20200531HHSK0,2020-05-31,SK,HH,0,B,0,W,2,27,152,36,32,5,0,0,1,1,0,0,0,4,0,0,5,0,1,0,0,4,3,1.5,1.0,1.5
20200531HHSK0,2020-05-31,HH,SK,0,T,0,L,0,24,166,40,30,10,2,1,1,3,1,0,1,8,0,1,5,2,0,0,0,6,6,2.333333333,1.826086957,2.25
20200531KTWO0,2020-05-31,WO,KT,0,B,0,L,0,27,194,49,40,14,1,0,4,2,0,0,0,7,0,2,9,0,0,0,0,12,12,1.714285714,2.181818182,2.333333333
20200531KTWO0,2020-05-31,KT,WO,0,T,0,W,3,27,179,44,38,10,2,0,1,1,0,0,1,5,0,0,7,1,1,0,0,8,7,1.666666667,1.636363636,1.363636364
20200531LGHT0,2020-05-31,HT,LG,0,B,0,L,0,27,188,48,44,20,5,2,0,2,1,0,1,2,0,1,7,1,2,0,0,13,13,3.0,2.25,1.636363636
20200531LGHT0,2020-05-31,LG,HT,0,T,0,W,0,27,144,39,38,11,3,0,2,2,0,0,0,1,0,0,5,0,0,0,0,5,5,2.0,2.4,0.545454545
20200531LTOB0,2020-05-31,OB,LT,0,B,0,L,0,33,231,53,40,8,1,0,0,1,0,1,1,10,0,1,7,1,0,0,0,8,2,4.5,1.64516129,2.1
20200531LTOB0,2020-05-31,LT,OB,0,T,0,W,2,33,185,45,41,11,1,0,0,0,0,1,0,3,0,0,8,2,0,0,0,3,3,0.6,1.4,1.363636364
20200531NCSS0,2020-05-31,SS,NC,0,B,0,L,0,27,196,53,48,21,6,0,3,0,0,0,1,3,0,1,7,0,0,0,0,18,11,3.0,3.0,2.666666667
20200531NCSS0,2020-05-31,NC,SS,0,T,0,W,0,27,147,38,35,10,0,0,2,0,0,0,1,2,0,0,6,2,1,0,0,7,6,3.0,0.0,3.0
20200602LTHT0,2020-06-02,HT,LT,0,B,0,W,1,27,119,34,32,7,1,0,2,0,0,0,0,2,0,0,8,1,0,0,0,2,2,1.0,1.142857143,0.818181818
20200602LTHT0,2020-06-02,LT,HT,0,T,0,L,0,24,135,38,35,12,1,0,2,0,0,0,0,3,0,0,5,1,1,0,0,7,7,2.0,1.95,3.0
20200602OBKT0,2020-06-02,KT,OB,0,B,0,L,0,27,137,45,42,18,3,0,2,0,0,0,0,3,0,0,5,3,0,0,0,11,11,2.333333333,18.0,3.857142857
20200602OBKT0,2020-06-02,OB,KT,0,T,0,W,1,27,170,44,40,12,4,0,1,0,0,0,0,3,0,1,8,1,1,0,0,8,7,2.142857143,0.0,2.625
20200602SKNC0,2020-06-02,NC,SK,0,B,0,L,0,27,175,45,37,11,4,0,0,1,0,0,0,7,0,1,5,0,0,0,0,8,7,1.25,4.285714286,5.0
20200602SKNC0,2020-06-02,SK,NC,0,T,0,W,0,27,135,36,34,7,2,0,1,0,0,0,0,2,0,0,11,0,0,0,0,2,1,0.428571429,0.75,1.0
20200602SSLG0,2020-06-02,LG,SS,0,B,0,L,0,27,123,33,30,6,2,0,0,0,1,0,0,2,0,1,8,1,0,0,0,2,2,1.0,0.8888888890000001,0.545454545
20200602SSLG0,2020-06-02,SS,LG,0,T,0,W,1,27,121,30,30,5,1,0,0,0,0,0,0,0,0,0,6,1,0,0,0,0,0,0.0,0.5555555560000001,1.125
20200602WOHH0,2020-06-02,HH,WO,0,B,0,L,0,27,200,53,40,17,2,0,2,0,1,1,2,10,0,0,7,0,1,1,1,15,14,2.357142857,2.625,3.75
20200602WOHH0,2020-06-02,WO,HH,0,T,0,W,0,27,119,34,34,8,1,0,0,2,0,0,0,0,0,0,7,1,0,0,0,3,2,1.5,0.5,0.272727273
20200603LTHT0,2020-06-03,HT,LT,0,B,0,W,0,27,124,33,30,3,1,0,1,0,0,0,0,2,0,1,6,0,0,0,0,2,2,3.0,0.6,0.6
20200603LTHT0,2020-06-03,LT,HT,0,T,0,L,0,24,159,45,37,14,0,1,1,1,0,0,0,6,0,2,6,2,0,0,0,11,11,2.307692308,2.769230769,1.8
20200603OBKT0,2020-06-03,KT,OB,0,B,0,W,0,27,135,36,32,6,2,0,0,0,0,0,0,4,0,0,4,1,0,0,0,2,2,1.5,1.0,0.9
20200603OBKT0,2020-06-03,OB,KT,0,T,0,L,0,24,148,40,39,14,4,0,2,0,0,0,0,1,0,0,3,0,0,0,1,7,4,1.714285714,1.8,2.625
20200603SKNC0,2020-06-03,NC,SK,0,B,0,W,1,27,147,42,38,11,4,0,2,0,0,0,0,3,0,1,5,0,0,0,0,6,5,3.0,2.0,2.0
20200603SKNC0,2020-06-03,SK,NC,0,T,0,L,0,24,144,41,35,14,4,0,2,1,1,0,1,5,0,0,5,1,0,0,0,8,8,1.714285714,7.0,2.625
20200603SSLG0,2020-06-03,LG,SS,0,B,0,L,0,27,145,43,37,12,4,0,2,0,1,0,0,5,0,1,6,2,0,0,1,12,11,3.428571429,2.307692308,4.5
20200603SSLG0,2020-06-03,SS,LG,0,T,0,W,0,27,144,41,39,14,1,0,2,3,0,0,1,1,0,0,7,0,1,0,0,6,6,0.857142857,2.0,1.5
20200603WOHH0,2020-06-03,HH,WO,0,B,0,L,0,27,137,42,37,10,1,0,0,0,0,0,1,4,0,0,5,1,0,0,0,6,4,1.5,6.0,1.666666667
20200603WOHH0,2020-06-03,WO,HH,0,T,0,W,0,27,141,35,33,7,0,0,1,1,0,0,0,2,0,0,6,0,0,1,0,2,2,0.6,1.5,1.0
20200604LTHT0,2020-06-04,HT,LT,0,B,0,W,0,27,145,39,36,10,1,0,0,1,0,0,0,3,0,0,7,2,0,0,1,3,3,0.9,0.75,0.5
20200604LTHT0,2020-06-04,LT,HT,0,T,0,L,0,24,133,34,33,9,1,0,3,0,0,0,0,1,0,0,3,0,0,0,0,7,7,1.8,1.666666667,2.142857143
20200604OBKT0,2020-06-04,KT,OB,0,B,0,L,0,27,180,47,40,14,1,0,3,0,0,0,0,7,0,0,6,0,0,0,0,14,14,3.428571429,2.571428571,4.5
20200604OBKT0,2020-06-04,OB,KT,0,T,0,W,0,27,167,44,37,11,5,0,0,0,0,0,1,6,0,0,9,1,1,0,0,8,8,2.666666667,1.0,1.5
20200604SKNC0,2020-06-04,NC,SK,0,B,0,W,0,27,156,35,30,5,0,0,0,1,0,1,0,4,0,0,12,1,1,0,0,0,0,1.2,1.5,0.272727273
20200604SKNC0,2020-06-04,SK,NC,0,T,0,L,0,24,199,47,32,10,2,0,2,0,0,0,1,10,0,4,3,1,0,0,0,10,10,1.5,2.0,2.625
20200604SSLG0,2020-06-04,LG,SS,0,B,0,W,0,27,126,35,32,4,1,1,0,0,0,0,0,3,0,0,12,0,1,0,0,0,0,1.5,0.666666667,1.0
20200604SSLG0,2020-06-04,SS,LG,0,T,0,L,0,24,120,40,37,14,5,0,1,1,0,0,2,1,0,0,4,0,0,0,0,11,8,2.571428571,2.625,2.571428571
20200604WOHH0,2020-06-04,HH,WO,0,B,0,L,0,27,169,40,37,11,2,0,2,2,0,0,0,3,0,0,11,1,2,0,1,7,4,1.714285714,1.6875,2.25
20200604WOHH0,2020-06-04,WO,HH,0,T,0,W,0,27,117,35,35,8,1,0,0,0,0,0,0,0,0,0,5,1,0,0,0,3,3,1.0,0.6,0.25
20200605HTOB0,2020-06-05,OB,HT,0,B,0,W,1,27,158,38,32,5,2,0,0,1,0,1,0,5,0,0,12,0,0,0,0,1,0,0.9,1.0,2.5
20200605HTOB0,2020-06-05,HT,OB,0,T,0,L,0,24,111,31,30,7,2,0,0,0,0,0,0,1,0,0,4,1,1,0,0,5,5,7.5,1.05,0.272727273
20200605KTLT0,2020-06-05,LT,KT,0,B,0,W,1,27,137,37,33,9,0,0,3,1,0,1,0,2,0,1,8,1,0,0,0,4,4,0.0,1.0,1.333333333
20200605KTLT0,2020-06-05,KT,LT,0,T,0,L,0,24,128,36,34,10,2,0,2,1,0,0,0,2,0,0,7,0,0,0,0,6,6,1.5,1.5,2.142857143
20200605LGWO0,2020-06-05,WO,LG,0,B,0,W,0,27,128,34,33,6,0,0,2,0,0,0,0,1,0,0,6,0,1,0,0,3,3,0.0,0.0,1.5
20200605LGWO0,2020-06-05,LG,WO,0,T,0,L,0,24,137,36,31,8,1,0,2,1,0,0,0,5,0,0,8,1,0,0,0,6,6,2.0,4.5,1.875
20200605NCHH0,2020-06-05,HH,NC,0,B,0,L,0,27,205,50,43,17,4,0,4,1,0,0,0,6,0,1,8,2,2,0,0,13,11,1.75,2.25,1.909090909
20200605NCHH0,2020-06-05,NC,HH,0,T,0,W,0,27,149,34,27,3,0,0,1,0,0,0,0,7,0,0,11,3,0,0,0,2,2,1.0,1.5,1.0
20200605SSSK0,2020-06-05,SK,SS,0,B,0,W,2,27,144,34,32,7,1,0,0,0,1,0,0,1,0,1,10,1,0,1,0,1,1,1.2,1.0,0.9
20200605SSSK0,2020-06-05,SS,SK,0,T,0,L,0,24,137,36,28,6,2,0,0,0,1,2,0,6,1,0,6,0,0,0,0,4,4,1.714285714,1.565217391,2.5
20200606HTOB0,2020-06-06,OB,HT,0,B,0,W,0,27,136,34,31,7,1,0,0,0,0,0,2,1,0,0,3,1,0,0,0,3,3,0.0,0.8888888890000001,0.6
20200606HTOB0,2020-06-06,HT,OB,0,T,0,L,0,24,121,36,31,9,4,0,0,0,0,2,2,1,0,0,5,0,0,0,0,4,2,1.333333333,1.25,0.3
20200606KTLT0,2020-06-06,LT,KT,0,B,0,W,0,27,135,32,32,6,0,0,0,1,0,0,0,0,0,0,8,0,0,0,0,0,0,0.0,0.666666667,0.272727273
20200606KTLT0,2020-06-06,KT,LT,0,T,0,L,0,25,122,32,27,5,0,0,0,0,0,1,0,4,1,0,4,1,0,0,0,1,1,2.0,1.08,1.875
20200606LGWO0,2020-06-06,WO,LG,0,B,0,W,0,27,136,38,30,6,1,0,0,0,0,1,2,5,0,0,6,0,0,0,0,4,4,1.0,1.411764706,1.5
20200606LGWO0,2020-06-06,LG,WO,0,T,0,L,2,26,141,38,34,10,4,0,1,2,0,0,0,4,0,0,8,1,2,0,0,5,5,1.909090909,1.6875,2.142857143
20200606NCHH0,2020-06-06,HH,NC,0,B,0,L,0,27,169,46,42,14,3,1,4,0,0,0,0,2,0,2,9,0,0,0,0,14,14,4.5,2.0,1.666666667
20200606NCHH0,2020-06-06,NC,HH,0,T,0,W,0,27,136,37,37,11,1,0,1,0,0,0,0,0,0,0,7,1,1,0,0,2,2,0.3,1.333333333,3.0
20200606SSSK0,2020-06-06,SK,SS,0,B,0,W,0,27,139,36,32,7,0,0,1,2,0,0,0,3,0,1,8,1,0,0,0,4,4,2.0,0.545454545,1.125
20200606SSSK0,2020-06-06,SS,SK,0,T,0,L,0,24,146,35,26,6,0,0,2,2,1,0,0,8,0,1,2,1,1,0,0,6,6,3.0,2.571428571,1.875
20200607HTOB0,2020-06-07,OB,HT,0,B,0,W,2,27,139,36,32,9,3,1,0,0,1,0,0,3,0,1,1,1,1,0,0,2,2,0.75,1.333333333,1.714285714
20200607HTOB0,2020-06-07,HT,OB,0,T,0,L,0,24,171,39,35,10,2,0,0,2,0,0,0,3,0,1,9,0,1,0,1,3,3,1.0,1.625,1.333333333
20200607KTLT0,2020-06-07,LT,KT,0,B,0,W,2,27,144,36,35,8,1,0,1,0,0,0,0,1,0,0,10,0,0,0,0,2,2,2.25,0.705882353,1.5
20200607KTLT0,2020-06-07,KT,LT,0,T,0,L,0,24,143,34,31,9,3,0,0,1,1,0,0,3,0,0,7,0,0,0,0,5,5,2.333333333,2.0625,2.571428571
20200607LGWO0,2020-06-07,WO,LG,0,B,0,L,0,27,186,46,42,14,1,0,1,1,0,0,1,2,0,1,5,0,0,0,0,8,6,0.75,1.263157895,2.0
20200607LGWO0,2020-06-07,LG,WO,0,T,0,W,0,27,129,37,31,7,0,0,1,0,0,1,0,5,0,0,7,1,0,0,0,1,1,0.75,1.333333333,0.6
20200607NCHH0,2020-06-07,HH,NC,0,B,0,L,0,27,169,46,40,13,4,0,1,0,1,0,0,6,0,0,5,0,0,0,0,8,7,3.375,2.25,1.5
20200607NCHH0,2020-06-07,NC,HH,0,T,0,W,0,27,123,32,31,5,1,0,0,0,0,0,0,1,0,0,5,1,0,0,0,2,2,6.0,0.0,0.25
20200607SSSK0,2020-06-07,SK,SS,0,B,0,L,0,27,143,35,32,9,0,0,1,2,0,1,0,2,0,0,8,2,2,0,0,3,3,2.25,1.142857143,2.142857143
20200607SSSK0,2020-06-07,SS,SK,0,T,0,W,3,27,147,36,33,6,0,0,0,0,0,0,0,3,0,0,9,1,0,0,0,0,0,0.75,1.0,1.5
20200609HHLT0,2020-06-09,LT,HH,0,B,0,W,0,27,132,39,35,10,1,0,1,0,0,0,0,3,0,1,6,2,1,0,0,3,3,1.8,0.75,0.818181818
20200609HHLT0,2020-06-09,HH,LT,0,T,0,L,0,24,138,39,37,16,4,1,1,1,0,1,0,1,0,0,7,1,0,0,0,9,9,1.8,2.666666667,3.5
20200609HTKT0,2020-06-09,KT,HT,0,B,0,L,0,27,158,33,30,5,2,0,1,0,0,1,0,2,0,0,7,1,0,0,0,3,3,1.2,0.7777777779999999,0.9
20200609HTKT0,2020-06-09,HT,KT,0,T,0,W,2,27,152,36,34,7,1,1,1,0,0,0,0,2,0,0,12,0,2,0,0,2,2,0.75,1.0,2.142857143
20200609OBNC0,2020-06-09,NC,OB,0,B,0,W,1,27,169,41,35,11,4,0,1,0,0,0,1,4,0,1,10,2,1,0,0,8,8,1.333333333,2.142857143,1.8
20200609OBNC0,2020-06-09,OB,NC,0,T,0,L,0,24,171,41,34,12,4,0,1,0,1,0,0,7,0,0,9,1,1,0,0,12,12,5.4,12.0,2.333333333
20200609SKLG0,2020-06-09,LG,SK,0,B,0,L,0,30,153,43,38,10,4,0,1,0,1,0,1,4,1,0,5,0,0,0,0,5,5,1.714285714,1.4482758619999998,4.5
20200609SKLG0,2020-06-09,SK,LG,0,T,0,W,0,30,196,48,39,11,0,0,1,1,0,1,0,7,0,1,7,2,0,0,0,3,2,1.636363636,1.714285714,2.0
20200609WOSS0,2020-06-09,SS,WO,0,B,0,L,0,27,172,44,36,11,3,0,1,0,0,1,0,7,0,0,7,1,1,0,0,5,5,2.0,2.0,3.857142857
20200609WOSS0,2020-06-09,WO,SS,0,T,0,W,2,27,152,40,35,11,2,0,0,3,0,0,1,4,0,0,7,2,0,0,0,3,3,0.5,1.666666667,1.666666667
20200610HHLT0,2020-06-10,LT,HH,0,B,0,W,0,27,126,34,33,6,1,0,0,0,0,0,1,0,0,0,5,0,1,0,0,2,1,1.2,0.5,0.6
20200610HHLT0,2020-06-10,HH,LT,0,T,0,L,0,24,187,45,39,14,2,1,2,2,0,0,0,5,0,1,9,0,0,0,0,12,11,3.333333333,3.0,1.666666667
20200610HTKT0,2020-06-10,KT,HT,0,B,0,L,0,15,116,32,21,7,1,0,1,0,0,0,1,8,0,2,3,0,2,0,0,10,8,3.0,12.0,3.0
20200610HTKT0,2020-06-10,HT,KT,0,T,1,W,0,15,59,18,18,3,0,0,0,0,0,0,0,0,0,0,3,0,0,0,0,0,0,0.0,0.0,0.6
20200610OBNC0,2020-06-10,NC,OB,0,B,0,L,0,27,180,41,35,11,1,0,3,0,0,0,0,5,0,1,5,2,0,0,0,9,9,6.0,1.263157895,1.8
20200610OBNC0,2020-06-10,OB,NC,0,T,0,W,0,27,127,34,34,7,0,1,1,0,0,0,0,0,0,0,5,0,0,0,0,1,1,0.0,0.666666667,0.272727273
20200610WOSS0,2020-06-10,SS,WO,0,B,0,W,2,27,139,32,29,4,1,1,0,0,0,0,0,3,0,0,7,2,0,0,0,1,1,2.25,0.6315789470000001,0.25
20200610WOSS0,2020-06-10,WO,SS,0,T,0,L,0,24,138,34,30,8,2,0,1,1,2,0,1,3,0,0,4,0,1,0,1,4,2,0.857142857,1.421052632,2.142857143
20200611HHLT0,2020-06-11,LT,HH,0,B,0,W,0,27,126,36,28,5,0,0,0,0,0,2,0,4,0,2,8,1,0,0,0,0,0,1.0,2.0,0.272727273
20200611HHLT0,2020-06-11,HH,LT,0,T,0,L,0,24,160,38,32,10,3,0,0,0,1,0,1,4,1,1,6,0,0,0,0,5,5,2.25,1.8,3.6
20200611HTKT0,2020-06-11,KT,HT,0,B,0,W,0,27,167,42,41,15,2,0,3,0,0,0,0,1,0,0,9,1,0,0,0,8,8,3.0,0.666666667,1.363636364
20200611HTKT0,2020-06-11,HT,KT,0,T,0,L,0,24,145,44,39,16,2,0,3,0,0,0,0,4,0,1,5,1,0,0,0,13,12,3.857142857,3.0,8.25
20200611OBNC0,2020-06-11,NC,OB,0,B,0,W,1,27,176,40,37,11,3,0,1,0,0,0,0,2,0,1,10,1,1,0,0,5,5,0.923076923,0.75,1.666666667
20200611OBNC0,2020-06-11,OB,NC,0,T,0,L,0,24,127,37,37,14,4,0,1,0,1,0,0,0,0,0,5,0,0,0,0,7,7,1.875,1.764705882,2.571428571
20200611SKLG1,2020-06-11,LG,SK,1,B,0,W,1,27,134,35,34,6,1,0,0,2,0,0,0,0,0,1,8,0,0,0,0,1,1,0.5,0.666666667,0.6
20200611SKLG1,2020-06-11,SK,LG,1,T,0,L,0,24,155,37,32,10,1,0,1,0,0,0,1,2,0,2,4,1,1,0,0,3,3,0.5,1.5,2.571428571
20200611SKLG2,2020-06-11,LG,SK,2,B,0,W,1,27,147,38,34,9,0,0,2,0,0,2,0,1,0,1,10,0,0,0,0,3,3,0.6,1.111111111,0.666666667
20200611SKLG2,2020-06-11,SK,LG,2,T,0,L,0,24,118,33,26,4,2,0,1,1,0,0,1,6,0,0,5,0,2,0,0,4,4,2.4,1.25,1.0
20200611WOSS0,2020-06-11,SS,WO,0,B,0,W,2,27,130,36,33,6,0,1,1,0,0,0,0,2,0,1,5,1,0,0,0,3,3,0.0,1.0,2.5
20200611WOSS0,2020-06-11,WO,SS,0,T,0,L,0,24,117,35,32,7,0,0,3,3,0,0,0,1,0,2,5,0,0,0,0,6,6,0.0,1.153846154,0.75
20200612HTSK0,2020-06-12,SK,HT,0,B,0,L,0,27,153,39,34,9,1,0,2,1,0,1,0,2,0,2,12,1,0,0,0,6,6,1.285714286,1.285714286,2.142857143
20200612HTSK0,2020-06-12,HT,SK,0,T,0,W,2,27,126,35,30,5,0,1,0,0,0,0,1,4,0,0,8,1,1,0,0,3,3,2.0,1.0,1.875
20200612LTLG0,2020-06-12,LG,LT,0,B,0,W,0,30,160,44,36,9,0,0,0,1,1,1,0,6,0,1,8,1,0,0,0,2,2,2.0,1.5,1.090909091
20200612LTLG0,2020-06-12,LT,LG,0,T,0,L,0,28,133,34,28,4,1,0,0,1,1,2,1,3,0,0,8,0,2,0,0,3,2,3.0,0.75,0.545454545
20200612OBHH0,2020-06-12,HH,OB,0,B,0,L,0,27,149,41,35,9,3,0,2,1,0,0,1,4,0,1,5,1,0,0,0,5,5,1.666666667,1.875,0.818181818
20200612OBHH0,2020-06-12,OB,HH,0,T,0,W,0,27,151,36,32,5,1,0,0,1,0,0,0,3,0,1,9,0,2,0,0,2,1,1.2,0.5,1.5
20200612WONC0,2020-06-12,NC,WO,0,B,0,L,0,30,138,39,34,4,2,0,1,0,1,1,0,3,0,1,11,0,0,0,1,3,2,0.375,0.7,1.0
20200612WONC0,2020-06-12,WO,NC,0,T,0,W,0,30,159,40,35,8,2,0,0,1,0,0,0,4,0,1,6,2,0,0,0,2,2,0.428571429,1.2,0.461538462
20200613HTSK0,2020-06-13,SK,HT,0,B,0,L,0,27,136,34,31,6,1,0,1,0,0,1,0,2,0,0,10,0,0,0,0,2,2,0.6,0.8888888890000001,1.875
20200613HTSK0,2020-06-13,HT,SK,0,T,0,W,2,27,130,32,30,5,0,0,0,1,0,0,0,2,0,0,9,3,0,0,0,1,0,0.6,0.7777777779999999,1.2
20200613KTSS1,2020-06-13,SS,KT,1,B,0,W,2,27,141,34,32,6,1,0,2,1,0,0,0,2,0,0,5,0,0,0,0,3,3,0.75,0.7826086959999999,0.9
20200613KTSS1,2020-06-13,KT,SS,1,T,0,L,0,24,140,33,29,7,1,0,2,0,0,1,0,2,0,1,6,0,3,0,0,5,5,1.2,1.2,1.5
20200613KTSS2,2020-06-13,SS,KT,2,B,0,L,0,27,181,42,33,8,2,0,2,0,0,0,0,9,0,0,10,2,0,0,0,7,7,1.666666667,1.961538462,2.625
20200613KTSS2,2020-06-13,KT,SS,2,T,0,W,2,27,170,39,35,8,1,0,1,1,1,0,0,4,0,0,4,0,1,0,0,4,4,0.75,1.375,1.0
20200613LTLG0,2020-06-13,LG,LT,0,B,0,L,0,27,185,43,34,8,0,0,1,0,0,0,1,8,1,0,8,1,0,0,0,7,6,3.0,1.304347826,2.0
20200613LTLG0,2020-06-13,LT,LG,0,T,0,W,3,27,156,39,36,10,1,0,1,1,0,0,1,1,0,1,11,0,1,0,0,6,6,0.857142857,1.375,0.545454545
20200613OBHH0,2020-06-13,HH,OB,0,B,0,W,0,27,165,45,35,11,1,0,3,0,1,1,1,8,3,0,10,1,0,0,0,6,6,1.75,2.111111111,3.428571429
20200613OBHH0,2020-06-13,OB,HH,0,T,0,L,0,26,164,41,35,10,1,0,2,0,0,0,0,5,1,1,8,1,2,0,0,7,7,4.5,1.730769231,2.0
20200613WONC0,2020-06-13,NC,WO,0,B,0,L,0,27,206,51,44,17,3,1,5,0,0,0,1,4,0,2,11,0,1,0,0,18,17,4.285714286,2.0,2.666666667
20200613WONC0,2020-06-13,WO,NC,0,T,0,W,0,27,144,41,35,11,1,0,0,0,0,0,0,3,0,3,7,3,0,0,0,5,5,1.0,0.5,1.666666667
20200614HTSK0,2020-06-14,SK,HT,0,B,0,W,3,27,145,36,34,7,1,0,1,0,0,0,0,2,0,0,4,1,0,0,0,3,3,1.0,0.807692308,1.875
20200614HTSK0,2020-06-14,HT,SK,0,T,0,L,0,25,122,30,28,3,1,0,2,0,0,0,0,2,0,0,13,0,0,0,0,4,4,1.5,0.625,0.75
20200614KTSS0,2020-06-14,SS,KT,0,B,0,W,0,27,130,39,38,11,3,0,0,0,0,0,0,1,0,0,7,0,0,0,0,0,0,0.333333333,1.666666667,0.9
20200614KTSS0,2020-06-14,KT,SS,0,T,0,L,0,24,150,42,38,16,5,0,2,0,0,0,1,1,0,2,4,0,0,0,0,12,12,3.5,2.142857143,4.5
20200614LTLG0,2020-06-14,LG,LT,0,B,0,W,0,27,147,42,41,16,2,0,1,2,0,0,0,1,0,0,3,3,0,0,0,6,6,0.8,1.846153846,1.8
20200614LTLG0,2020-06-14,LT,LG,0,T,0,L,0,24,137,38,34,14,4,0,0,0,0,0,1,3,1,0,5,2,0,0,0,10,10,6.0,2.727272727,1.875
20200614OBHH0,2020-06-14,HH,OB,0,B,0,W,2,27,143,39,37,9,1,0,0,0,0,0,0,0,0,2,6,0,0,0,0,2,0,0.375,1.08,1.333333333
20200614OBHH0,2020-06-14,OB,HH,0,T,0,L,0,24,114,32,28,7,2,0,1,0,0,1,0,3,0,0,7,0,0,0,0,3,3,1.8,1.304347826,0.9
20200614WONC0,2020-06-14,NC,WO,0,B,0,W,1,27,152,39,33,8,1,0,1,1,0,0,1,4,0,1,7,1,0,0,0,5,5,1.5,0.666666667,0.9
20200614WONC0,2020-06-14,WO,NC,0,T,0,L,0,24,163,40,34,13,3,1,3,3,0,0,1,5,0,0,5,2,0,0,0,9,9,1.8,2.625,1.5
20200616KTSK0,2020-06-16,SK,KT,0,B,0,L,0,30,180,46,37,9,1,0,1,1,1,1,0,7,1,1,5,0,0,0,0,6,5,1.333333333,1.6,2.0
20200616KTSK0,2020-06-16,KT,SK,0,T,0,W,2,30,143,44,38,12,2,0,2,0,0,2,0,3,0,1,4,1,0,0,0,5,5,2.0,1.5,1.5
20200616LGHH0,2020-06-16,HH,LG,0,B,0,L,0,27,157,44,40,15,2,1,2,1,0,0,1,2,0,1,2,1,0,0,0,9,9,1.333333333,7.5,2.333333333
20200616LGHH0,2020-06-16,LG,HH,0,T,0,W,1,27,163,43,38,11,2,0,0,0,0,0,0,4,0,1,9,0,0,0,0,5,5,2.142857143,0.0,0.75
20200616LTWO0,2020-06-16,WO,LT,0,B,0,L,0,27,149,39,35,10,1,0,1,3,0,1,0,2,1,1,3,0,1,0,0,7,5,3.0,1.571428571,1.875
20200616LTWO0,2020-06-16,LT,WO,0,T,0,W,1,27,156,37,32,6,2,0,2,0,0,0,1,4,1,0,8,1,0,0,0,5,4,1.5,0.75,2.142857143
20200616NCHT0,2020-06-16,HT,NC,0,B,0,W,1,27,167,39,36,10,3,0,0,1,0,0,0,2,0,1,12,1,2,0,0,4,4,1.5,1.434782609,1.0
20200616NCHT0,2020-06-16,NC,HT,0,T,0,L,0,24,160,40,30,8,0,0,0,0,0,2,0,8,0,0,9,1,0,0,0,7,7,1.5,1.714285714,1.2
20200616SSOB0,2020-06-16,OB,SS,0,B,0,L,0,27,151,37,32,8,3,0,0,0,0,0,1,2,0,2,11,1,0,0,1,4,3,1.0,0.954545455,1.285714286
20200616SSOB0,2020-06-16,SS,OB,0,T,0,W,1,27,169,42,30,6,1,0,0,2,0,1,1,10,1,0,5,2,0,0,0,3,2,1.0,2.045454545,1.636363636
20200617KTSK0,2020-06-17,SK,KT,0,B,0,L,0,30,202,46,39,12,3,0,1,3,0,0,1,6,1,0,11,2,3,0,0,6,5,1.909090909,1.8,1.5
20200617KTSK0,2020-06-17,KT,SK,0,T,0,W,0,30,155,41,37,10,1,0,1,0,1,1,0,3,0,0,7,0,0,0,0,4,4,1.8,1.3,1.5
20200617LGHH0,2020-06-17,HH,LG,0,B,0,L,0,27,151,41,35,13,1,0,0,1,1,2,0,4,0,0,3,1,0,0,0,7,5,3.0,3.333333333,1.8
20200617LGHH0,2020-06-17,LG,HH,0,T,0,W,0,27,160,39,32,5,2,0,0,1,0,0,0,4,0,3,11,0,0,0,0,1,1,0.230769231,0.666666667,1.125
20200617LTWO0,2020-06-17,WO,LT,0,B,0,W,0,27,134,35,33,9,2,0,1,1,1,0,0,1,0,1,7,2,2,0,0,3,3,0.375,1.090909091,0.9
20200617LTWO0,2020-06-17,LT,WO,0,T,0,L,2,25,157,39,31,9,3,0,0,0,0,0,0,8,1,0,6,2,1,0,0,4,4,1.875,1.95,3.0
20200617NCHT0,2020-06-17,HT,NC,0,B,0,W,2,27,154,39,34,7,1,0,1,3,0,0,0,3,0,2,6,1,0,0,0,6,4,0.857142857,0.84,0.9
20200617NCHT0,2020-06-17,NC,HT,0,T,0,L,0,24,118,35,31,10,0,0,1,1,0,2,0,2,0,0,2,1,0,0,0,7,7,2.5,1.5,1.5
20200617SSOB0,2020-06-17,OB,SS,0,B,0,L,0,27,169,41,38,10,3,0,1,1,0,0,0,3,0,0,9,2,2,0,0,6,6,0.75,1.8,2.333333333
20200617SSOB0,2020-06-17,SS,OB,0,T,0,W,2,27,126,35,32,8,1,0,2,0,0,0,1,1,0,1,3,2,0,0,0,3,3,0.0,1.058823529,1.5
20200618KTSK0,2020-06-18,SK,KT,0,B,0,L,0,27,165,42,37,13,2,0,0,5,1,1,0,4,0,0,10,1,0,0,0,5,5,1.5,2.470588235,2.333333333
20200618KTSK0,2020-06-18,KT,SK,0,T,0,W,1,27,136,35,29,7,0,0,2,0,0,0,0,5,0,1,4,4,2,0,0,3,3,1.5,1.235294118,1.333333333
20200618LGHH0,2020-06-18,HH,LG,0,B,0,L,0,27,178,44,36,11,2,0,1,3,3,0,0,7,2,1,7,1,2,0,1,9,7,2.4,2.125,3.0
20200618LGHH0,2020-06-18,LG,HH,0,T,0,W,2,27,155,41,35,9,2,0,0,1,1,0,0,4,0,2,7,0,0,0,0,7,6,1.125,1.043478261,1.5
20200618LTWO0,2020-06-18,WO,LT,0,B,0,W,1,30,132,39,37,10,2,0,0,1,0,1,0,1,0,0,4,3,0,1,0,2,1,1.0,1.1,0.461538462
20200618LTWO0,2020-06-18,LT,WO,0,T,0,L,0,28,150,35,32,5,1,0,0,1,0,1,1,1,0,0,13,0,1,0,0,3,3,0.0,0.642857143,0.666666667
20200618SSOB0,2020-06-18,OB,SS,0,B,0,W,1,27,133,34,29,6,1,0,0,1,0,0,1,4,0,0,1,4,0,0,0,3,1,1.285714286,1.363636364,0.9
20200618SSOB0,2020-06-18,SS,OB,0,T,0,L,0,24,164,40,36,12,1,0,1,2,0,0,0,4,0,0,4,1,1,0,1,7,7,2.25,2.333333333,3.5
20200619HHNC0,2020-06-19,NC,HH,0,B,0,W,1,27,120,32,31,4,3,0,1,0,0,0,0,1,0,0,12,0,0,0,0,1,1,0.6,0.444444444,0.6
20200619HHNC0,2020-06-19,HH,NC,0,T,0,L,0,24,124,32,30,7,2,0,1,0,0,0,0,2,0,0,8,1,0,0,0,3,3,0.6,1.173913043,1.5
20200619LTKT0,2020-06-19,KT,LT,0,B,0,W,0,30,146,49,44,14,3,0,3,1,0,1,0,4,1,0,2,0,0,0,0,8,8,1.5,2.0,2.1
20200619LTKT0,2020-06-19,LT,KT,0,T,0,L,0,29,166,47,41,15,3,0,3,0,0,1,1,4,0,0,9,1,0,0,0,9,9,1.875,1.071428571,2.0
20200619OBLG0,2020-06-19,LG,OB,0,B,0,L,0,27,197,58,46,20,3,1,0,0,0,0,3,7,0,2,5,1,0,0,0,18,18,2.470588235,0.0,5.1428571430000005
20200619OBLG0,2020-06-19,OB,LG,0,T,0,W,0,27,188,49,42,15,2,0,0,0,0,0,1,4,0,2,10,0,1,0,0,10,9,1.235294118,0.0,1.636363636
20200619SKWO0,2020-06-19,WO,SK,0,B,0,W,0,27,115,34,33,8,0,0,0,0,0,0,0,1,0,0,6,2,1,0,0,1,1,0.0,1.0,0.818181818
20200619SKWO0,2020-06-19,SK,WO,0,T,0,L,1,25,135,33,28,5,1,0,0,1,0,1,0,4,0,0,6,0,0,0,0,2,2,4.5,1.08,1.5
20200619SSHT0,2020-06-19,HT,SS,0,B,0,W,1,27,164,40,30,7,0,0,0,2,0,2,1,7,0,0,7,2,1,0,0,4,4,1.25,1.615384615,1.2
20200619SSHT0,2020-06-19,SS,HT,0,T,0,L,0,24,167,37,33,11,3,0,2,0,0,1,0,3,0,0,12,3,0,0,0,5,3,0.6,1.5,2.142857143
20200620HHNC0,2020-06-20,NC,HH,0,B,0,L,0,27,153,36,33,9,4,0,0,1,1,1,0,2,0,0,10,1,0,0,0,4,4,1.0,1.6,1.333333333
20200620HHNC0,2020-06-20,HH,NC,0,T,0,W,2,27,139,36,34,8,0,0,1,1,0,0,1,0,0,1,10,0,0,0,0,3,2,0.428571429,0.5625,1.0
20200620LTKT0,2020-06-20,KT,LT,0,B,0,L,0,27,162,46,41,14,5,0,0,0,0,0,0,5,1,0,6,0,2,0,0,8,8,2.5,1.5,2.625
20200620LTKT0,2020-06-20,LT,KT,0,T,0,W,0,27,129,34,31,5,1,0,0,1,0,0,0,3,0,0,11,1,2,0,0,0,0,0.428571429,0.833333333,2.142857143
20200620OBLG0,2020-06-20,LG,OB,0,B,0,L,0,27,150,40,36,11,5,1,1,1,1,0,0,3,0,1,9,1,0,0,0,8,8,3.0,2.4,0.75
20200620OBLG0,2020-06-20,OB,LG,0,T,0,W,0,27,150,34,33,8,1,0,0,1,0,0,0,1,0,0,6,2,1,0,0,2,2,0.5,0.0,1.5
20200620SKWO0,2020-06-20,WO,SK,0,B,0,W,2,27,125,38,36,10,0,0,1,1,0,0,0,2,0,0,6,1,0,0,0,3,2,1.8,1.714285714,3.0
20200620SKWO0,2020-06-20,SK,WO,0,T,0,L,0,24,159,40,31,10,1,1,4,0,1,0,1,6,0,2,6,1,0,1,0,9,9,3.6,1.95,1.666666667
20200620SSHT0,2020-06-20,HT,SS,0,B,0,W,0,27,163,38,36,9,4,0,0,2,0,0,0,2,0,0,6,0,0,0,0,3,3,1.25,2.0,2.142857143
20200620SSHT0,2020-06-20,SS,HT,0,T,0,L,0,24,147,38,31,9,2,0,2,0,1,1,0,6,0,0,5,0,1,0,0,6,6,1.363636364,5.4,1.0
20200621HHNC0,2020-06-21,NC,HH,0,B,0,W,1,27,170,43,34,7,0,1,0,0,1,0,0,8,0,1,5,0,1,0,0,7,7,1.5,1.0,1.0
20200621HHNC0,2020-06-21,HH,NC,0,T,0,L,0,24,149,40,35,11,2,0,1,1,0,0,1,4,0,0,8,0,1,0,0,9,7,2.25,2.0,2.25
20200621LTKT0,2020-06-21,KT,LT,0,B,0,W,1,27,130,36,35,9,0,0,0,0,0,0,0,1,0,0,7,1,0,0,0,2,2,0.857142857,0.6315789470000001,1.5
20200621LTKT0,2020-06-21,LT,KT,0,T,0,L,0,24,109,29,29,6,0,0,2,1,0,0,0,0,0,0,4,1,0,0,0,3,3,0.0,1.058823529,1.5
20200621OBLG0,2020-06-21,LG,OB,0,B,0,L,0,27,195,45,36,8,3,0,0,1,0,0,1,6,1,2,7,1,2,0,0,3,3,1.071428571,1.5,1.8
20200621OBLG0,2020-06-21,OB,LG,0,T,0,W,0,27,124,35,35,9,2,0,0,0,0,0,0,0,0,0,6,1,0,0,0,1,1,0.333333333,0.947368421,1.0
20200621SKWO0,2020-06-21,WO,SK,0,B,0,W,0,27,119,34,32,4,1,1,1,0,0,0,0,1,0,1,9,1,0,0,0,2,2,1.0,1.0,1.5
20200621SKWO0,2020-06-21,SK,WO,0,T,0,L,0,24,180,43,35,10,0,1,0,5,0,0,0,7,0,1,10,0,1,0,0,7,7,2.7,2.666666667,2.0
20200621SSHT0,2020-06-21,HT,SS,0,B,0,L,0,27,175,45,43,17,2,0,3,0,0,0,0,2,0,0,6,3,0,0,0,12,11,4.5,1.636363636,2.333333333
20200621SSHT0,2020-06-21,SS,HT,0,T,0,W,0,27,152,36,35,10,0,0,1,0,0,0,1,0,0,0,5,1,0,0,0,5,4,2.25,1.0,1.0
20200623HHSS0,2020-06-23,SS,HH,0,B,0,W,0,27,176,43,37,12,2,0,1,0,0,0,1,4,0,1,9,0,0,0,0,4,4,1.071428571,1.0,2.25
20200623HHSS0,2020-06-23,HH,SS,0,T,0,L,0,24,172,43,36,11,1,0,1,0,0,0,0,6,0,1,6,1,1,0,0,11,6,4.5,1.588235294,1.875
20200623HTLT0,2020-06-23,LT,HT,0,B,0,W,0,27,135,37,35,11,1,0,1,1,0,0,0,2,0,0,4,3,0,0,0,3,3,0.75,1.263157895,2.571428571
20200623HTLT0,2020-06-23,HT,LT,0,T,0,L,1,25,129,35,30,8,2,0,0,0,1,1,0,4,0,0,8,1,0,0,0,4,4,2.571428571,1.5,1.5
20200623NCKT0,2020-06-23,KT,NC,0,B,0,L,0,27,132,36,31,7,2,0,1,0,1,1,1,3,0,0,4,0,0,0,0,4,4,1.8,1.111111111,1.0
20200623NCKT0,2020-06-23,NC,KT,0,T,0,W,1,27,131,36,33,8,2,0,2,0,0,0,0,3,1,0,6,0,0,1,0,3,3,0.75,1.222222222,1.875
20200623OBSK0,2020-06-23,SK,OB,0,B,0,L,0,27,184,47,42,13,5,0,1,1,0,0,0,5,0,0,7,0,2,0,0,9,8,2.1,3.0,3.428571429
20200623OBSK0,2020-06-23,OB,SK,0,T,0,W,0,27,159,40,40,14,0,0,0,0,0,0,0,0,0,0,12,0,2,0,0,2,2,1.5,0.5,0.818181818
20200623WOLG0,2020-06-23,LG,WO,0,B,0,L,0,27,167,46,40,14,1,1,4,0,1,0,0,4,0,2,7,1,0,0,0,8,7,1.125,2.571428571,4.5
20200623WOLG0,2020-06-23,WO,LG,0,T,0,W,0,27,124,40,37,11,2,0,0,1,0,0,1,2,1,0,6,0,0,0,0,3,3,0.818181818,1.5,1.666666667
20200624HHSS0,2020-06-24,SS,HH,0,B,0,W,0,27,148,36,31,7,2,0,1,0,0,0,0,5,0,0,5,3,0,0,0,2,2,1.5,1.333333333,1.090909091
20200624HHSS0,2020-06-24,HH,SS,0,T,0,L,2,26,194,41,36,12,1,0,0,4,2,0,1,4,0,0,15,0,1,0,0,3,2,0.857142857,1.846153846,2.25
20200625HHSS0,2020-06-25,SS,HH,0,B,0,L,0,27,156,44,39,13,0,1,1,0,0,0,0,3,0,2,7,1,1,0,1,9,9,1.615384615,3.75,1.0
20200625HHSS0,2020-06-25,HH,SS,0,T,0,W,0,27,141,37,34,7,3,0,0,0,0,0,0,3,0,0,9,0,0,0,0,2,2,0.6,0.0,1.5
20200625NCKT1,2020-06-25,KT,NC,1,B,0,L,0,27,138,37,32,6,1,0,2,0,1,0,0,4,0,1,5,0,0,0,0,3,3,0.0,1.111111111,0.6
20200625NCKT1,2020-06-25,NC,KT,1,T,0,W,3,27,160,38,30,6,0,0,0,0,0,0,1,6,0,1,6,1,0,0,0,1,1,0.3,1.333333333,2.25
20200625NCKT2,2020-06-25,KT,NC,2,B,0,W,0,27,132,39,37,10,1,0,1,0,0,0,1,1,0,0,2,1,0,0,0,6,2,1.285714286,0.375,0.9
20200625NCKT2,2020-06-25,NC,KT,2,T,0,L,0,24,175,50,43,17,2,0,1,0,0,1,1,3,0,2,6,0,1,0,0,19,16,3.0,3.0,2.1
20200625OBSK1,2020-06-25,SK,OB,1,B,0,L,0,27,190,53,45,18,1,1,4,0,0,0,0,8,0,0,3,0,2,0,0,14,14,2.625,5.571428571,1.909090909
20200625OBSK1,2020-06-25,OB,SK,1,T,0,W,0,27,151,42,39,14,1,1,1,0,0,0,0,3,0,0,4,1,0,0,0,6,6,2.0,3.0,1.363636364
20200625OBSK2,2020-06-25,SK,OB,2,B,0,W,0,27,108,33,31,4,0,0,0,0,0,0,0,2,0,0,9,0,0,0,0,0,0,0.0,1.0,1.5
20200625OBSK2,2020-06-25,OB,SK,2,T,0,L,0,24,182,43,33,10,1,0,1,1,0,1,1,7,0,1,6,0,0,0,0,7,6,1.25,2.142857143,1.666666667
20200625WOLG1,2020-06-25,LG,WO,1,B,0,L,0,27,171,41,33,9,2,0,1,1,0,0,1,6,0,1,4,1,1,0,0,5,5,2.25,1.2,1.5
20200625WOLG1,2020-06-25,WO,LG,1,T,0,W,2,27,147,36,34,9,1,0,0,0,1,0,1,0,0,1,7,0,0,0,0,2,2,0.75,0.692307692,1.333333333
20200625WOLG2,2020-06-25,LG,WO,2,B,0,L,2,27,161,42,33,7,2,0,1,0,0,1,1,6,1,1,10,0,0,0,0,8,8,4.2,1.0,1.090909091
20200625WOLG2,2020-06-25,WO,LG,2,T,0,W,0,27,143,40,37,10,2,1,0,0,0,2,0,1,0,0,9,0,0,0,1,5,5,1.0,1.285714286,0.9
20200626HTWO0,2020-06-26,WO,HT,0,B,0,L,0,27,171,41,36,12,2,0,2,1,0,0,0,5,0,0,8,3,0,0,0,8,8,2.5,1.875,1.636363636
20200626HTWO0,2020-06-26,HT,WO,0,T,0,W,1,27,162,45,41,13,2,1,2,2,0,0,0,3,0,1,7,1,2,0,0,6,5,1.2,2.25,2.0
20200626KTHH0,2020-06-26,HH,KT,0,B,0,W,2,27,163,38,35,10,0,0,1,0,0,0,0,3,0,0,8,1,0,0,0,4,4,2.0,1.0,1.333333333
20200626KTHH0,2020-06-26,KT,HH,0,T,0,L,0,24,136,39,36,14,1,0,0,0,0,1,0,2,0,0,3,2,0,0,0,7,6,1.5,3.0,1.5
20200626LGSK0,2020-06-26,SK,LG,0,B,0,W,1,27,134,33,27,3,0,0,0,0,1,0,0,5,0,1,4,2,0,0,0,0,0,2.0,0.5,0.6
20200626LGSK0,2020-06-26,LG,SK,0,T,0,L,0,24,132,36,30,9,0,0,1,0,0,1,0,5,0,0,4,2,1,0,0,7,6,1.714285714,1.6,2.142857143
20200626NCOB0,2020-06-26,OB,NC,0,B,0,L,1,27,166,40,32,11,1,1,0,1,0,2,1,4,0,1,7,4,0,0,1,9,8,3.5,1.875,1.363636364
20200626NCOB0,2020-06-26,NC,OB,0,T,0,W,1,27,145,37,32,7,2,0,0,0,0,0,0,5,0,0,4,2,1,0,0,3,3,1.285714286,1.5,1.875
20200626SSLT0,2020-06-26,LT,SS,0,B,0,L,0,30,139,44,40,13,3,0,1,1,0,0,1,2,0,1,4,0,1,0,1,6,6,1.875,1.5,1.25
20200626SSLT0,2020-06-26,SS,LT,0,T,0,W,0,30,136,41,39,9,2,0,1,2,0,0,0,2,0,0,4,0,0,0,0,4,4,1.0,0.931034483,1.090909091
20200627HTWO0,2020-06-27,WO,HT,0,B,0,W,0,27,99,30,29,2,2,0,0,0,0,0,0,1,0,0,5,0,0,0,0,0,0,0.0,0.333333333,0.333333333
20200627HTWO0,2020-06-27,HT,WO,0,T,0,L,0,24,147,34,29,5,2,1,0,0,0,0,0,5,0,0,5,0,0,0,0,2,2,0.375,1.25,1.5
20200627KTHH0,2020-06-27,HH,KT,0,B,0,L,0,27,171,45,31,6,0,0,2,2,0,3,0,10,2,1,14,1,1,1,0,7,5,1.636363636,1.625,1.666666667
20200627KTHH0,2020-06-27,KT,HH,0,T,0,W,2,27,159,36,33,7,0,0,0,1,0,0,0,3,0,0,6,1,0,0,0,2,2,4.0,1.125,0.545454545
20200627LGSK0,2020-06-27,SK,LG,0,B,0,L,0,27,134,39,35,11,3,0,0,1,1,2,0,2,0,0,7,1,0,0,0,3,2,2.5,1.56,0.545454545
20200627LGSK0,2020-06-27,LG,SK,0,T,1,W,0,27,115,32,30,3,0,0,0,0,0,0,0,2,0,0,6,0,0,0,0,0,0,0.75,0.25,0.6
20200627NCOB0,2020-06-27,OB,NC,0,B,0,W,0,27,123,35,33,6,1,0,2,0,0,0,0,1,0,1,7,0,0,0,0,3,3,1.5,0.75,1.0
20200627NCOB0,2020-06-27,NC,OB,0,T,0,L,0,24,150,40,33,13,1,0,2,0,0,0,2,5,0,0,4,1,1,0,0,12,12,3.0,2.1,2.625
20200627SSLT0,2020-06-27,LT,SS,0,B,0,L,0,27,143,40,37,12,2,0,1,4,0,2,0,1,0,0,5,0,0,0,0,6,6,2.571428571,1.8,1.666666667
20200627SSLT0,2020-06-27,SS,LT,0,T,0,W,0,27,150,34,29,6,0,0,0,0,1,0,1,4,0,0,9,1,1,0,0,1,1,1.5,1.2,1.5
20200628HTWO0,2020-06-28,WO,HT,0,B,0,W,1,27,122,30,26,2,0,0,0,0,0,1,0,3,0,0,10,2,0,0,0,0,0,0.0,0.5555555560000001,0.333333333
20200628HTWO0,2020-06-28,HT,WO,0,T,0,L,0,24,125,34,29,6,0,0,0,0,0,2,0,3,0,0,12,0,2,0,0,1,1,1.125,1.125,0.0
20200628KTHH0,2020-06-28,HH,KT,0,B,0,L,0,27,153,39,34,9,2,0,2,0,0,1,0,4,0,0,11,1,0,0,0,8,8,3.6,4.8,0.818181818
20200628KTHH0,2020-06-28,KT,HH,0,T,0,W,0,27,144,36,33,8,2,0,1,0,0,1,0,2,0,0,7,1,0,0,0,4,4,1.2,1.2,0.6
20200628LGSK0,2020-06-28,SK,LG,0,B,0,L,0,27,140,38,35,10,1,0,1,0,2,1,0,2,0,0,4,0,1,0,0,4,3,1.5,1.227272727,1.0
20200628LGSK0,2020-06-28,LG,SK,0,T,0,W,1,27,122,33,32,5,1,0,0,0,0,0,0,1,0,0,9,0,0,0,0,0,0,0.0,0.571428571,1.0
20200628NCOB0,2020-06-28,OB,NC,0,B,0,L,0,27,166,40,38,12,1,0,3,0,1,0,0,2,0,0,8,0,1,0,0,5,5,2.0,1.615384615,1.090909091
20200628NCOB0,2020-06-28,NC,OB,0,T,0,W,0,27,120,35,33,5,0,0,0,0,0,0,0,2,0,0,7,0,1,0,0,0,0,1.0,0.5,0.666666667
20200628SSLT0,2020-06-28,LT,SS,0,B,0,W,0,27,98,32,32,5,0,0,1,1,0,0,0,0,0,0,3,0,0,0,0,3,3,3.0,0.461538462,0.6
20200628SSLT0,2020-06-28,SS,LT,0,T,0,L,0,24,164,38,34,10,4,0,1,2,0,0,1,2,0,1,5,0,0,0,0,7,7,1.5,2.538461538,1.125
20200630KTLG0,2020-06-30,LG,KT,0,B,0,W,1,33,215,52,40,10,2,0,0,2,0,2,0,8,1,2,8,1,1,0,0,3,3,0.642857143,1.636363636,1.5
20200630KTLG0,2020-06-30,KT,LG,0,T,0,L,0,31,156,43,38,10,2,0,1,1,0,1,1,3,0,0,4,1,0,0,0,4,4,1.285714286,1.258064516,0.75
20200630LTNC0,2020-06-30,NC,LT,0,B,0,L,0,33,190,54,43,15,1,0,3,0,1,2,0,9,2,0,4,2,1,0,0,10,9,1.25,2.25,2.181818182
20200630LTNC0,2020-06-30,LT,NC,0,T,0,W,0,33,174,48,40,11,2,0,3,0,0,2,1,4,2,1,8,1,1,0,0,8,8,1.285714286,1.272727273,1.5
20200630OBWO0,2020-06-30,WO,OB,0,B,0,W,0,27,132,35,33,7,2,0,1,0,0,0,0,1,0,1,5,1,0,0,0,2,2,0.375,0.8,3.0
20200630OBWO0,2020-06-30,OB,WO,0,T,0,L,0,24,163,42,35,14,6,0,0,1,0,1,2,4,0,0,9,0,0,0,1,11,10,2.454545455,1.5,2.0
20200630SKSS0,2020-06-30,SS,SK,0,B,0,W,2,27,135,33,32,5,1,0,1,0,1,0,0,1,0,0,7,1,0,0,1,1,1,0.0,0.75,0.272727273
20200630SKSS0,2020-06-30,SK,SS,0,T,0,L,0,24,155,38,32,8,2,0,1,1,0,1,0,3,0,2,10,0,0,0,0,4,4,1.666666667,1.434782609,1.714285714
20200701HHHT0,2020-07-01,HT,HH,0,B,0,W,0,27,153,40,32,12,1,0,0,0,0,3,1,4,0,0,4,4,1,0,0,3,3,0.642857143,1.777777778,1.0
20200701HHHT0,2020-07-01,HH,HT,0,T,0,L,1,26,141,40,35,11,1,0,0,0,1,1,0,2,1,2,8,0,0,0,0,4,4,3.6,1.5,2.25
20200701KTLG0,2020-07-01,LG,KT,0,B,0,L,0,27,153,45,44,19,4,0,3,0,1,0,0,1,0,0,6,2,0,0,0,11,10,1.875,12.0,4.5
20200701KTLG0,2020-07-01,KT,LG,0,T,0,W,0,27,138,39,33,9,1,0,0,0,0,0,1,4,0,1,5,2,0,1,0,5,5,1.0,0.0,0.818181818
20200701LTNC0,2020-07-01,NC,LT,0,B,0,W,0,27,129,32,30,6,2,0,1,0,0,1,0,1,0,0,11,1,0,0,0,2,2,0.428571429,0.692307692,0.6
20200701LTNC0,2020-07-01,LT,NC,0,T,0,L,0,24,120,34,29,6,1,0,2,1,0,1,0,4,0,0,3,0,0,0,0,6,5,4.5,1.666666667,1.5
20200701OBWO0,2020-07-01,WO,OB,0,B,0,L,0,27,163,45,42,19,3,0,1,0,0,0,0,3,0,0,4,2,1,0,0,14,14,7.8,0.0,3.0
20200701OBWO0,2020-07-01,OB,WO,0,T,0,W,0,27,136,43,39,11,1,0,0,0,0,0,0,4,0,0,4,0,1,0,0,5,3,1.875,0.0,1.2
20200701SKSS0,2020-07-01,SS,SK,0,B,1,W,0,27,112,31,30,4,0,0,1,0,0,0,0,1,0,0,7,1,0,0,0,1,1,0.0,0.5,1.125
20200701SKSS0,2020-07-01,SK,SS,0,T,0,L,0,24,168,38,33,10,2,0,0,1,1,0,0,4,0,1,8,1,0,0,1,7,5,1.5,2.1,1.714285714
20200702HHHT0,2020-07-02,HT,HH,0,B,0,W,1,27,163,39,32,9,0,0,1,0,0,0,0,7,0,0,7,3,0,0,0,1,1,0.333333333,1.8,0.75
20200702HHHT0,2020-07-02,HH,HT,0,T,0,L,0,24,157,40,37,13,3,0,0,0,0,0,0,3,0,0,4,1,0,0,0,7,6,2.0,2.307692308,2.0
20200702KTLG0,2020-07-02,LG,KT,0,B,0,L,1,30,183,44,41,15,2,0,2,1,1,0,0,2,0,1,10,2,0,0,0,4,4,1.875,1.7,2.666666667
20200702KTLG0,2020-07-02,KT,LG,0,T,0,W,0,30,111,34,34,7,1,0,0,0,0,0,0,0,0,0,4,2,0,0,0,3,3,6.0,0.7,1.333333333
20200702LTNC0,2020-07-02,NC,LT,0,B,0,W,0,27,167,43,35,10,2,0,1,1,0,0,1,5,0,2,5,1,1,0,0,7,7,2.5,1.25,0.545454545
20200702LTNC0,2020-07-02,LT,NC,0,T,0,L,0,24,170,40,38,14,1,0,1,1,0,1,0,1,0,0,7,0,2,0,0,9,6,2.5,2.0,3.0
20200702OBWO0,2020-07-02,WO,OB,0,B,0,W,1,27,180,46,37,10,1,0,0,0,0,0,0,7,0,2,7,1,1,0,0,7,6,2.7,1.941176471,3.428571429
20200702OBWO0,2020-07-02,OB,WO,0,T,0,L,0,24,167,45,38,16,3,1,2,0,0,0,1,6,0,0,6,1,0,0,0,10,10,2.25,2.307692308,3.428571429
20200702SKSS0,2020-07-02,SS,SK,0,B,0,W,1,27,140,37,35,10,2,0,0,0,0,1,0,1,0,0,7,1,1,0,0,2,2,0.6,1.285714286,3.0
20200702SKSS0,2020-07-02,SK,SS,0,T,0,L,0,24,162,38,32,11,1,0,1,0,2,0,0,6,0,0,9,1,0,0,0,6,6,1.875,2.5,1.875
20200703HHOB0,2020-07-03,OB,HH,0,B,0,W,0,27,152,35,32,5,1,0,0,1,0,0,0,3,1,0,10,0,0,0,0,1,1,1.8,0.8888888890000001,0.6
20200703HHOB0,2020-07-03,HH,OB,0,T,0,L,1,24,137,35,28,7,1,0,1,0,0,1,0,6,0,0,5,1,0,0,0,2,2,0.818181818,1.625,1.5
20200703HTNC0,2020-07-03,NC,HT,0,B,0,L,0,27,140,39,34,9,3,0,2,1,0,0,2,3,0,0,4,0,1,0,0,8,8,1.285714286,1.588235294,1.333333333
20200703HTNC0,2020-07-03,HT,NC,0,T,0,W,1,27,133,36,34,9,0,1,0,1,0,0,0,2,0,0,6,2,0,0,0,2,2,0.375,0.705882353,1.875
20200703LGSS0,2020-07-03,SS,LG,0,B,0,W,3,24,168,37,33,10,1,0,4,0,1,0,0,4,0,0,8,0,1,0,0,7,7,1.5,1.0,1.5
20200703LGSS0,2020-07-03,LG,SS,0,T,0,L,0,21,106,34,32,11,2,2,0,2,0,0,1,1,0,0,7,0,0,0,0,9,4,2.333333333,2.0,2.142857143
20200703SKLT0,2020-07-03,LT,SK,0,B,0,L,0,27,152,42,40,12,1,0,2,0,0,0,0,2,0,0,7,1,0,0,2,7,5,1.714285714,1.95,2.333333333
20200703SKLT0,2020-07-03,SK,LT,0,T,0,W,3,25,172,43,32,9,3,0,0,1,0,1,1,9,0,0,2,0,1,0,0,4,4,1.615384615,2.166666667,1.5
20200703WOKT0,2020-07-03,KT,WO,0,B,0,W,0,27,156,38,33,6,1,0,1,1,0,0,0,5,0,0,8,1,2,0,0,2,2,0.818181818,1.222222222,3.0
20200703WOKT0,2020-07-03,WO,KT,0,T,0,L,0,26,165,38,35,11,1,0,0,1,0,1,0,2,0,0,8,1,0,1,0,3,1,1.363636364,1.5,0.6
20200704HHOB0,2020-07-04,OB,HH,0,B,0,L,0,27,138,39,36,10,5,0,0,1,0,0,0,3,0,0,5,1,0,0,0,6,6,0.75,2.7,0.818181818
20200704HHOB0,2020-07-04,HH,OB,0,T,0,W,0,27,172,43,38,10,1,0,0,1,0,0,0,4,0,1,7,0,0,0,0,2,1,0.9,2.0,2.0
20200704HTNC0,2020-07-04,NC,HT,0,B,0,W,0,27,127,37,32,8,0,0,0,0,0,0,0,3,0,2,6,2,0,0,0,2,2,0.666666667,0.75,1.125
20200704HTNC0,2020-07-04,HT,NC,0,T,0,L,0,24,104,38,35,14,6,0,3,0,0,2,1,0,0,0,2,0,0,0,0,9,9,1.2,2.333333333,2.142857143
20200704LGSS0,2020-07-04,SS,LG,0,B,0,W,4,36,184,50,42,8,3,0,1,0,0,1,1,5,0,1,10,0,0,1,0,6,6,1.714285714,1.083333333,0.6
20200704LGSS0,2020-07-04,LG,SS,0,T,0,L,0,35,187,52,46,13,2,0,2,0,0,1,0,5,0,0,10,1,0,0,0,7,7,2.0,1.5428571430000002,1.153846154
20200704SKLT0,2020-07-04,LT,SK,0,B,0,W,1,27,159,38,36,10,0,0,2,0,0,0,0,1,0,1,7,1,0,0,0,4,4,1.2,2.0,3.0
20200704SKLT0,2020-07-04,SK,LT,0,T,0,L,0,24,185,44,37,14,2,0,1,2,0,0,0,5,0,2,3,2,1,0,0,10,9,2.7,6.0,1.25
20200704WOKT0,2020-07-04,KT,WO,0,B,0,L,1,27,142,40,33,12,4,0,1,1,0,0,2,4,0,1,3,3,0,0,1,10,10,2.7,1.5,0.692307692
20200704WOKT0,2020-07-04,WO,KT,0,T,0,W,1,27,210,45,38,12,2,0,2,4,1,0,0,7,0,0,9,0,0,0,0,6,6,1.384615385,2.25,1.090909091
20200705HHOB0,2020-07-05,OB,HH,0,B,0,W,2,27,142,36,35,10,2,0,0,1,0,0,0,1,0,0,8,1,0,0,0,4,4,2.25,1.5,2.142857143
20200705HHOB0,2020-07-05,HH,OB,0,T,0,L,0,24,140,40,37,14,2,0,1,3,0,0,0,3,1,0,6,1,4,0,0,7,7,3.428571429,2.25,1.666666667
20200705HTNC0,2020-07-05,NC,HT,0,B,0,W,0,27,155,37,33,8,1,0,1,0,0,0,0,3,0,1,5,2,0,0,0,6,6,3.0,1.2,2.142857143
20200705HTNC0,2020-07-05,HT,NC,0,T,0,L,1,26,137,39,35,8,2,1,2,1,0,0,0,4,0,0,6,0,0,0,0,7,7,1.8,1.038461538,1.5
20200705LGSS0,2020-07-05,SS,LG,0,B,0,L,3,27,193,45,35,7,0,0,1,1,0,0,0,7,0,3,4,0,1,1,1,7,7,2.4,1.565217391,0.6
20200705LGSS0,2020-07-05,LG,SS,0,T,0,W,0,27,154,38,37,11,5,0,1,1,0,0,0,1,0,0,7,1,0,0,0,3,3,1.5,1.285714286,1.0
20200705SKLT0,2020-07-05,LT,SK,0,B,0,L,0,27,141,38,34,10,2,0,2,1,1,1,0,3,1,0,9,0,2,0,0,6,6,2.0,1.625,1.5
20200705SKLT0,2020-07-05,SK,LT,0,T,0,W,2,27,146,36,32,7,2,0,0,0,0,0,1,3,0,0,10,2,1,0,0,3,3,1.5,0.954545455,1.5
20200705WOKT0,2020-07-05,KT,WO,0,B,0,W,0,27,177,43,38,13,0,0,1,1,0,0,0,5,0,0,8,3,0,0,0,5,5,1.666666667,1.0,2.333333333
20200705WOKT0,2020-07-05,WO,KT,0,T,0,L,0,24,153,38,35,14,1,0,2,0,0,0,1,2,0,0,6,1,0,0,0,10,10,4.5,3.0,4.2
20200707KTHT0,2020-07-07,HT,KT,0,B,0,L,0,27,186,42,34,9,0,0,1,0,0,0,1,7,0,0,8,1,2,1,1,8,6,1.714285714,2.538461538,1.5
20200707KTHT0,2020-07-07,KT,HT,0,T,0,W,0,27,141,37,32,5,2,0,1,0,0,0,0,4,0,1,9,0,0,0,1,2,2,0.375,1.75,1.714285714
20200707LGOB0,2020-07-07,OB,LG,0,B,0,W,2,27,150,40,37,12,1,1,2,1,0,0,0,3,0,0,6,0,1,0,0,6,6,0.3,1.6,1.2
20200707LGOB0,2020-07-07,LG,OB,0,T,0,L,0,24,146,40,35,14,2,0,1,0,0,0,2,2,0,1,1,1,0,0,1,9,8,0.923076923,2.571428571,1.090909091
20200707LTHH0,2020-07-07,HH,LT,0,B,0,W,2,36,232,57,48,14,3,0,2,1,0,1,0,8,0,0,9,1,1,0,0,6,6,1.0,1.636363636,1.75
20200707LTHH0,2020-07-07,LT,HH,0,T,0,L,0,34,186,51,43,10,3,0,2,1,0,1,1,6,0,0,7,0,1,0,0,7,5,0.923076923,1.655172414,0.857142857
20200707NCSK0,2020-07-07,SK,NC,0,B,0,L,0,27,128,36,33,8,4,0,0,1,0,0,1,2,0,0,9,1,1,0,0,5,5,1.0,1.25,0.6
20200707NCSK0,2020-07-07,NC,SK,0,T,0,W,1,27,147,40,36,12,1,0,0,0,2,0,0,4,0,0,8,2,1,0,0,4,4,1.714285714,1.384615385,1.090909091
20200707SSWO0,2020-07-07,WO,SS,0,B,0,L,0,27,183,48,43,20,2,0,0,0,1,0,2,3,0,0,5,1,2,0,0,13,10,2.727272727,3.6,2.666666667
20200707SSWO0,2020-07-07,SS,WO,0,T,0,W,0,27,144,33,29,6,0,0,0,0,0,0,1,3,0,0,5,3,0,0,0,2,2,0.0,2.0,0.818181818
20200708KTHT0,2020-07-08,HT,KT,0,B,0,L,0,27,163,38,34,9,2,1,1,2,0,0,0,4,0,0,7,2,0,0,0,7,7,4.0,1.894736842,1.0
20200708KTHT0,2020-07-08,KT,HT,0,T,0,W,1,27,141,37,35,9,1,0,1,0,0,0,1,0,0,1,9,0,0,0,0,4,4,1.2,0.705882353,1.0
20200708LGOB0,2020-07-08,OB,LG,0,B,0,L,0,27,159,42,35,11,3,0,2,0,0,0,1,5,0,1,4,2,0,0,0,8,8,2.4,3.857142857,2.333333333
20200708LGOB0,2020-07-08,LG,OB,0,T,0,W,1,27,155,43,41,15,1,0,0,1,0,0,0,2,0,0,9,1,0,0,0,5,5,2.0,0.0,2.0
20200708LTHH0,2020-07-08,HH,LT,0,B,0,L,0,27,159,43,41,15,1,0,2,3,0,0,0,1,0,1,4,1,3,0,1,6,6,1.333333333,3.0,3.428571429
20200708LTHH0,2020-07-08,LT,HH,0,T,0,W,0,27,140,35,32,6,2,0,0,0,0,0,0,2,0,1,10,1,0,0,0,2,2,0.75,1.0,1.125
20200708NCSK0,2020-07-08,SK,NC,0,B,0,W,3,27,149,35,34,7,0,0,0,0,0,0,0,1,0,0,6,1,1,0,0,2,2,1.2,0.947368421,0.666666667
20200708NCSK0,2020-07-08,NC,SK,0,T,0,L,0,24,124,34,30,7,0,0,2,0,0,1,0,2,0,1,5,1,0,0,0,3,3,0.0,1.235294118,0.9
20200708SSWO0,2020-07-08,WO,SS,0,B,0,W,1,27,160,39,34,9,2,0,2,0,1,0,0,5,0,0,4,1,0,0,0,6,6,3.0,1.411764706,2.571428571
20200708SSWO0,2020-07-08,SS,WO,0,T,0,L,0,24,147,39,32,10,0,0,2,1,1,0,0,6,0,1,4,0,0,0,0,7,7,4.5,1.2,2.571428571
20200709KTHT0,2020-07-09,HT,KT,0,B,0,W,1,27,198,44,37,10,1,0,0,0,0,0,0,7,0,0,9,1,2,0,0,4,3,2.0,1.875,3.857142857
20200709KTHT0,2020-07-09,KT,HT,0,T,0,L,0,24,155,42,32,10,3,0,2,0,0,2,0,8,2,0,6,0,0,0,0,10,10,3.0,2.454545455,2.625
20200709LGOB0,2020-07-09,OB,LG,0,B,0,W,1,27,126,29,29,2,0,0,0,1,0,0,0,0,0,0,12,0,0,0,0,0,0,0.0,0.333333333,0.0
20200709LGOB0,2020-07-09,LG,OB,0,T,0,L,0,24,126,38,33,12,1,0,2,0,1,0,2,2,0,1,3,1,0,0,0,6,6,0.666666667,1.6875,2.0
20200709LTHH0,2020-07-09,HH,LT,0,B,0,L,0,27,134,34,29,5,0,0,2,1,0,1,1,2,0,1,7,1,0,0,0,5,5,1.0,0.84,1.875
20200709LTHH0,2020-07-09,LT,HH,0,T,0,W,2,27,155,38,35,8,2,0,0,0,0,0,0,3,0,0,5,1,2,0,0,3,1,1.285714286,0.875,2.5
20200709NCSK0,2020-07-09,SK,NC,0,B,0,L,0,27,172,46,40,13,1,0,2,3,0,0,0,5,1,1,7,1,1,0,0,8,8,2.1,2.0526315790000003,0.75
20200709NCSK0,2020-07-09,NC,SK,0,T,0,W,0,27,132,33,29,4,0,0,1,1,1,0,0,4,0,0,7,1,0,0,0,2,2,1.5,1.166666667,1.0
20200709SSWO0,2020-07-09,WO,SS,0,B,0,W,1,27,148,35,34,10,1,0,0,0,1,0,0,1,0,0,6,2,0,0,0,2,2,1.2,1.222222222,1.875
20200709SSWO0,2020-07-09,SS,WO,0,T,0,L,0,24,140,38,29,7,1,2,0,2,0,1,1,7,1,0,2,0,1,0,0,4,4,1.636363636,1.75,1.5
20200710NCLG0,2020-07-10,LG,NC,0,B,0,L,0,27,163,44,39,15,4,0,1,1,1,1,1,3,0,0,4,0,0,0,0,12,12,3.0,1.909090909,4.5
20200710NCLG0,2020-07-10,NC,LG,0,T,0,W,0,27,141,35,30,5,1,0,0,0,0,1,0,3,0,1,5,0,1,0,0,2,2,2.4,2.0,1.0
20200710OBLT0,2020-07-10,LT,OB,0,B,0,L,0,27,199,44,39,12,1,1,2,0,0,0,0,5,0,0,7,1,3,0,0,10,7,3.0,0.0,2.0
20200710OBLT0,2020-07-10,OB,LT,0,T,0,W,0,27,128,35,32,7,1,0,2,1,0,0,1,2,0,0,6,1,0,0,0,5,5,2.25,0.0,1.0
20200710SKHH0,2020-07-10,HH,SK,0,B,0,W,2,27,150,42,37,11,2,0,0,0,0,0,0,4,0,1,6,1,0,0,1,5,5,1.090909091,1.05,2.0
20200710SKHH0,2020-07-10,SK,HH,0,T,0,L,0,24,158,38,29,5,1,0,1,1,0,0,1,8,0,0,4,0,1,0,0,6,3,3.0,1.894736842,3.0
20200710SSKT0,2020-07-10,KT,SS,0,B,0,W,0,27,173,40,35,9,1,1,0,0,0,0,0,4,0,1,7,1,0,0,0,3,3,0.857142857,2.0,1.5
20200710SSKT0,2020-07-10,SS,KT,0,T,0,L,0,24,157,38,34,13,3,0,2,0,2,0,0,4,0,0,8,1,0,0,0,8,7,1.333333333,4.5,1.875
20200710WOHT0,2020-07-10,HT,WO,0,B,0,W,2,33,181,49,43,14,3,1,2,0,1,1,1,4,0,0,12,0,1,0,1,8,7,2.142857143,1.384615385,1.5
20200710WOHT0,2020-07-10,WO,HT,0,T,0,L,0,31,178,51,45,15,1,0,3,0,0,0,0,4,0,2,4,0,0,0,0,9,9,2.0,2.0,2.1
20200711NCLG0,2020-07-11,LG,NC,0,B,0,D,1,36,183,50,45,9,1,0,2,1,1,0,0,4,0,1,9,0,0,0,0,6,5,2.4,0.964285714,0.857142857
20200711NCLG0,2020-07-11,NC,LG,0,T,0,D,0,36,201,53,46,13,3,0,2,0,1,2,0,4,0,1,14,0,0,0,0,6,6,1.846153846,1.111111111,1.25
20200711OBLT0,2020-07-11,LT,OB,0,B,0,W,2,27,154,39,36,8,1,0,1,0,0,0,0,3,0,0,7,1,1,0,0,4,0,1.125,1.125,0.9
20200711OBLT0,2020-07-11,OB,LT,0,T,0,L,0,24,129,35,33,9,1,0,0,0,1,0,0,2,1,0,3,1,0,0,0,5,4,3.0,2.0,1.125
20200711SKHH0,2020-07-11,HH,SK,0,B,0,L,0,27,158,41,31,8,1,0,3,0,3,3,0,6,1,1,6,0,1,0,0,5,4,0.9,1.5555555559999998,2.0
20200711SKHH0,2020-07-11,SK,HH,0,T,0,W,2,27,162,39,30,6,1,0,1,3,2,0,0,8,0,1,8,1,1,0,0,3,3,0.857142857,1.5555555559999998,0.818181818
20200711SSKT0,2020-07-11,KT,SS,0,B,0,W,0,27,119,39,36,10,2,0,1,2,0,0,0,2,0,1,4,2,0,0,0,7,6,3.75,1.125,1.2
20200711SSKT0,2020-07-11,SS,KT,0,T,0,L,0,24,162,40,35,13,2,0,1,0,0,0,0,5,0,0,5,1,1,0,0,10,10,3.428571429,6.0,3.428571429
20200711WOHT0,2020-07-11,HT,WO,0,B,0,W,0,27,135,38,37,11,1,0,1,1,0,0,0,1,0,0,9,1,0,0,0,3,3,0.857142857,0.75,1.875
20200711WOHT0,2020-07-11,WO,HT,0,T,0,L,0,24,191,41,35,11,1,0,3,2,0,0,0,6,0,0,6,0,0,0,0,8,8,1.8,9.0,0.75
20200713SKHH0,2020-07-13,HH,SK,0,B,0,W,2,27,156,36,31,3,1,0,0,0,0,0,0,5,1,0,9,0,0,0,0,2,1,2.25,0.8888888890000001,1.0
20200713SKHH0,2020-07-13,SK,HH,0,T,0,L,0,24,122,34,31,9,2,0,1,0,1,0,0,3,0,0,4,1,1,0,0,4,4,1.285714286,1.5,1.875
20200713WOHT0,2020-07-13,HT,WO,0,B,0,W,0,27,133,31,31,4,0,0,2,0,0,0,0,0,0,0,12,0,0,0,0,3,3,0.0,1.0,0.3
20200713WOHT0,2020-07-13,WO,HT,0,T,0,L,0,24,200,43,39,16,5,1,3,0,0,0,0,4,0,0,4,2,0,0,0,13,13,4.285714286,7.5,3.857142857
20200714HHKT0,2020-07-14,KT,HH,0,B,0,W,0,27,124,33,31,8,2,0,1,0,0,0,0,2,0,0,6,3,0,0,0,2,2,0.75,1.0,1.0
20200714HHKT0,2020-07-14,HH,KT,0,T,0,L,0,24,147,37,33,10,2,0,2,0,0,0,1,2,0,1,8,0,1,0,0,7,6,1.0,2.25,1.125
20200714HTSS0,2020-07-14,SS,HT,0,B,0,W,0,27,132,33,32,8,1,0,0,0,0,0,0,1,0,0,5,2,0,0,0,0,0,0.0,1.4,1.0
20200714HTSS0,2020-07-14,HT,SS,0,T,0,L,0,24,145,35,27,9,1,0,2,0,0,1,1,5,0,1,4,3,0,0,0,5,5,0.375,2.0,2.5
20200714LGLT0,2020-07-14,LT,LG,0,B,0,W,0,27,113,29,28,2,1,0,0,0,0,0,0,1,0,0,5,1,1,0,0,0,0,0.0,0.375,0.75
20200714LGLT0,2020-07-14,LG,LT,0,T,0,L,0,24,126,38,31,10,2,0,0,0,1,1,1,5,0,0,6,1,1,0,0,5,4,1.333333333,1.714285714,1.714285714
20200714NCWO0,2020-07-14,WO,NC,0,B,0,W,0,27,132,32,30,3,0,0,1,0,0,0,0,1,0,0,8,0,0,0,0,1,1,0.0,1.0,0.666666667
20200714NCWO0,2020-07-14,NC,WO,0,T,0,L,0,24,130,36,31,10,2,0,2,0,0,0,0,4,0,1,4,3,0,1,0,5,5,1.2,2.666666667,2.142857143
20200714SKOB0,2020-07-14,OB,SK,0,B,0,L,0,27,167,46,40,14,0,0,1,1,0,0,1,3,0,2,5,0,0,0,1,12,11,2.7,2.0,1.875
20200714SKOB0,2020-07-14,SK,OB,0,T,0,W,0,27,149,39,38,12,0,2,1,2,0,0,0,0,0,1,6,0,2,0,0,7,7,3.0,0.833333333,1.2
20200715HHKT0,2020-07-15,KT,HH,0,B,0,L,0,27,159,43,38,11,1,0,0,0,0,0,0,5,0,0,7,0,2,0,0,7,7,1.666666667,3.857142857,2.625
20200715HHKT0,2020-07-15,HH,KT,0,T,0,W,0,27,178,41,36,10,1,0,0,0,0,0,1,4,0,0,15,0,1,0,0,3,3,1.5,1.5,1.5
20200715HTSS0,2020-07-15,SS,HT,0,B,0,L,1,27,171,40,35,10,0,0,1,0,0,2,0,2,0,1,6,0,0,0,1,5,4,1.5,1.384615385,1.333333333
20200715HTSS0,2020-07-15,HT,SS,0,T,0,W,0,27,145,34,30,6,0,0,1,0,0,0,1,3,0,0,13,2,0,0,0,2,2,1.0,1.125,0.9
20200715LGLT0,2020-07-15,LT,LG,0,B,0,L,0,27,157,44,40,14,3,1,1,0,0,1,0,3,0,0,8,0,0,0,0,9,9,2.4,2.25,1.5
20200715LGLT0,2020-07-15,LG,LT,0,T,0,W,0,27,139,39,37,12,0,0,3,1,1,0,0,2,0,0,7,0,0,0,0,3,3,0.0,1.5,2.571428571
20200715NCWO0,2020-07-15,WO,NC,0,B,0,W,1,27,127,37,34,11,1,1,1,0,0,0,0,2,0,1,3,3,0,0,0,4,4,2.25,1.333333333,1.666666667
20200715NCWO0,2020-07-15,NC,WO,0,T,0,L,1,24,169,39,32,10,2,0,1,2,0,0,0,6,0,1,7,1,1,0,0,7,7,1.666666667,1.833333333,1.875
20200715SKOB0,2020-07-15,OB,SK,0,B,0,W,0,27,155,37,35,10,0,0,0,1,0,0,1,1,0,0,10,0,0,0,0,2,2,1.5,1.4,1.333333333
20200715SKOB0,2020-07-15,SK,OB,0,T,0,L,0,24,158,40,36,14,4,0,1,2,0,0,1,3,0,0,2,1,1,0,0,7,7,1.5,2.357142857,4.0
20200716HHKT0,2020-07-16,KT,HH,0,B,0,W,1,27,122,32,32,6,0,0,0,0,1,0,0,0,0,0,8,0,0,0,0,1,1,0.0,0.3,0.25
20200716HHKT0,2020-07-16,HH,KT,0,T,0,L,0,24,130,34,29,7,2,0,1,3,0,1,0,4,1,0,5,0,0,0,0,4,4,1.333333333,2.625,2.571428571
20200716HTSS0,2020-07-16,SS,HT,0,B,0,W,1,27,163,40,32,8,2,0,1,0,0,1,0,5,0,2,8,1,0,0,0,7,7,2.142857143,1.421052632,1.5
20200716HTSS0,2020-07-16,HT,SS,0,T,0,L,0,26,170,44,38,14,1,0,2,2,2,1,0,5,0,0,5,0,0,0,0,8,8,2.1,2.8125,1.8
20200716LGLT0,2020-07-16,LT,LG,0,B,0,W,2,27,183,45,38,16,1,0,1,1,0,0,1,5,1,1,4,3,0,0,0,10,10,6.75,2.5,3.0
20200716LGLT0,2020-07-16,LG,LT,0,T,0,L,0,24,142,42,40,15,3,0,2,0,0,0,0,1,0,1,7,1,1,0,0,15,8,4.5,2.7,4.0
20200716NCWO0,2020-07-16,WO,NC,0,B,0,L,0,27,188,46,40,14,2,1,1,0,0,0,0,4,0,2,10,1,1,0,0,9,9,1.8,3.5,1.875
20200716NCWO0,2020-07-16,NC,WO,0,T,0,W,0,27,136,36,35,7,1,0,0,0,0,0,0,1,0,0,9,0,2,0,0,1,1,1.5,2.0,0.0
20200716SKOB0,2020-07-16,OB,SK,0,B,0,W,2,27,130,37,34,7,0,0,1,5,0,0,0,3,0,0,6,2,0,0,0,2,1,0.0,1.2,0.9
20200716SKOB0,2020-07-16,SK,OB,0,T,0,L,0,24,141,35,32,10,3,0,0,3,1,0,1,2,0,0,6,0,0,0,0,4,4,0.818181818,1.909090909,1.0
20200717HHLG0,2020-07-17,LG,HH,0,B,0,W,0,27,145,32,29,3,1,0,0,0,0,0,0,3,0,0,9,1,0,0,0,0,0,0.0,0.333333333,0.6
20200717HHLG0,2020-07-17,HH,LG,0,T,0,L,0,24,165,40,32,10,2,0,3,0,1,0,0,6,0,2,10,0,1,0,0,8,8,1.714285714,2.142857143,2.25
20200717KTNC0,2020-07-17,NC,KT,0,B,0,D,0,36,199,47,44,9,2,0,0,1,1,0,0,3,0,0,9,0,0,0,0,3,3,1.5,1.0,1.090909091
20200717KTNC0,2020-07-17,KT,NC,0,T,0,D,0,36,201,47,41,8,1,0,0,2,0,0,1,5,0,0,10,2,0,0,0,3,3,1.285714286,1.083333333,1.0
20200717LTSS0,2020-07-17,SS,LT,0,B,0,W,0,27,165,42,38,13,3,0,1,1,0,1,0,3,0,0,5,1,0,0,1,10,7,3.0,1.0,2.0
20200717LTSS0,2020-07-17,LT,SS,0,T,0,L,0,24,193,47,39,17,4,0,2,3,0,1,1,6,0,0,5,0,1,0,0,15,15,2.25,3.0,1.5
20200717OBHT0,2020-07-17,HT,OB,0,B,0,W,0,27,119,33,31,7,0,0,0,1,0,0,0,2,0,0,2,2,1,0,0,2,2,0.75,0.75,0.75
20200717OBHT0,2020-07-17,OB,HT,0,T,0,L,0,24,141,36,30,9,3,0,1,0,0,2,0,4,1,0,5,0,0,0,0,4,3,1.125,2.25,2.142857143
20200717WOSK0,2020-07-17,SK,WO,0,B,0,W,0,27,204,47,38,13,2,0,2,4,0,0,0,8,0,1,10,0,1,0,0,9,9,2.454545455,3.166666667,2.333333333
20200717WOSK0,2020-07-17,WO,SK,0,T,0,L,4,24,165,43,35,13,2,0,2,0,1,0,1,7,0,0,7,0,1,0,0,12,11,3.0,2.0526315790000003,3.428571429
20200718HHLG0,2020-07-18,LG,HH,0,B,0,W,1,27,149,37,32,8,1,0,0,0,1,0,0,5,0,0,2,3,1,0,0,1,1,0.9,1.2,0.818181818
20200718HHLG0,2020-07-18,HH,LG,0,T,0,L,0,24,130,32,27,5,0,0,1,1,0,1,0,4,0,0,8,0,0,0,0,3,2,0.857142857,1.173913043,1.5
20200718KTNC0,2020-07-18,NC,KT,0,B,0,W,0,27,110,31,29,3,0,0,1,0,2,0,0,2,0,0,10,1,0,0,0,1,1,0.0,0.666666667,0.3
20200718KTNC0,2020-07-18,KT,NC,0,T,0,L,0,24,165,40,33,11,2,0,1,2,0,0,0,7,0,0,3,2,1,0,0,6,6,2.0,2.25,2.25
20200718LTSS0,2020-07-18,SS,LT,0,B,0,W,3,27,143,37,32,7,1,0,0,1,0,0,0,5,0,0,4,2,1,0,0,2,2,1.875,1.571428571,2.142857143
20200718LTSS0,2020-07-18,LT,SS,0,T,0,L,0,24,166,40,33,11,0,0,2,2,1,1,1,4,0,1,5,0,1,0,0,5,5,1.333333333,2.166666667,1.666666667
20200718OBHT0,2020-07-18,HT,OB,0,B,0,L,0,27,173,44,32,12,2,0,0,0,1,2,2,6,0,2,1,2,0,0,0,6,6,1.636363636,1.5,3.857142857
20200718OBHT0,2020-07-18,OB,HT,0,T,0,W,0,27,158,38,33,9,1,0,0,0,1,0,0,5,0,0,7,2,0,0,0,0,0,0.3,1.75,1.666666667
20200718WOSK0,2020-07-18,SK,WO,0,B,0,L,0,27,139,36,32,7,1,0,2,3,1,0,0,4,0,0,6,0,0,0,0,4,4,1.2,1.434782609,1.5
20200718WOSK0,2020-07-18,WO,SK,0,T,0,W,2,27,141,34,32,5,0,0,1,0,0,0,0,2,0,0,8,0,0,0,0,1,1,0.0,0.7142857140000001,0.272727273
20200719HHLG0,2020-07-19,LG,HH,0,B,0,W,0,27,129,37,34,8,2,0,0,0,1,0,1,1,1,1,14,0,1,0,0,2,2,0.857142857,1.125,2.142857143
20200719HHLG0,2020-07-19,HH,LG,0,T,0,L,0,24,115,34,32,7,1,1,1,0,0,0,0,1,0,1,4,0,1,0,0,6,5,12.0,0.681818182,1.0
20200719KTNC0,2020-07-19,NC,KT,0,B,0,W,0,27,144,33,32,5,0,0,1,0,0,0,0,1,0,0,9,0,0,0,0,2,2,0.0,0.5,1.0
20200719KTNC0,2020-07-19,KT,NC,0,T,0,L,0,24,166,40,36,12,1,1,1,0,0,0,0,4,0,0,8,1,1,0,0,8,8,6.0,5.0,1.666666667
20200719LTSS0,2020-07-19,SS,LT,0,B,0,L,0,27,130,31,29,6,1,0,1,0,0,1,0,1,0,0,7,3,0,0,0,2,2,0.0,0.7777777779999999,2.142857143
20200719LTSS0,2020-07-19,LT,SS,0,T,0,W,2,27,155,34,31,7,0,0,1,2,1,0,0,3,0,0,9,1,0,0,0,1,1,0.6,1.111111111,1.5
20200719OBHT0,2020-07-19,HT,OB,0,B,0,L,0,27,137,41,37,11,3,0,1,2,1,0,0,2,1,2,4,0,0,0,0,8,8,2.142857143,1.8,0.75
20200719OBHT0,2020-07-19,OB,HT,0,T,0,W,1,27,177,38,32,8,0,1,0,0,0,0,0,6,0,0,5,1,0,0,0,4,4,3.0,1.0,1.875
20200719WOSK0,2020-07-19,SK,WO,0,B,0,W,0,27,134,37,33,7,0,0,1,1,0,0,0,3,0,1,4,1,0,0,0,3,3,1.5,1.105263158,2.142857143
20200719WOSK0,2020-07-19,WO,SK,0,T,0,L,2,24,173,37,30,6,0,0,0,0,0,0,0,7,0,0,10,0,2,0,0,4,4,1.8,1.3125,1.333333333
